SNo,Name,Symbol,Date,High,Low,Open,Close,Volume,Marketcap,Year,Month,Month_Name,Day,Price_Range,Price_Change,Daily_Return_Percentage,Market_Direction
1,Bitcoin,BTC,2013-04-29 23:59:59,147.48800659179688,134.0,134.44400024414062,144.5399932861328,0.0,1603768864.5,2013,4,April,29,13.488006591796875,10.095993041992188,7.50944112318779,Increased
2,Bitcoin,BTC,2013-04-30 23:59:59,146.92999267578125,134.0500030517578,144.0,139.0,0.0,1542813125.0,2013,4,April,30,12.879989624023438,-5.0,-3.4722222222222223,Decreased
3,Bitcoin,BTC,2013-05-01 23:59:59,139.88999938964844,107.72000122070312,139.0,116.98999786376952,0.0,1298954593.75,2013,5,May,1,32.16999816894531,-22.010002136230483,-15.834533910957182,Decreased
4,Bitcoin,BTC,2013-05-02 23:59:59,125.5999984741211,92.28189849853516,116.37999725341795,105.20999908447266,0.0,1168517495.25,2013,5,May,2,33.31809997558594,-11.169998168945298,-9.597867702834344,Decreased
5,Bitcoin,BTC,2013-05-03 23:59:59,108.12799835205078,79.0999984741211,106.25,97.75,0.0,1085995168.75,2013,5,May,3,29.027999877929688,-8.5,-8.0,Decreased
6,Bitcoin,BTC,2013-05-04 23:59:59,115.0,92.5,98.0999984741211,112.5,0.0,1250316562.5,2013,5,May,4,22.5,14.400001525878906,14.678900866321262,Increased
7,Bitcoin,BTC,2013-05-05 23:59:59,118.8000030517578,107.14299774169922,112.9000015258789,115.91000366210938,0.0,1288693175.5,2013,5,May,5,11.65700531005858,3.0100021362304688,2.6660780297159845,Increased
8,Bitcoin,BTC,2013-05-06 23:59:59,124.66300201416016,106.63999938964844,115.9800033569336,112.3000030517578,0.0,1249023060.0,2013,5,May,6,18.02300262451172,-3.6800003051757955,-3.172961026609416,Decreased
9,Bitcoin,BTC,2013-05-07 23:59:59,113.44400024414062,97.6999969482422,112.25,111.5,0.0,1240593600.0,2013,5,May,7,15.744003295898423,-0.75,-0.6681514476614699,Decreased
10,Bitcoin,BTC,2013-05-08 23:59:59,115.77999877929688,109.5999984741211,109.5999984741211,113.56600189208984,0.0,1264049202.15,2013,5,May,8,6.180000305175781,3.96600341796875,3.618616307650048,Increased
11,Bitcoin,BTC,2013-05-09 23:59:59,113.45999908447266,109.26000213623048,113.1999969482422,112.66999816894533,0.0,1254535382.0,2013,5,May,9,4.199996948242173,-0.529998779296875,-0.46819681412111996,Decreased
12,Bitcoin,BTC,2013-05-10 23:59:59,122.0,111.5510025024414,112.79900360107422,117.1999969482422,0.0,1305479080.0,2013,5,May,10,10.448997497558594,4.400993347167983,3.9016243110910525,Increased
13,Bitcoin,BTC,2013-05-11 23:59:59,118.6790008544922,113.01000213623048,117.6999969482422,115.24299621582033,0.0,1284207489.42,2013,5,May,11,5.668998718261719,-2.457000732421875,-2.087511296625033,Decreased
14,Bitcoin,BTC,2013-05-12 23:59:59,117.4489974975586,113.43499755859376,115.63999938964844,115.0,0.0,1281982625.0,2013,5,May,12,4.0139999389648295,-0.6399993896484375,-0.5534411907872487,Decreased
15,Bitcoin,BTC,2013-05-13 23:59:59,118.6989974975586,114.5,114.81999969482422,117.9800033569336,0.0,1315710010.5,2013,5,May,13,4.198997497558594,3.160003662109375,2.7521369713536235,Increased
16,Bitcoin,BTC,2013-05-14 23:59:59,119.8000030517578,110.25,117.9800033569336,111.5,0.0,1243874487.5,2013,5,May,14,9.550003051757798,-6.480003356933594,-5.492459037595687,Decreased
17,Bitcoin,BTC,2013-05-15 23:59:59,115.80999755859376,103.5,111.4000015258789,114.22000122070312,0.0,1274623812.5,2013,5,May,15,12.309997558593764,2.8199996948242188,2.5314180037682634,Increased
18,Bitcoin,BTC,2013-05-16 23:59:59,118.76000213623048,112.1999969482422,114.22000122070312,118.76000213623048,0.0,1325726787.0,2013,5,May,16,6.560005187988281,4.540000915527358,3.9747862607310607,Increased
19,Bitcoin,BTC,2013-05-17 23:59:59,125.3000030517578,116.5709991455078,118.20999908447266,123.01499938964844,0.0,1373723881.88,2013,5,May,17,8.72900390625,4.805000305175781,4.064800221969493,Increased
20,Bitcoin,BTC,2013-05-18 23:59:59,125.25,122.3000030517578,123.5,123.4980010986328,0.0,1379574545.85,2013,5,May,18,2.9499969482422017,-0.001998901367201711,-0.0016185436171673772,Decreased
21,Bitcoin,BTC,2013-05-19 23:59:59,124.5,119.5709991455078,123.21099853515624,121.98999786376952,0.0,1363204702.75,2013,5,May,19,4.929000854492202,-1.2210006713867188,-0.9909835046408834,Decreased
22,Bitcoin,BTC,2013-05-20 23:59:59,123.62100219726562,120.12000274658205,122.5,122.0,0.0,1363709900.0,2013,5,May,20,3.5009994506835795,-0.5,-0.40816326530612246,Decreased
23,Bitcoin,BTC,2013-05-21 23:59:59,123.0,121.20999908447266,122.0199966430664,122.87999725341795,0.0,1374013440.0,2013,5,May,21,1.7900009155273438,0.8600006103515483,0.7048030109910812,Increased
24,Bitcoin,BTC,2013-05-22 23:59:59,124.0009994506836,122.0,122.88999938964844,123.88899993896484,0.0,1385778992.85,2013,5,May,22,2.0009994506835938,0.9990005493164062,0.8129225765140304,Increased
25,Bitcoin,BTC,2013-05-23 23:59:59,126.93399810791016,123.0999984741211,123.8000030517578,126.6999969482422,0.0,1417769832.5,2013,5,May,23,3.8339996337890625,2.8999938964844034,2.342482895797657,Increased
26,Bitcoin,BTC,2013-05-24 23:59:59,133.85000610351562,125.71900177001952,126.3000030517578,133.1999969482422,0.0,1491070770.0,2013,5,May,24,8.131004333496108,6.899993896484389,5.463177933302795,Increased
27,Bitcoin,BTC,2013-05-25 23:59:59,133.218994140625,128.89999389648438,133.10000610351562,131.97999572753906,0.0,1477958233.0,2013,5,May,25,4.319000244140625,-1.1200103759765625,-0.8414803340470915,Decreased
28,Bitcoin,BTC,2013-05-26 23:59:59,136.0,130.61500549316406,131.98599243164062,133.47999572753906,0.0,1495293015.0,2013,5,May,26,5.3849945068359375,1.4940032958984375,1.1319407979390124,Increased
29,Bitcoin,BTC,2013-05-27 23:59:59,135.46499633789062,124.6999969482422,133.5,129.7449951171875,0.0,1454029509.62,2013,5,May,27,10.764999389648423,-3.7550048828125,-2.812737739934457,Decreased
30,Bitcoin,BTC,2013-05-28 23:59:59,130.5800018310547,125.5999984741211,129.77000427246094,129.0,0.0,1446189975.0,2013,5,May,28,4.980003356933594,-0.7700042724609375,-0.5933607514139102,Decreased
31,Bitcoin,BTC,2013-05-29 23:59:59,132.58999633789062,127.66200256347656,129.0,132.3000030517578,0.0,1483734577.5,2013,5,May,29,4.9279937744140625,3.3000030517578125,2.5581419005874517,Increased
32,Bitcoin,BTC,2013-05-30 23:59:59,132.25,127.0,132.25,128.7989959716797,0.0,1445053940.55,2013,5,May,30,5.25,-3.4510040283203125,-2.609454841830104,Decreased
33,Bitcoin,BTC,2013-05-31 23:59:59,129.89999389648438,126.4000015258789,128.7989959716797,129.0,0.0,1447870200.0,2013,5,May,31,3.4999923706054688,0.2010040283203125,0.1560602447277689,Increased
34,Bitcoin,BTC,2013-06-01 23:59:59,129.77999877929688,127.1989974975586,128.81500244140625,129.3000030517578,0.0,1451916165.0,2013,6,June,1,2.5810012817382812,0.4850006103515625,0.37650941362375356,Increased
35,Bitcoin,BTC,2013-06-02 23:59:59,129.39999389648438,115.0500030517578,129.3000030517578,122.29199981689452,0.0,1373837499.9,2013,6,June,2,14.349990844726577,-7.0080032348632955,-5.4199559701928575,Decreased
36,Bitcoin,BTC,2013-06-03 23:59:59,122.5,116.0,122.5,122.22200012207033,0.0,1373708057.9,2013,6,June,3,6.5,-0.2779998779296733,-0.22693867586095778,Decreased
37,Bitcoin,BTC,2013-06-04 23:59:59,123.83999633789062,119.0999984741211,120.73699951171876,121.41999816894533,0.0,1365337545.0,2013,6,June,4,4.739997863769531,0.6829986572265625,0.565691262818131,Increased
38,Bitcoin,BTC,2013-06-05 23:59:59,123.46900177001952,119.89900207519533,121.4000015258789,121.6500015258789,0.0,1368486468.75,2013,6,June,5,3.5699996948241903,0.25,0.20593080466041622,Increased
39,Bitcoin,BTC,2013-06-06 23:59:59,123.0999984741211,117.25,121.9000015258789,118.0,0.0,1327960200.0,2013,6,June,6,5.849998474121094,-3.9000015258789062,-3.199344936062983,Decreased
40,Bitcoin,BTC,2013-06-07 23:59:59,119.0,106.41999816894533,118.97000122070312,111.5,0.0,1255258637.5,2013,6,June,7,12.580001831054673,-7.470001220703125,-6.278894800417298,Decreased
41,Bitcoin,BTC,2013-06-08 23:59:59,111.41500091552734,107.3000030517578,111.0,108.3000030517578,0.0,1219717920.0,2013,6,June,8,4.1149978637695455,-2.6999969482422017,-2.4324296831010823,Decreased
42,Bitcoin,BTC,2013-06-09 23:59:59,108.98999786376952,88.5,107.89199829101562,100.0,0.0,1126642500.0,2013,6,June,9,20.489997863769517,-7.891998291015625,-7.3147206614235145,Decreased
43,Bitcoin,BTC,2013-06-10 23:59:59,110.10099792480467,95.0019989013672,100.43699645996094,106.3499984741211,0.0,1198638945.0,2013,6,June,10,15.098999023437472,5.913002014160156,5.887274831558076,Increased
44,Bitcoin,BTC,2013-06-11 23:59:59,109.5999984741211,104.0,106.3499984741211,108.9000015258789,0.0,1227874725.0,2013,6,June,11,5.599998474121094,2.5500030517578125,2.397746204367199,Increased
45,Bitcoin,BTC,2013-06-12 23:59:59,111.78700256347656,106.73400115966795,109.0,108.1500015258789,0.0,1219969852.5,2013,6,June,12,5.053001403808608,-0.8499984741210938,-0.7798151138725631,Decreased
46,Bitcoin,BTC,2013-06-13 23:59:59,110.3000030517578,100.52999877929688,108.7760009765625,104.0,0.0,1173637400.0,2013,6,June,13,9.770004272460923,-4.7760009765625,-4.390675271829091,Decreased
47,Bitcoin,BTC,2013-06-14 23:59:59,104.6999969482422,98.0,103.9489974975586,99.97889709472656,0.0,1128709292.08,2013,6,June,14,6.699996948242202,-3.9701004028320312,-3.819277240192023,Decreased
48,Bitcoin,BTC,2013-06-15 23:59:59,103.6999969482422,98.0,100.0,99.98809814453124,0.0,1129245603.78,2013,6,June,15,5.699996948242202,-0.01190185546876421,-0.01190185546876421,Decreased
49,Bitcoin,BTC,2013-06-16 23:59:59,101.5999984741211,98.94660186767578,99.8000030517578,99.51000213623048,0.0,1124306271.75,2013,6,June,16,2.6533966064453125,-0.29000091552731533,-0.2905820708010564,Decreased
50,Bitcoin,BTC,2013-06-17 23:59:59,102.20999908447266,99.0,99.9000015258789,101.6999969482422,0.0,1149418485.0,2013,6,June,17,3.2099990844726562,1.7999954223632955,1.8017971920621143,Increased
51,Bitcoin,BTC,2013-06-18 23:59:59,111.11100006103516,101.03299713134766,101.9499969482422,107.4000015258789,0.0,1214216070.0,2013,6,June,18,10.0780029296875,5.4500045776367045,5.3457623744741785,Increased
52,Bitcoin,BTC,2013-06-19 23:59:59,110.2249984741211,105.75499725341795,107.0500030517578,108.25,0.0,1224193837.5,2013,6,June,19,4.470001220703139,1.1999969482422017,1.120968625906543,Increased
53,Bitcoin,BTC,2013-06-20 23:59:59,114.3000030517578,107.5,108.2509994506836,110.1500015258789,0.0,1246104920.0,2013,6,June,20,6.800003051757798,1.8990020751953125,1.7542582376437545,Increased
54,Bitcoin,BTC,2013-06-21 23:59:59,114.98999786376952,107.68499755859376,111.29000091552734,109.5,0.0,1239214237.5,2013,6,June,21,7.305000305175753,-1.7900009155273438,-1.6084112685792962,Decreased
55,Bitcoin,BTC,2013-06-22 23:59:59,109.95600128173828,107.51399993896484,109.5,108.3000030517578,0.0,1226110327.5,2013,6,June,22,2.4420013427734375,-1.1999969482422017,-1.0958876239654811,Decreased
56,Bitcoin,BTC,2013-06-23 23:59:59,108.8000030517578,106.23400115966795,108.1999969482422,107.5999984741211,0.0,1218626490.0,2013,6,June,23,2.5660018920898438,-0.599998474121108,-0.5545272560480007,Decreased
57,Bitcoin,BTC,2013-06-24 23:59:59,108.33399963378906,100.9800033569336,107.9000015258789,102.73699951171876,0.0,1163935725.67,2013,6,June,24,7.353996276855469,-5.163002014160142,-4.7849878972632265,Decreased
58,Bitcoin,BTC,2013-06-25 23:59:59,106.47000122070312,101.01000213623048,102.08999633789062,103.9499969482422,0.0,1178086140.0,2013,6,June,25,5.459999084472642,1.8600006103515767,1.8219224968874241,Increased
59,Bitcoin,BTC,2013-06-26 23:59:59,105.48899841308594,102.79199981689452,103.3290023803711,104.0,0.0,1179105200.0,2013,6,June,26,2.6969985961914205,0.6709976196289062,0.6493797522198592,Increased
60,Bitcoin,BTC,2013-06-27 23:59:59,104.0,101.0999984741211,104.0,101.43699645996094,0.0,1150468022.9,2013,6,June,27,2.9000015258789062,-2.5630035400390625,-2.464426480806791,Decreased
61,Bitcoin,BTC,2013-06-28 23:59:59,101.73699951171876,92.33300018310548,101.73699951171876,94.64920043945312,0.0,1073887456.97,2013,6,June,28,9.403999328613281,-7.087799072265639,-6.966786032891817,Decreased
62,Bitcoin,BTC,2013-06-29 23:59:59,99.98999786376952,93.0,94.66000366210938,94.99400329589844,0.0,1078198523.95,2013,6,June,29,6.989997863769517,0.3339996337890625,0.35284134889882357,Increased
63,Bitcoin,BTC,2013-06-30 23:59:59,98.12229919433594,94.22229766845705,94.9990005493164,96.61399841308594,0.0,1096957771.35,2013,6,June,30,3.900001525878892,1.6149978637695312,1.7000156364078214,Increased
64,Bitcoin,BTC,2013-07-01 23:59:59,97.66490173339844,86.29720306396484,97.51000213623048,88.05000305175781,0.0,1000065296.25,2013,7,July,1,11.367698669433594,-9.45999908447267,-9.7015679183928,Decreased
65,Bitcoin,BTC,2013-07-02 23:59:59,92.3000030517578,87.51000213623047,88.05000305175781,90.13400268554688,0.0,1024082227.85,2013,7,July,2,4.7900009155273295,2.0839996337890625,2.366836526472395,Increased
66,Bitcoin,BTC,2013-07-03 23:59:59,90.981201171875,76.97920227050781,90.40499877929688,77.52999877929688,0.0,881233115.5,2013,7,July,3,14.001998901367188,-12.875,-14.24146913759865,Decreased
67,Bitcoin,BTC,2013-07-04 23:59:59,83.1050033569336,72.0,78.88999938964844,80.52580261230469,0.0,915618608.9,2013,7,July,4,11.105003356933594,1.63580322265625,2.0735241923083247,Increased
68,Bitcoin,BTC,2013-07-05 23:59:59,80.0,65.5260009765625,79.98999786376953,68.43099975585938,0.0,778411178.875,2013,7,July,5,14.4739990234375,-11.558998107910156,-14.450554340051633,Decreased
69,Bitcoin,BTC,2013-07-06 23:59:59,75.0,66.81999969482422,68.50499725341797,70.27729797363281,0.0,799741618.54,2013,7,July,6,8.180000305175781,1.7723007202148438,2.5871115849529023,Increased
70,Bitcoin,BTC,2013-07-07 23:59:59,74.56109619140625,66.62000274658203,68.7490005493164,74.56109619140625,0.0,848838978.923,2013,7,July,7,7.941093444824219,5.812095642089844,8.454080198475896,Increased
71,Bitcoin,BTC,2013-07-08 23:59:59,80.0,72.5999984741211,76.5,76.51599884033203,0.0,871457940.1,2013,7,July,8,7.400001525878906,0.01599884033203125,0.020913516773897058,Increased
72,Bitcoin,BTC,2013-07-09 23:59:59,78.30000305175781,72.5199966430664,76.0,76.69400024414062,0.0,873841849.25,2013,7,July,9,5.780006408691406,0.694000244140625,0.9131582159745065,Increased
73,Bitcoin,BTC,2013-07-10 23:59:59,87.0,76.19999694824219,76.72000122070312,86.76000213623047,0.0,988957719.0,2013,7,July,10,10.800003051757812,10.040000915527344,13.086549473122297,Increased
74,Bitcoin,BTC,2013-07-11 23:59:59,90.27999877929688,85.07990264892578,88.0,88.9800033569336,0.0,1014650062.5,2013,7,July,11,5.200096130371094,0.9800033569335938,1.1136401783336292,Increased
75,Bitcoin,BTC,2013-07-12 23:59:59,104.0,88.16600036621094,88.97899627685547,93.59490203857422,0.0,1067634684.43,2013,7,July,12,15.833999633789062,4.61590576171875,5.187635234001177,Increased
76,Bitcoin,BTC,2013-07-13 23:59:59,98.25,88.06220245361328,93.98989868164062,98.13390350341795,0.0,1119796119.51,2013,7,July,13,10.187797546386719,4.1440048217773295,4.408989561541886,Increased
77,Bitcoin,BTC,2013-07-14 23:59:59,98.6999969482422,92.86000061035156,98.6999969482422,94.69129943847656,0.0,1080917760.48,2013,7,July,14,5.839996337890639,-4.008697509765639,-4.061497095960176,Decreased
78,Bitcoin,BTC,2013-07-15 23:59:59,101.9000015258789,93.11000061035156,93.6050033569336,98.40019989013672,0.0,1123658943.86,2013,7,July,15,8.790000915527344,4.795196533203125,5.122799381693448,Increased
79,Bitcoin,BTC,2013-07-16 23:59:59,99.86229705810548,96.1416015625,98.89029693603516,97.45079803466795,0.0,1113217032.45,2013,7,July,16,3.720695495605483,-1.4394989013672017,-1.4556523197602567,Decreased
80,Bitcoin,BTC,2013-07-17 23:59:59,99.97000122070312,96.18000030517578,96.70999908447266,98.5,0.0,1125658000.0,2013,7,July,17,3.7900009155273438,1.7900009155273438,1.8508953908311416,Increased
81,Bitcoin,BTC,2013-07-18 23:59:59,98.8000030517578,86.19999694824219,98.5,90.58000183105467,0.0,1035512824.5,2013,7,July,18,12.60000610351561,-7.919998168945327,-8.040607278117083,Decreased
82,Bitcoin,BTC,2013-07-19 23:59:59,95.20010375976562,87.80000305175781,90.06890106201172,92.16999816894533,0.0,1054083771.0,2013,7,July,19,7.4001007080078125,2.101097106933608,2.3327664511938693,Increased
83,Bitcoin,BTC,2013-07-20 23:59:59,93.0999984741211,89.27110290527344,92.0,89.39009857177734,0.0,1022707664.6,2013,7,July,20,3.8288955688476562,-2.6099014282226562,-2.836849378502887,Decreased
84,Bitcoin,BTC,2013-07-21 23:59:59,91.9499969482422,88.0,89.82140350341797,90.7573013305664,0.0,1038798980.07,2013,7,July,21,3.9499969482422017,0.9358978271484375,1.04195413414223,Increased
85,Bitcoin,BTC,2013-07-22 23:59:59,91.9980010986328,90.07540130615234,91.9980010986328,91.61000061035156,0.0,1048939080.5,2013,7,July,22,1.9225997924804545,-0.3880004882812358,-0.42174882459158336,Decreased
86,Bitcoin,BTC,2013-07-23 23:59:59,96.81929779052734,91.5999984741211,91.5999984741211,95.55850219726562,0.0,1094484057.67,2013,7,July,23,5.21929931640625,3.9585037231445312,4.321510686774619,Increased
87,Bitcoin,BTC,2013-07-24 23:59:59,95.98999786376952,93.0,95.55850219726562,94.51000213623048,0.0,1082848325.0,2013,7,July,24,2.989997863769517,-1.048500061035142,-1.0972336703966719,Decreased
88,Bitcoin,BTC,2013-07-25 23:59:59,97.33000183105467,93.8656997680664,94.50499725341795,96.9000015258789,0.0,1110587857.5,2013,7,July,25,3.464302062988267,2.3950042724609517,2.53426204123225,Increased
89,Bitcoin,BTC,2013-07-26 23:59:59,97.46910095214844,96.0,96.9499969482422,96.02020263671876,0.0,1100902799.57,2013,7,July,26,1.4691009521484375,-0.9297943115234375,-0.9590452200012117,Decreased
90,Bitcoin,BTC,2013-07-27 23:59:59,96.99500274658205,93.0,96.02010345458984,94.11599731445312,0.0,1079491696.8,2013,7,July,27,3.9950027465820455,-1.9041061401367188,-1.9830286279968603,Decreased
91,Bitcoin,BTC,2013-07-28 23:59:59,100.5770034790039,94.0,94.4000015258789,99.75599670410156,0.0,1144602837.9,2013,7,July,28,6.577003479003906,5.355995178222656,5.673723614034433,Increased
92,Bitcoin,BTC,2013-07-29 23:59:59,102.5,98.45500183105467,98.5999984741211,101.1999969482422,0.0,1161619140.0,2013,7,July,29,4.044998168945327,2.599998474121108,2.6369153289627207,Increased
93,Bitcoin,BTC,2013-07-30 23:59:59,107.98999786376952,100.47000122070312,101.48899841308594,107.98999786376952,0.0,1240092366.0,2013,7,July,30,7.519996643066392,6.5009994506835795,6.405619872434709,Increased
94,Bitcoin,BTC,2013-07-31 23:59:59,111.34400177001952,103.87999725341795,107.9499969482422,106.08999633789062,0.0,1218777833.5,2013,7,July,31,7.4640045166015625,-1.8600006103515767,-1.7230205307401485,Decreased
95,Bitcoin,BTC,2013-08-01 23:59:59,108.0,103.01100158691406,106.21299743652344,104.0,0.0,1195225200.0,2013,8,August,1,4.9889984130859375,-2.2129974365234375,-2.08354673150619,Decreased
96,Bitcoin,BTC,2013-08-02 23:59:59,108.0,101.21099853515624,104.8560028076172,104.5009994506836,0.0,1201487184.88,2013,8,August,2,6.789001464843764,-0.35500335693360796,-0.33856274073783305,Decreased
97,Bitcoin,BTC,2013-08-03 23:59:59,105.77999877929688,102.0019989013672,104.5009994506836,104.00499725341795,0.0,1196226508.12,2013,8,August,3,3.7779998779296733,-0.4960021972656392,-0.47463871146965825,Decreased
98,Bitcoin,BTC,2013-08-04 23:59:59,105.9499969482422,103.52300262451172,104.9499969482422,105.1439971923828,0.0,1209797378.4,2013,8,August,4,2.426994323730483,0.19400024414059658,0.1848501665381381,Increased
99,Bitcoin,BTC,2013-08-05 23:59:59,107.7699966430664,105.0,105.12000274658205,106.22000122070312,0.0,1222677176.0,2013,8,August,5,2.7699966430664062,1.0999984741210795,1.046421656564165,Increased
100,Bitcoin,BTC,2013-08-06 23:59:59,107.38200378417967,105.55699920654295,106.72000122070312,106.75,0.0,1229098150.0,2013,8,August,6,1.8250045776367188,0.029998779296875,0.028109800368944705,Increased
101,Bitcoin,BTC,2013-08-07 23:59:59,106.75,106.75,106.75,106.75,0.0,1229098150.0,2013,8,August,7,0.0,0.0,0.0,Increased
102,Bitcoin,BTC,2013-08-08 23:59:59,106.75,101.26000213623048,106.75,103.0,0.0,1187105900.0,2013,8,August,8,5.489997863769517,-3.75,-3.51288056206089,Decreased
103,Bitcoin,BTC,2013-08-09 23:59:59,105.75,101.93499755859376,103.06999969482422,102.8000030517578,0.0,1185307130.0,2013,8,August,9,3.815002441406236,-0.26999664306642046,-0.2619546365245392,Decreased
104,Bitcoin,BTC,2013-08-10 23:59:59,103.9000015258789,102.41000366210938,102.8000030517578,103.0,0.0,1188153925.0,2013,8,August,10,1.4899978637695312,0.1999969482422017,0.19454955477142072,Increased
105,Bitcoin,BTC,2013-08-11 23:59:59,105.19000244140624,102.75499725341795,103.0,105.0,0.0,1211789250.0,2013,8,August,11,2.4350051879882812,2.0,1.9417475728155338,Increased
106,Bitcoin,BTC,2013-08-12 23:59:59,108.0,103.5,105.0,106.63600158691406,0.0,1231248580.9,2013,8,August,12,4.5,1.6360015869140625,1.5580967494419644,Increased
107,Bitcoin,BTC,2013-08-13 23:59:59,109.3499984741211,104.6500015258789,106.98999786376952,109.0,0.0,1259042650.0,2013,8,August,13,4.6999969482421875,2.010002136230483,1.8786822846653581,Increased
108,Bitcoin,BTC,2013-08-14 23:59:59,114.99500274658205,108.0009994506836,109.55500030517578,112.56199645996094,0.0,1300656724.05,2013,8,August,14,6.994003295898452,3.0069961547851562,2.7447365673943547,Increased
109,Bitcoin,BTC,2013-08-15 23:59:59,113.24500274658205,109.0,112.56199645996094,109.98999786376952,0.0,1271404657.25,2013,8,August,15,4.2450027465820455,-2.5719985961914205,-2.2849617784687193,Decreased
110,Bitcoin,BTC,2013-08-16 23:59:59,112.3000030517578,108.51699829101562,109.99500274658205,108.99400329589844,0.0,1260352119.0,2013,8,August,16,3.7830047607421733,-1.000999450683608,-0.9100408433915993,Decreased
111,Bitcoin,BTC,2013-08-17 23:59:59,113.75,108.2249984741211,108.99400329589844,113.5,0.0,1312996375.0,2013,8,August,17,5.525001525878906,4.5059967041015625,4.1341693743174295,Increased
112,Bitcoin,BTC,2013-08-18 23:59:59,114.68800354003906,112.0,112.75,113.5,0.0,1313544012.5,2013,8,August,18,2.6880035400390625,0.75,0.6651884700665188,Increased
113,Bitcoin,BTC,2013-08-19 23:59:59,123.06199645996094,111.77100372314452,113.37999725341795,119.0,0.0,1377725475.0,2013,8,August,19,11.29099273681642,5.6200027465820455,4.9567850438562475,Increased
114,Bitcoin,BTC,2013-08-20 23:59:59,123.01100158691406,117.50800323486328,119.0,121.20500183105467,0.0,1403829641.38,2013,8,August,20,5.502998352050781,2.2050018310546733,1.8529427151719944,Increased
115,Bitcoin,BTC,2013-08-21 23:59:59,124.91400146484376,119.68199920654295,121.20999908447266,123.3000030517578,0.0,1428698677.5,2013,8,August,21,5.23200225830081,2.090003967285142,1.7242834609944961,Increased
116,Bitcoin,BTC,2013-08-22 23:59:59,123.5,120.5999984741211,123.3000030517578,121.1500015258789,0.0,1404437432.5,2013,8,August,22,2.9000015258789062,-2.150001525878892,-1.7437157118125806,Decreased
117,Bitcoin,BTC,2013-08-23 23:59:59,122.0,118.44400024414062,122.0,118.5009994506836,0.0,1374309422.45,2013,8,August,23,3.555999755859375,-3.4990005493164062,-2.868033237144595,Decreased
118,Bitcoin,BTC,2013-08-24 23:59:59,121.38999938964844,118.0199966430664,118.51000213623048,120.04499816894533,0.0,1392768092.25,2013,8,August,24,3.3700027465820312,1.5349960327148438,1.2952459750615175,Increased
119,Bitcoin,BTC,2013-08-25 23:59:59,122.98699951171876,119.16999816894533,119.60299682617188,122.11100006103516,0.0,1417198896.58,2013,8,August,25,3.8170013427734375,2.5080032348632812,2.0969401281042757,Increased
120,Bitcoin,BTC,2013-08-26 23:59:59,122.75499725341795,119.93000030517578,122.11100006103516,120.05599975585938,0.0,1393847158.6,2013,8,August,26,2.8249969482421733,-2.0550003051757812,-1.682895319953668,Decreased
121,Bitcoin,BTC,2013-08-27 23:59:59,127.23999786376952,120.06999969482422,120.06999969482422,2295.6949462890625,0.0,1469193137.5,2013,8,August,27,7.169998168945298,2175.6249465942383,1811.9638145447761,Increased
122,Bitcoin,BTC,2013-08-28 23:59:59,127.31999969482422,122.62000274658205,126.4800033569336,122.62000274658205,0.0,1424675797.5,2013,8,August,28,4.699996948242173,-3.8600006103515483,-3.0518663092207645,Decreased
123,Bitcoin,BTC,2013-08-29 23:59:59,123.6999969482422,122.20999908447266,122.62000274658205,122.38999938964844,0.0,1422584866.25,2013,8,August,29,1.4899978637695455,-0.23000335693360796,-0.18757409213972567,Decreased
124,Bitcoin,BTC,2013-08-30 23:59:59,135.75,120.98999786376952,122.3499984741211,133.49000549316406,0.0,1552288465.0,2013,8,August,30,14.760002136230483,11.140007019042969,9.105032413546986,Increased
125,Bitcoin,BTC,2013-08-31 23:59:59,140.88999938964844,132.72000122070312,133.08999633789062,135.35000610351562,0.0,1574672051.25,2013,8,August,31,8.169998168945312,2.260009765625,1.6981064150661314,Increased
126,Bitcoin,BTC,2013-09-01 23:59:59,145.80999755859375,134.80999755859375,135.13999938964844,138.33999633789062,0.0,1610215347.0,2013,9,September,1,11.0,3.1999969482421875,2.3679125075438643,Increased
127,Bitcoin,BTC,2013-09-02 23:59:59,146.5,134.88999938964844,138.6300048828125,135.85000610351562,0.0,1581969853.75,2013,9,September,2,11.610000610351562,-2.779998779296875,-2.0053369987593084,Decreased
128,Bitcoin,BTC,2013-09-03 23:59:59,138.33999633789062,133.0,135.61000061035156,136.77000427246094,0.0,1593346565.25,2013,9,September,3,5.339996337890625,1.160003662109375,0.8553968415960822,Increased
129,Bitcoin,BTC,2013-09-04 23:59:59,144.5,123.61000061035156,136.52999877929688,126.73999786376952,0.0,1477012117.5,2013,9,September,4,20.889999389648438,-9.790000915527358,-7.170585954045943,Decreased
130,Bitcoin,BTC,2013-09-05 23:59:59,131.44000244140625,121.83000183105467,126.76000213623048,126.43000030517578,0.0,1473965190.5,2013,9,September,5,9.610000610351577,-0.3300018310547017,-0.26033593049331505,Decreased
131,Bitcoin,BTC,2013-09-06 23:59:59,127.33999633789062,119.1500015258789,126.48999786376952,119.1500015258789,0.0,1389646450.0,2013,9,September,6,8.189994812011719,-7.339996337890611,-5.802827466086157,Decreased
132,Bitcoin,BTC,2013-09-07 23:59:59,125.94000244140624,118.45999908447266,118.88999938964844,124.1500015258789,0.0,1448411493.75,2013,9,September,7,7.4800033569335795,5.260002136230469,4.424259536743213,Increased
133,Bitcoin,BTC,2013-09-08 23:59:59,124.72000122070312,120.48999786376952,124.12999725341795,121.66000366210938,0.0,1419836071.5,2013,9,September,8,4.230003356933608,-2.4699935913085795,-1.989844232628119,Decreased
134,Bitcoin,BTC,2013-09-09 23:59:59,129.05999755859375,119.75,121.86000061035156,127.11000061035156,0.0,1484085516.0,2013,9,September,9,9.30999755859375,5.25,4.308222528889461,Increased
135,Bitcoin,BTC,2013-09-10 23:59:59,129.74000549316406,125.9000015258789,127.2699966430664,125.91000366210938,0.0,1470679164.0,2013,9,September,10,3.8400039672851562,-1.3599929809570312,-1.068588840126384,Decreased
136,Bitcoin,BTC,2013-09-11 23:59:59,137.8300018310547,123.2699966430664,125.88999938964844,135.25,0.0,1580450350.0,2013,9,September,11,14.560005187988281,9.360000610351562,7.435062876901728,Increased
137,Bitcoin,BTC,2013-09-12 23:59:59,136.0800018310547,131.80999755859375,135.5500030517578,133.1300048828125,0.0,1556386219.25,2013,9,September,12,4.2700042724609375,-2.4199981689453125,-1.7853176794258507,Decreased
138,Bitcoin,BTC,2013-09-13 23:59:59,137.5800018310547,132.27000427246094,132.8300018310547,134.97999572753906,0.0,1578699084.0,2013,9,September,13,5.30999755859375,2.149993896484375,1.618605636412573,Increased
139,Bitcoin,BTC,2013-09-14 23:59:59,135.85000610351562,128.8699951171875,135.00999450683594,129.22000122070312,0.0,1512038755.5,2013,9,September,14,6.980010986328125,-5.7899932861328125,-4.288566418569588,Decreased
140,Bitcoin,BTC,2013-09-15 23:59:59,131.44000244140625,128.25999450683594,129.39999389648438,130.3699951171875,0.0,1526085146.0,2013,9,September,15,3.1800079345703125,0.970001220703125,0.7496145799505163,Increased
141,Bitcoin,BTC,2013-09-16 23:59:59,132.72000122070312,129.77000427246094,130.86000061035156,131.72000122070312,0.0,1542395098.0,2013,9,September,16,2.9499969482421875,0.8600006103515625,0.6571913543790194,Increased
142,Bitcoin,BTC,2013-09-17 23:59:59,132.75999450683594,124.88999938964844,131.58999633789062,131.66000366210938,0.0,1542278406.0,2013,9,September,17,7.8699951171875,0.07000732421875,0.053201098994629104,Increased
143,Bitcoin,BTC,2013-09-18 23:59:59,133.1999969482422,130.5399932861328,131.7100067138672,131.47000122070312,0.0,1540598327.5,2013,9,September,18,2.660003662109375,-0.2400054931640625,-0.18222267172566575,Decreased
144,Bitcoin,BTC,2013-09-19 23:59:59,131.77000427246094,128.4499969482422,131.3699951171875,129.64999389648438,0.0,1519883708.75,2013,9,September,19,3.32000732421875,-1.720001220703125,-1.309280113140609,Decreased
145,Bitcoin,BTC,2013-09-20 23:59:59,135.6199951171875,126.68000030517578,129.6999969482422,127.04000091552734,0.0,1489921944.0,2013,9,September,20,8.939994812011719,-2.6599960327148438,-2.0508836509659565,Decreased
146,Bitcoin,BTC,2013-09-21 23:59:59,128.61000061035156,126.23999786376952,126.9499969482422,127.43000030517578,0.0,1495101146.75,2013,9,September,21,2.3700027465820455,0.48000335693357954,0.3781042681940969,Increased
147,Bitcoin,BTC,2013-09-22 23:59:59,133.94000244140625,126.58999633789062,127.87000274658205,129.1199951171875,0.0,1515584736.0,2013,9,September,22,7.350006103515625,1.2499923706054545,0.9775493421101585,Increased
148,Bitcoin,BTC,2013-09-23 23:59:59,132.72500610351562,125.66000366210938,128.97999572753906,125.9499969482422,0.0,1479037147.5,2013,9,September,23,7.06500244140625,-3.029998779296861,-2.3492005579667676,Decreased
149,Bitcoin,BTC,2013-09-24 23:59:59,127.45999908447266,125.38999938964844,126.0500030517578,127.25,0.0,1494974356.25,2013,9,September,24,2.0699996948242188,1.1999969482422017,0.9520007292260572,Increased
150,Bitcoin,BTC,2013-09-25 23:59:59,129.69000244140625,127.33000183105467,127.37999725341795,128.22000122070312,0.0,1507033770.0,2013,9,September,25,2.3600006103515767,0.8400039672851705,0.659447311506855,Increased
151,Bitcoin,BTC,2013-09-26 23:59:59,134.9340057373047,127.31999969482422,128.2100067138672,128.3800048828125,0.0,1509434269.0,2013,9,September,26,7.614006042480469,0.1699981689453125,0.13259352627966559,Increased
152,Bitcoin,BTC,2013-09-27 23:59:59,134.74000549316406,128.49000549316406,128.94000244140625,133.77999877929688,0.0,1573520360.0,2013,9,September,27,6.25,4.839996337890625,3.753680972737725,Increased
153,Bitcoin,BTC,2013-09-28 23:59:59,135.6300048828125,132.55999755859375,133.77000427246094,134.77999877929688,0.0,1585878761.5,2013,9,September,28,3.07000732421875,1.0099945068359375,0.7550231551004472,Increased
154,Bitcoin,BTC,2013-09-29 23:59:59,140.61000061035156,134.7100067138672,134.89999389648438,137.33999633789062,0.0,1616584504.5,2013,9,September,29,5.899993896484375,2.44000244140625,1.8087491117891288,Increased
155,Bitcoin,BTC,2013-09-30 23:59:59,138.35000610351562,130.27000427246094,137.14999389648438,133.0,0.0,1566038425.0,2013,9,September,30,8.080001831054688,-4.149993896484375,-3.0258797529489017,Decreased
156,Bitcoin,BTC,2013-10-01 23:59:59,134.6300048828125,131.5500030517578,132.67999267578125,132.17999267578125,0.0,1557001092.0,2013,10,October,1,3.0800018310546875,-0.5,-0.3768465688883532,Decreased
157,Bitcoin,BTC,2013-10-02 23:59:59,133.58999633789062,102.25,132.0500030517578,114.12999725341795,0.0,1344930746.0,2013,10,October,2,31.339996337890625,-17.920005798339858,-13.570621267851088,Decreased
158,Bitcoin,BTC,2013-10-03 23:59:59,123.62999725341795,111.81999969482422,114.4499969482422,123.62999725341795,0.0,1457492614.5,2013,10,October,3,11.809997558593736,9.180000305175753,8.02097033635329,Increased
159,Bitcoin,BTC,2013-10-04 23:59:59,130.08999633789062,123.41000366210938,123.41000366210938,129.00999450683594,0.0,1521498786.5,2013,10,October,4,6.67999267578125,5.5999908447265625,4.5377122425659,Increased
160,Bitcoin,BTC,2013-10-05 23:59:59,130.44000244140625,128.02999877929688,128.6300048828125,128.5500030517578,0.0,1516777518.75,2013,10,October,5,2.410003662109375,-0.0800018310546875,-0.062195310594579105,Decreased
161,Bitcoin,BTC,2013-10-06 23:59:59,129.66000366210938,126.1500015258789,128.36000061035156,129.0,0.0,1522686975.0,2013,10,October,6,3.5100021362304688,0.6399993896484375,0.49859721611502145,Increased
162,Bitcoin,BTC,2013-10-07 23:59:59,130.27000427246094,126.36000061035156,129.42999267578125,126.94000244140624,0.0,1498859917.5,2013,10,October,7,3.910003662109375,-2.489990234375014,-1.9238123891518517,Decreased
163,Bitcoin,BTC,2013-10-08 23:59:59,127.47000122070312,124.70999908447266,126.73999786376952,126.0,0.0,1488277350.0,2013,10,October,8,2.7600021362304688,-0.739997863769517,-0.5838708191907397,Decreased
164,Bitcoin,BTC,2013-10-09 23:59:59,131.75,125.58000183105467,125.8499984741211,130.69000244140625,0.0,1544249376.25,2013,10,October,9,6.169998168945327,4.840003967285156,3.845851431043458,Increased
165,Bitcoin,BTC,2013-10-10 23:59:59,131.5,129.25999450683594,130.6699981689453,130.58999633789062,0.0,1543701125.25,2013,10,October,10,2.2400054931640625,-0.0800018310546875,-0.06122433012607214,Decreased
166,Bitcoin,BTC,2013-10-11 23:59:59,131.80999755859375,129.63999938964844,130.75,130.89999389648438,0.0,1547971040.0,2013,10,October,11,2.1699981689453125,0.149993896484375,0.11471808526529637,Increased
167,Bitcoin,BTC,2013-10-12 23:59:59,135.66000366210938,130.55999755859375,130.89999389648438,135.19000244140625,0.0,1599426130.5,2013,10,October,12,5.100006103515625,4.290008544921875,3.277317605006468,Increased
168,Bitcoin,BTC,2013-10-13 23:59:59,138.66000366210938,134.5500030517578,135.19000244140625,138.1300048828125,0.0,1634968838.5,2013,10,October,13,4.1100006103515625,2.94000244140625,2.17471883150568,Increased
169,Bitcoin,BTC,2013-10-14 23:59:59,144.1199951171875,138.89999389648438,139.27000427246094,140.52000427246094,0.0,1664129178.0,2013,10,October,14,5.220001220703125,1.25,0.897537130504112,Increased
170,Bitcoin,BTC,2013-10-15 23:59:59,145.38999938964844,139.1300048828125,140.77000427246094,145.24000549316406,0.0,1720981439.0,2013,10,October,15,6.2599945068359375,4.470001220703125,3.1753932549802433,Increased
171,Bitcoin,BTC,2013-10-16 23:59:59,152.22999572753906,142.42999267578125,145.64999389648438,142.5500030517578,0.0,1689851847.5,2013,10,October,16,9.800003051757812,-3.0999908447265625,-2.128383779356539,Decreased
172,Bitcoin,BTC,2013-10-17 23:59:59,147.4199981689453,142.41000366210938,142.41000366210938,146.25,0.0,1734327562.5,2013,10,October,17,5.0099945068359375,3.839996337890625,2.6964372158866263,Increased
173,Bitcoin,BTC,2013-10-18 23:59:59,155.9600067138672,145.57000732421875,146.3699951171875,155.9600067138672,0.0,1850219763.0,2013,10,October,18,10.389999389648438,9.590011596679688,6.551897189722308,Increased
174,Bitcoin,BTC,2013-10-19 23:59:59,177.47999572753906,155.6999969482422,155.91000366210938,172.4199981689453,0.0,2046457290.5,2013,10,October,19,21.779998779296875,16.509994506835938,10.589438855133798,Increased
175,Bitcoin,BTC,2013-10-20 23:59:59,174.91000366210938,168.9499969482422,171.66000366210938,174.61000061035156,0.0,2073319140.0,2013,10,October,20,5.9600067138671875,2.9499969482421875,1.7185115258699848,Increased
176,Bitcoin,BTC,2013-10-21 23:59:59,184.82000732421875,174.8000030517578,174.8000030517578,182.2100067138672,0.0,2164518142.5,2013,10,October,21,10.020004272460938,7.410003662109375,4.23913245580167,Increased
177,Bitcoin,BTC,2013-10-22 23:59:59,196.27000427246097,182.6499938964844,182.6499938964844,193.7599945068359,0.0,2302910260.0,2013,10,October,22,13.620010375976562,11.110000610351506,6.082672314047829,Increased
178,Bitcoin,BTC,2013-10-23 23:59:59,213.6199951171875,192.3800048828125,193.3600006103516,213.6199951171875,0.0,2540139398.5,2013,10,October,23,21.239990234375,20.25999450683591,10.477862248078253,Increased
179,Bitcoin,BTC,2013-10-24 23:59:59,217.4199981689453,168.52000427246094,214.3000030517578,198.22999572753903,0.0,2358198593.25,2013,10,October,24,48.899993896484375,-16.07000732421878,-7.4988367220590035,Decreased
180,Bitcoin,BTC,2013-10-25 23:59:59,198.8699951171875,168.5,197.69000244140625,186.69000244140625,0.0,2222012383.5,2013,10,October,25,30.3699951171875,-11.0,-5.5642672184499125,Decreased
181,Bitcoin,BTC,2013-10-26 23:59:59,188.41000366210932,175.75,187.4499969482422,177.32000732421875,0.0,2111296044.0,2013,10,October,26,12.660003662109318,-10.129989624023438,-5.404102314720487,Decreased
182,Bitcoin,BTC,2013-10-27 23:59:59,196.44000244140625,176.60000610351562,176.60000610351562,196.44000244140625,0.0,2339831217.0,2013,10,October,27,19.839996337890625,19.839996337890625,11.234425624119876,Increased
183,Bitcoin,BTC,2013-10-28 23:59:59,198.6199951171875,192.05999755859372,196.2100067138672,198.5500030517578,0.0,2365837416.25,2013,10,October,28,6.559997558593778,2.339996337890625,1.1925978583258696,Increased
184,Bitcoin,BTC,2013-10-29 23:59:59,204.7899932861328,198.5500030517578,198.5500030517578,204.38999938964844,0.0,2436241934.25,2013,10,October,29,6.239990234375,5.839996337890625,2.9413227137388964,Increased
185,Bitcoin,BTC,2013-10-30 23:59:59,209.16000366210932,199.97000122070312,204.38999938964844,199.97000122070312,0.0,2384492272.5,2013,10,October,30,9.190002441406193,-4.4199981689453125,-2.162531524117793,Decreased
186,Bitcoin,BTC,2013-10-31 23:59:59,205.17999267578125,198.8500061035156,199.8300018310547,204.0,0.0,2433658800.0,2013,10,October,31,6.329986572265653,4.1699981689453125,2.086772822266607,Increased
187,Bitcoin,BTC,2013-11-01 23:59:59,206.6499938964844,202.1300048828125,203.8999938964844,206.17999267578125,0.0,2460742836.5,2013,11,November,1,4.519989013671903,2.2799987792968466,1.1181946285169349,Increased
188,Bitcoin,BTC,2013-11-02 23:59:59,207.7599945068359,201.6499938964844,205.80999755859372,206.22000122070312,0.0,2462261644.5,2013,11,November,2,6.110000610351506,0.4100036621094034,0.19921464796319047,Increased
189,Bitcoin,BTC,2013-11-03 23:59:59,215.0500030517578,203.9900054931641,205.9900054931641,215.0500030517578,0.0,2568713111.25,2013,11,November,3,11.059997558593722,9.059997558593722,4.39827045826958,Increased
190,Bitcoin,BTC,2013-11-04 23:59:59,231.0099945068359,213.94000244140625,214.66000366210932,229.1000061035156,0.0,2737659087.5,2013,11,November,4,17.06999206542966,14.440002441406278,6.726918007574391,Increased
191,Bitcoin,BTC,2013-11-05 23:59:59,250.66000366210932,226.22000122070312,229.2100067138672,245.2400054931641,0.0,2931598960.0,2013,11,November,5,24.440002441406193,16.029998779296903,6.993585929827159,Increased
192,Bitcoin,BTC,2013-11-06 23:59:59,263.0,244.77999877929688,244.77999877929688,262.5,0.0,3138994687.5,2013,11,November,6,18.220001220703125,17.720001220703125,7.239154060410044,Increased
193,Bitcoin,BTC,2013-11-07 23:59:59,304.1700134277344,261.54998779296875,261.67999267578125,296.4100036621094,0.0,3545560086.75,2013,11,November,7,42.620025634765625,34.730010986328125,13.271939757869927,Increased
194,Bitcoin,BTC,2013-11-08 23:59:59,338.6600036621094,296.92999267578125,297.8500061035156,338.1099853515625,0.0,4045494602.75,2013,11,November,8,41.730010986328125,40.259979248046875,13.516863663939226,Increased
195,Bitcoin,BTC,2013-11-09 23:59:59,370.8200073242187,319.7099914550781,338.5799865722656,339.1099853515625,0.0,4058705857.0,2013,11,November,9,51.11001586914057,0.529998779296875,0.15653576712035028,Increased
196,Bitcoin,BTC,2013-11-10 23:59:59,350.70001220703125,277.239990234375,348.82000732421875,326.6199951171875,0.0,3910613094.5,2013,11,November,10,73.46002197265625,-22.20001220703125,-6.364317338711864,Decreased
197,Bitcoin,BTC,2013-11-11 23:59:59,351.2699890136719,311.7799987792969,325.4100036621094,342.44000244140625,0.0,4101635027.0,2013,11,November,11,39.489990234375,17.029998779296875,5.233397433282363,Increased
198,Bitcoin,BTC,2013-11-12 23:59:59,362.80999755859375,342.79998779296875,343.0599975585937,360.3299865722656,0.0,4317726291.0,2013,11,November,12,20.010009765625,17.269989013671932,5.034101654688628,Increased
199,Bitcoin,BTC,2013-11-13 23:59:59,414.0499877929687,359.79998779296875,360.9700012207031,407.3699951171875,0.0,4883103453.0,2013,11,November,13,54.24999999999994,46.399993896484375,12.854252081771925,Increased
200,Bitcoin,BTC,2013-11-14 23:59:59,425.8999938964844,395.1900024414063,406.4100036621094,420.2000122070313,0.0,5038817795.0,2013,11,November,14,30.709991455078068,13.790008544921932,3.3931272411264244,Increased
202,Bitcoin,BTC,2013-11-16 23:59:59,450.260009765625,415.5700073242187,417.2799987792969,440.2200012207031,0.0,5282849104.5,2013,11,November,16,34.69000244140631,22.94000244140625,5.497508269870232,Increased
203,Bitcoin,BTC,2013-11-17 23:59:59,500.5799865722656,440.239990234375,440.9599914550781,492.1099853515625,0.0,5907842063.75,2013,11,November,17,60.339996337890625,51.149993896484375,11.599690422638984,Increased
204,Bitcoin,BTC,2013-11-18 23:59:59,703.780029296875,494.9400024414063,496.5799865722656,703.5599975585938,0.0,8449069629.0,2013,11,November,18,208.8400268554687,206.98001098632812,41.681102054685205,Increased
205,Bitcoin,BTC,2013-11-19 23:59:59,806.1099853515625,456.3900146484375,712.760009765625,584.6099853515625,0.0,7022949160.5,2013,11,November,19,349.719970703125,-128.1500244140625,-17.97940718590564,Decreased
206,Bitcoin,BTC,2013-11-20 23:59:59,599.6500244140625,448.4500122070313,577.97998046875,590.8300170898438,0.0,7100077963.75,2013,11,November,20,151.2000122070312,12.85003662109375,2.2232667316041272,Increased
207,Bitcoin,BTC,2013-11-21 23:59:59,733.4000244140625,577.2899780273438,594.3200073242188,722.4299926757812,0.0,8684240726.25,2013,11,November,21,156.11004638671875,128.1099853515625,21.55572482379426,Increased
208,Bitcoin,BTC,2013-11-22 23:59:59,780.8499755859375,668.1300048828125,724.0700073242188,771.4400024414062,0.0,9276681716.0,2013,11,November,22,112.719970703125,47.3699951171875,6.542184407311945,Increased
209,Bitcoin,BTC,2013-11-23 23:59:59,844.969970703125,771.7000122070312,771.7000122070312,797.8200073242188,0.0,9597335799.0,2013,11,November,23,73.26995849609375,26.1199951171875,3.3847343143724147,Increased
210,Bitcoin,BTC,2013-11-24 23:59:59,807.3599853515625,722.8699951171875,795.6300048828125,774.25,0.0,9317034156.25,2013,11,November,24,84.489990234375,-21.3800048828125,-2.687179310936311,Decreased
211,Bitcoin,BTC,2013-11-25 23:59:59,810.6799926757812,754.4299926757812,773.02001953125,799.1099853515625,0.0,9619646224.5,2013,11,November,25,56.25,26.0899658203125,3.375069876732706,Increased
212,Bitcoin,BTC,2013-11-26 23:59:59,928.5399780273438,800.7999877929688,805.72998046875,928.0999755859376,0.0,11176110592.5,2013,11,November,26,127.739990234375,122.36999511718761,15.187469510070404,Increased
213,Bitcoin,BTC,2013-11-27 23:59:59,1001.9600219726562,891.6799926757812,923.8499755859376,1001.9600219726562,0.0,12069885699.0,2013,11,November,27,110.280029296875,78.11004638671864,8.45484098618702,Increased
214,Bitcoin,BTC,2013-11-28 23:59:59,1077.56005859375,962.1699829101562,1003.3800048828124,1031.949951171875,0.0,12435823060.0,2013,11,November,28,115.39007568359375,28.569946289062614,2.8473705027039458,Increased
215,Bitcoin,BTC,2013-11-29 23:59:59,1146.969970703125,1000.6400146484376,1042.010009765625,1131.969970703125,0.0,13646039846.2,2013,11,November,29,146.3299560546874,89.9599609375,8.633310629879103,Increased
216,Bitcoin,BTC,2013-11-30 23:59:59,1156.1400146484375,1106.6099853515625,1129.3699951171875,1129.4300537109375,0.0,13620389320.8,2013,11,November,30,49.530029296875,0.06005859375,0.005317884662215424,Increased
217,Bitcoin,BTC,2013-12-01 23:59:59,1133.0799560546875,801.8200073242188,1128.9200439453125,955.8499755859376,0.0,11531708947.5,2013,12,December,1,331.25994873046875,-173.0700683593749,-15.330586899186885,Decreased
218,Bitcoin,BTC,2013-12-02 23:59:59,1055.4200439453125,938.4099731445312,951.4199829101562,1043.3299560546875,0.0,12591271605.5,2013,12,December,2,117.01007080078125,91.90997314453125,9.660294590765435,Increased
219,Bitcoin,BTC,2013-12-03 23:59:59,1096.0,1011.2100219726562,1046.4000244140625,1078.280029296875,0.0,13018451838.0,2013,12,December,3,84.78997802734375,31.8800048828125,3.0466364811740028,Increased
220,Bitcoin,BTC,2013-12-04 23:59:59,1156.1199951171875,1070.1600341796875,1077.5799560546875,1151.1700439453125,0.0,13903428350.5,2013,12,December,4,85.9599609375,73.590087890625,6.829199770943983,Increased
221,Bitcoin,BTC,2013-12-05 23:59:59,1154.3599853515625,897.1099853515625,1152.72998046875,1045.1099853515625,0.0,12626914509.0,2013,12,December,5,257.25,-107.6199951171875,-9.336097519856693,Decreased
222,Bitcoin,BTC,2013-12-06 23:59:59,1042.3800048828125,829.4500122070312,1042.3800048828125,829.4500122070312,0.0,10025645095.0,2013,12,December,6,212.92999267578125,-212.92999267578125,-20.427290592524315,Decreased
223,Bitcoin,BTC,2013-12-07 23:59:59,854.6400146484375,640.219970703125,835.3200073242188,698.22998046875,0.0,8442962248.5,2013,12,December,7,214.4200439453125,-137.09002685546875,-16.4116776389218,Decreased
224,Bitcoin,BTC,2013-12-08 23:59:59,802.510009765625,670.8800048828125,697.3099975585938,795.8699951171875,0.0,9627500112.75,2013,12,December,8,131.6300048828125,98.55999755859375,14.134315857175405,Increased
225,Bitcoin,BTC,2013-12-09 23:59:59,921.9299926757812,780.9000244140625,793.7999877929688,893.1900024414062,0.0,10808715487.5,2013,12,December,9,141.02996826171875,99.3900146484375,12.520788130115147,Increased
226,Bitcoin,BTC,2013-12-10 23:59:59,997.22998046875,892.3200073242188,892.3200073242188,988.510009765625,0.0,11966951485.5,2013,12,December,10,104.90997314453125,96.19000244140625,10.77976529180929,Increased
227,Bitcoin,BTC,2013-12-11 23:59:59,1001.5800170898438,834.22998046875,989.0700073242188,878.47998046875,0.0,10638546534.0,2013,12,December,11,167.35003662109375,-110.59002685546875,-11.18121326463569,Decreased
228,Bitcoin,BTC,2013-12-12 23:59:59,901.9400024414062,844.9500122070312,882.780029296875,873.260009765625,0.0,10578889955.0,2013,12,December,12,56.989990234375,-9.52001953125,-1.0784135589057895,Decreased
229,Bitcoin,BTC,2013-12-13 23:59:59,941.7899780273438,860.0499877929688,874.97998046875,892.5800170898438,0.0,10816819988.0,2013,12,December,13,81.739990234375,17.60003662109375,2.0114787782532972,Increased
230,Bitcoin,BTC,2013-12-14 23:59:59,904.6500244140624,858.3599853515625,899.8499755859375,872.5999755859375,0.0,10578987915.0,2013,12,December,14,46.290039062499886,-27.25,-3.0282825736874814,Decreased
231,Bitcoin,BTC,2013-12-15 23:59:59,886.1599731445312,825.0,875.2899780273438,876.1199951171875,0.0,10625517651.0,2013,12,December,15,61.15997314453125,0.83001708984375,0.09482766976429617,Increased
232,Bitcoin,BTC,2013-12-16 23:59:59,882.25,668.25,880.3300170898438,705.969970703125,0.0,8565534010.0,2013,12,December,16,214.0,-174.36004638671875,-19.806213919992246,Decreased
233,Bitcoin,BTC,2013-12-17 23:59:59,754.8300170898438,630.8800048828125,706.3699951171875,682.1199951171875,0.0,8279623719.0,2013,12,December,17,123.95001220703125,-24.25,-3.433045028473626,Decreased
234,Bitcoin,BTC,2013-12-18 23:59:59,679.3200073242188,420.510009765625,678.2000122070312,522.7000122070312,0.0,6347159167.5,2013,12,December,18,258.80999755859375,-155.5,-22.928339310104757,Decreased
235,Bitcoin,BTC,2013-12-19 23:59:59,707.22998046875,502.8900146484375,519.0599975585938,691.9600219726562,0.0,8406397153.0,2013,12,December,19,204.3399658203125,172.9000244140625,33.31021947892349,Increased
236,Bitcoin,BTC,2013-12-20 23:59:59,729.1599731445312,595.3300170898438,694.219970703125,625.3200073242188,0.0,7599576492.0,2013,12,December,20,133.8299560546875,-68.89996337890625,-9.924802841543507,Decreased
237,Bitcoin,BTC,2013-12-21 23:59:59,654.27001953125,579.1699829101562,619.9000244140625,605.6599731445312,0.0,7363114610.5,2013,12,December,21,75.10003662109375,-14.24005126953125,-2.2971528809006143,Decreased
238,Bitcoin,BTC,2013-12-22 23:59:59,666.739990234375,585.6400146484375,601.780029296875,617.1799926757812,0.0,7505757422.5,2013,12,December,22,81.0999755859375,15.39996337890625,2.55906853487639,Increased
239,Bitcoin,BTC,2013-12-23 23:59:59,680.9099731445312,611.0399780273438,613.0599975585938,673.4099731445312,0.0,8192487201.75,2013,12,December,23,69.8699951171875,60.3499755859375,9.844056997075477,Increased
240,Bitcoin,BTC,2013-12-24 23:59:59,684.3900146484375,645.7100219726562,672.3599853515625,665.5800170898438,0.0,8100042042.0,2013,12,December,24,38.67999267578125,-6.77996826171875,-1.008383664916295,Decreased
241,Bitcoin,BTC,2013-12-25 23:59:59,682.7000122070312,649.47998046875,666.3099975585938,682.2100219726562,0.0,8305173374.25,2013,12,December,25,33.22003173828125,15.9000244140625,2.386280330825186,Increased
242,Bitcoin,BTC,2013-12-26 23:59:59,777.75,683.9400024414062,683.9400024414062,761.97998046875,0.0,9279735331.0,2013,12,December,26,93.80999755859375,78.03997802734375,11.410354380321468,Increased
243,Bitcoin,BTC,2013-12-27 23:59:59,777.510009765625,713.5999755859375,763.280029296875,735.0700073242188,46862700.0,8955394563.5,2013,12,December,27,63.9100341796875,-28.21002197265625,-3.6958941528501676,Decreased
244,Bitcoin,BTC,2013-12-28 23:59:59,747.0599975585938,705.3499755859375,737.97998046875,727.8300170898438,32505800.0,8869918644.0,2013,12,December,28,41.71002197265625,-10.14996337890625,-1.3753711005086071,Decreased
245,Bitcoin,BTC,2013-12-29 23:59:59,748.6099853515625,714.4400024414062,728.0499877929688,745.0499877929688,19011300.0,9082103621.25,2013,12,December,29,34.16998291015625,17.0,2.3350045031295554,Increased
246,Bitcoin,BTC,2013-12-30 23:59:59,766.5999755859375,740.239990234375,741.3499755859375,756.1300048828125,20707700.0,9217167990.25,2013,12,December,30,26.3599853515625,14.780029296875,1.993664231956489,Increased
247,Bitcoin,BTC,2013-12-31 23:59:59,760.5800170898438,738.1699829101562,760.3200073242188,754.010009765625,20897300.0,9191325349.25,2013,12,December,31,22.4100341796875,-6.30999755859375,-0.82991339144164,Decreased
248,Bitcoin,BTC,2014-01-01 23:59:59,775.3499755859375,754.969970703125,754.969970703125,771.4000244140625,22489400.0,9403308145.0,2014,1,January,1,20.3800048828125,16.4300537109375,2.1762526124894377,Increased
249,Bitcoin,BTC,2014-01-02 23:59:59,820.3099975585938,767.2100219726562,773.4400024414062,802.3900146484375,38489500.0,9781073920.75,2014,1,January,2,53.0999755859375,28.95001220703125,3.7430197708482793,Increased
250,Bitcoin,BTC,2014-01-03 23:59:59,834.1500244140625,789.1199951171875,802.8499755859375,818.719970703125,37810100.0,9980135396.0,2014,1,January,3,45.030029296875,15.8699951171875,1.9767074297542615,Increased
251,Bitcoin,BTC,2014-01-04 23:59:59,859.510009765625,801.6699829101562,823.27001953125,859.510009765625,38005000.0,10477362436.8,2014,1,January,4,57.84002685546875,36.239990234375,4.401956754724188,Increased
252,Bitcoin,BTC,2014-01-05 23:59:59,952.4000244140624,854.52001953125,858.5499877929688,933.530029296875,72898496.0,11379660685.2,2014,1,January,5,97.88000488281239,74.98004150390625,8.733334409176765,Increased
253,Bitcoin,BTC,2014-01-06 23:59:59,1017.1199951171876,905.7100219726562,936.0499877929688,953.2899780273438,85565696.0,11620533603.2,2014,1,January,6,111.40997314453136,17.239990234375,1.841780936830487,Increased
254,Bitcoin,BTC,2014-01-07 23:59:59,965.739990234375,802.0,946.489990234375,802.0,81311696.0,9808299600.0,2014,1,January,7,163.739990234375,-144.489990234375,-15.265876208431491,Decreased
255,Bitcoin,BTC,2014-01-08 23:59:59,870.6799926757812,776.1799926757812,795.989990234375,842.719970703125,74175600.0,10310363180.0,2014,1,January,8,94.5,46.72998046875,5.8706743856151515,Increased
256,Bitcoin,BTC,2014-01-09 23:59:59,864.3599853515625,804.1400146484375,841.469970703125,846.8599853515625,59998600.0,10365397028.0,2014,1,January,9,60.219970703125,5.3900146484375,0.640547474787918,Increased
257,Bitcoin,BTC,2014-01-10 23:59:59,871.1900024414062,822.5999755859375,846.6900024414062,868.47998046875,31876800.0,10634081648.0,2014,1,January,10,48.59002685546875,21.78997802734375,2.5735485200620034,Increased
258,Bitcoin,BTC,2014-01-11 23:59:59,921.47998046875,861.719970703125,867.3200073242188,913.9500122070312,44754200.0,11195636163.8,2014,1,January,11,59.760009765625,46.6300048828125,5.376332205995269,Increased
259,Bitcoin,BTC,2014-01-12 23:59:59,928.52001953125,851.1699829101562,919.5999755859376,863.219970703125,39623500.0,10578653197.5,2014,1,January,12,77.35003662109375,-56.380004882812614,-6.130927183516855,Decreased
260,Bitcoin,BTC,2014-01-13 23:59:59,861.2899780273438,806.0499877929688,860.1900024414062,841.2000122070312,45580900.0,10312375950.0,2014,1,January,13,55.239990234375,-18.989990234375,-2.2076506563058484,Decreased
261,Bitcoin,BTC,2014-01-14 23:59:59,855.6900024414062,825.6599731445312,843.1699829101562,833.27001953125,20829800.0,10218535832.2,2014,1,January,14,30.030029296875,-9.89996337890625,-1.1741361267080517,Decreased
262,Bitcoin,BTC,2014-01-15 23:59:59,872.8099975585938,830.8599853515625,833.1199951171875,860.9000244140625,28107200.0,10561305975.0,2014,1,January,15,41.95001220703125,27.780029296875,3.3344571561948206,Increased
263,Bitcoin,BTC,2014-01-16 23:59:59,866.1599731445312,835.6300048828125,860.2899780273438,835.6300048828125,19149300.0,10255185612.0,2014,1,January,16,30.52996826171875,-24.65997314453125,-2.8664722098793822,Decreased
264,Bitcoin,BTC,2014-01-17 23:59:59,842.9099731445312,797.6300048828125,834.489990234375,814.6400146484375,39031700.0,10000663202.0,2014,1,January,17,45.27996826171875,-19.8499755859375,-2.3786954688770363,Decreased
265,Bitcoin,BTC,2014-01-18 23:59:59,841.489990234375,816.0700073242188,816.0700073242188,840.0,18052700.0,10315662000.0,2014,1,January,18,25.41998291015625,23.92999267578125,2.932345566067843,Increased
266,Bitcoin,BTC,2014-01-19 23:59:59,870.9600219726562,825.530029296875,839.6599731445312,870.9600219726562,24365700.0,10699504086.0,2014,1,January,19,45.42999267578125,31.300048828125,3.7277052413140694,Increased
267,Bitcoin,BTC,2014-01-20 23:59:59,886.3900146484375,853.8699951171875,871.3900146484375,870.2000122070312,27652700.0,10694453430.0,2014,1,January,20,32.52001953125,-1.19000244140625,-0.1365636995377273,Decreased
268,Bitcoin,BTC,2014-01-21 23:59:59,881.2000122070312,855.9299926757812,869.6500244140625,863.9099731445312,18997300.0,10620283205.2,2014,1,January,21,25.27001953125,-5.74005126953125,-0.6600415234161214,Decreased
269,Bitcoin,BTC,2014-01-22 23:59:59,870.1500244140625,837.3599853515625,867.2100219726562,845.5900268554688,18453700.0,10399573174.0,2014,1,January,22,32.7900390625,-21.6199951171875,-2.493051806298105,Decreased
270,Bitcoin,BTC,2014-01-23 23:59:59,851.5700073242188,819.3200073242188,845.4600219726562,822.0399780273438,15607100.0,10113558120.0,2014,1,January,23,32.25,-23.4200439453125,-2.770094781142703,Decreased
271,Bitcoin,BTC,2014-01-24 23:59:59,822.4299926757812,783.5800170898438,822.4299926757812,797.0700073242188,34912000.0,9810138292.5,2014,1,January,24,38.8499755859375,-25.3599853515625,-3.0835433504867233,Decreased
272,Bitcoin,BTC,2014-01-25 23:59:59,861.4500122070312,792.9600219726562,796.239990234375,853.6099853515625,24303900.0,10509539618.8,2014,1,January,25,68.489990234375,57.3699951171875,7.205113511103671,Increased
273,Bitcoin,BTC,2014-01-26 23:59:59,897.02001953125,844.8599853515625,853.6799926757812,885.280029296875,32224300.0,10902798632.0,2014,1,January,26,52.1600341796875,31.60003662109375,3.7016255379309464,Increased
274,Bitcoin,BTC,2014-01-27 23:59:59,893.0,757.1099853515625,884.5999755859375,771.3900146484375,49233600.0,9503544084.75,2014,1,January,27,135.8900146484375,-113.2099609375,-12.797870683018331,Decreased
275,Bitcoin,BTC,2014-01-28 23:59:59,832.5,766.97998046875,774.02001953125,812.510009765625,44875500.0,10013251363.5,2014,1,January,28,65.52001953125,38.489990234375,4.972738335332039,Increased
276,Bitcoin,BTC,2014-01-29 23:59:59,836.8699951171875,809.8499755859375,809.9600219726562,826.0,17984400.0,10182659550.0,2014,1,January,29,27.02001953125,16.03997802734375,1.9803419418502177,Increased
277,Bitcoin,BTC,2014-01-30 23:59:59,830.5,799.0599975585938,826.02001953125,819.030029296875,29918200.0,10100339387.2,2014,1,January,30,31.44000244140625,-6.989990234375,-0.8462252813608175,Decreased
278,Bitcoin,BTC,2014-01-31 23:59:59,831.8699951171875,812.5999755859375,818.4299926757812,829.9199829101562,17107900.0,10238411820.0,2014,1,January,31,19.27001953125,11.489990234375,1.403906300746572,Increased
279,Bitcoin,BTC,2014-02-01 23:59:59,853.52001953125,827.1099853515625,828.6099853515625,832.5800170898438,19668700.0,10275202812.0,2014,2,February,1,26.4100341796875,3.97003173828125,0.4791194661499095,Increased
280,Bitcoin,BTC,2014-02-02 23:59:59,844.719970703125,820.6699829101562,832.9000244140625,825.3699951171875,11300900.0,10190038654.2,2014,2,February,2,24.04998779296875,-7.530029296875,-0.9040736074143239,Decreased
281,Bitcoin,BTC,2014-02-03 23:59:59,826.47998046875,807.219970703125,824.0800170898438,823.8300170898438,13940100.0,10174774202.2,2014,2,February,3,19.260009765625,-0.25,-0.030336859869852205,Decreased
282,Bitcoin,BTC,2014-02-04 23:59:59,840.1699829101562,820.9400024414062,823.77001953125,827.9600219726562,16609700.0,10229342305.0,2014,2,February,4,19.22998046875,4.19000244140625,0.508637403894656,Increased
283,Bitcoin,BTC,2014-02-05 23:59:59,837.3200073242188,811.9099731445312,829.9600219726562,811.9099731445312,22395100.0,10034436285.5,2014,2,February,5,25.4100341796875,-18.050048828125,-2.174809430606487,Decreased
284,Bitcoin,BTC,2014-02-06 23:59:59,819.8099975585938,770.5900268554688,815.5900268554688,781.5499877929688,50108700.0,9662791118.75,2014,2,February,6,49.219970703125,-34.0400390625,-4.17367034191705,Decreased
285,Bitcoin,BTC,2014-02-07 23:59:59,783.2000122070312,654.3499755859375,783.2000122070312,712.4000244140625,113643000.0,8810607000.0,2014,2,February,7,128.85003662109375,-70.79998779296875,-9.039834868421002,Decreased
286,Bitcoin,BTC,2014-02-08 23:59:59,721.8200073242188,661.8699951171875,699.5700073242188,673.9199829101562,38742600.0,8337738240.0,2014,2,February,8,59.95001220703125,-25.6500244140625,-3.6665414676897212,Decreased
287,Bitcoin,BTC,2014-02-09 23:59:59,712.27001953125,655.25,671.4600219726562,682.9000244140625,39311400.0,8451228950.0,2014,2,February,9,57.02001953125,11.44000244140625,1.7037503450759601,Increased
288,Bitcoin,BTC,2014-02-10 23:59:59,703.7100219726562,550.5,681.3200073242188,681.030029296875,112758000.0,8430742782.0,2014,2,February,10,153.21002197265625,-0.28997802734375,-0.04256120827606323,Decreased
289,Bitcoin,BTC,2014-02-11 23:59:59,712.4600219726562,636.6599731445312,683.5,672.1699829101562,72745200.0,8323817195.0,2014,2,February,11,75.800048828125,-11.33001708984375,-1.657646977299744,Decreased
290,Bitcoin,BTC,2014-02-12 23:59:59,672.9000244140625,643.0399780273438,672.3800048828125,651.719970703125,25367600.0,8073458481.0,2014,2,February,12,29.86004638671875,-20.6600341796875,-3.0726723028130927,Decreased
291,Bitcoin,BTC,2014-02-13 23:59:59,657.989990234375,601.9099731445312,651.0800170898438,605.239990234375,38588100.0,7500376176.0,2014,2,February,13,56.08001708984375,-45.84002685546875,-7.040613388867562,Decreased
292,Bitcoin,BTC,2014-02-14 23:59:59,691.719970703125,541.0399780273438,601.1699829101562,661.989990234375,102506000.0,8206805878.25,2014,2,February,14,150.67999267578125,60.82000732421875,10.11694014225394,Increased
293,Bitcoin,BTC,2014-02-15 23:59:59,661.8400268554688,632.8400268554688,660.9000244140625,650.9199829101562,26709200.0,8072579656.0,2014,2,February,15,29.0,-9.98004150390625,-1.5100682607409959,Decreased
294,Bitcoin,BTC,2014-02-16 23:59:59,665.0999755859375,584.1699829101562,651.2999877929688,616.6300048828125,40061700.0,7650358836.75,2014,2,February,16,80.92999267578125,-34.66998291015625,-5.323197230149026,Decreased
295,Bitcoin,BTC,2014-02-17 23:59:59,656.9500122070312,607.3099975585938,614.22998046875,626.27001953125,31948400.0,7772386462.0,2014,2,February,17,49.6400146484375,12.0400390625,1.960184205484668,Increased
296,Bitcoin,BTC,2014-02-18 23:59:59,645.760009765625,612.5399780273438,627.1599731445312,626.5999755859375,20015100.0,7779035355.0,2014,2,February,18,33.22003173828125,-0.55999755859375,-0.08929102343473322,Decreased
297,Bitcoin,BTC,2014-02-19 23:59:59,631.77001953125,618.7000122070312,625.969970703125,623.030029296875,13897800.0,7737830115.25,2014,2,February,19,13.07000732421875,-2.93994140625,-0.4696617320073183,Decreased
298,Bitcoin,BTC,2014-02-20 23:59:59,627.72998046875,556.1400146484375,623.0900268554688,556.1400146484375,46905000.0,6909538974.0,2014,2,February,20,71.5899658203125,-66.95001220703125,-10.744837715491295,Decreased
299,Bitcoin,BTC,2014-02-21 23:59:59,582.9600219726562,530.469970703125,556.8800048828125,574.1599731445312,47308100.0,7135603064.0,2014,2,February,21,52.49005126953125,17.27996826171875,3.1029967156667935,Increased
300,Bitcoin,BTC,2014-02-22 23:59:59,614.47998046875,558.5800170898438,574.239990234375,605.4199829101562,31254000.0,7526808472.5,2014,2,February,22,55.89996337890625,31.17999267578125,5.429784272435501,Increased
301,Bitcoin,BTC,2014-02-23 23:59:59,639.9099731445312,599.7000122070312,2288.330078125,605.8200073242188,31434400.0,7534325866.5,2014,2,February,23,40.2099609375,-1682.5100708007812,-73.52567214339058,Decreased
302,Bitcoin,BTC,2014-02-24 23:59:59,607.6099853515625,538.7000122070312,606.0399780273438,546.3200073242188,57893900.0,6796971990.0,2014,2,February,24,68.90997314453125,-59.719970703125,-9.85413056371514,Decreased
303,Bitcoin,BTC,2014-02-25 23:59:59,541.3800048828125,420.4100036621094,540.239990234375,538.7100219726562,126314000.0,6704461434.0,2014,2,February,25,120.97000122070312,-1.52996826171875,-0.28320159362045677,Decreased
304,Bitcoin,BTC,2014-02-26 23:59:59,603.7999877929688,532.5800170898438,537.0399780273438,582.6900024414062,64642700.0,7254505067.25,2014,2,February,26,71.219970703125,45.6500244140625,8.500302823217046,Increased
305,Bitcoin,BTC,2014-02-27 23:59:59,594.0499877929688,566.6199951171875,581.6500244140625,578.77001953125,25540800.0,7208406719.0,2014,2,February,27,27.42999267578125,-2.8800048828125,-0.4951439460032232,Decreased
306,Bitcoin,BTC,2014-02-28 23:59:59,584.1400146484375,545.1699829101562,579.7000122070312,549.260009765625,28076100.0,6843353923.5,2014,2,February,28,38.97003173828125,-30.44000244140625,-5.2509922029353095,Decreased
307,Bitcoin,BTC,2014-03-01 23:59:59,573.3800048828125,539.2899780273438,549.9199829101562,565.6099853515625,18668100.0,7049084308.0,2014,3,March,1,34.09002685546875,15.69000244140625,2.8531428078636707,Increased
308,Bitcoin,BTC,2014-03-02 23:59:59,570.47998046875,553.27001953125,567.22998046875,559.7899780273438,7950760.0,6978524071.75,2014,3,March,2,17.2099609375,-7.44000244140625,-1.3116377303008468,Decreased
309,Bitcoin,BTC,2014-03-03 23:59:59,702.9099731445312,560.52001953125,562.5599975585938,667.760009765625,96056896.0,8326933812.0,2014,3,March,3,142.38995361328125,105.20001220703125,18.70022978234852,Increased
310,Bitcoin,BTC,2014-03-04 23:59:59,696.219970703125,655.6799926757812,668.239990234375,666.780029296875,55344600.0,8317230355.5,2014,3,March,4,40.53997802734375,-1.4599609375,-0.21847853448398696,Decreased
311,Bitcoin,BTC,2014-03-05 23:59:59,674.280029296875,646.280029296875,666.239990234375,665.510009765625,22461900.0,8304000851.5,2014,3,March,5,28.0,-0.72998046875,-0.10956719492223845,Decreased
312,Bitcoin,BTC,2014-03-06 23:59:59,669.77001953125,649.7899780273438,664.52001953125,663.8599853515625,16068100.0,8286267327.0,2014,3,March,6,19.98004150390625,-0.6600341796875,-0.09932495038344905,Decreased
313,Bitcoin,BTC,2014-03-07 23:59:59,665.3400268554688,616.3499755859375,664.3099975585938,629.1500244140625,34150800.0,7855629815.0,2014,3,March,7,48.99005126953125,-35.15997314453125,-5.292705705731917,Decreased
314,Bitcoin,BTC,2014-03-08 23:59:59,635.1400146484375,604.4600219726562,629.6599731445312,617.4500122070312,18654200.0,7712151171.25,2014,3,March,8,30.67999267578125,-12.2099609375,-1.9391356380052671,Decreased
315,Bitcoin,BTC,2014-03-09 23:59:59,643.9500122070312,612.3499755859375,616.3099975585938,636.9600219726562,15396500.0,7958687808.0,2014,3,March,9,31.60003662109375,20.6500244140625,3.350590530068314,Increased
316,Bitcoin,BTC,2014-03-10 23:59:59,644.760009765625,615.02001953125,636.3300170898438,627.7899780273438,20639800.0,7846433315.0,2014,3,March,10,29.739990234375,-8.5400390625,-1.342077040708615,Decreased
317,Bitcoin,BTC,2014-03-11 23:59:59,638.4199829101562,618.8400268554688,627.9500122070312,634.1099853515625,11732500.0,7928102949.75,2014,3,March,11,19.5799560546875,6.15997314453125,0.9809655266795894,Increased
318,Bitcoin,BTC,2014-03-12 23:59:59,648.030029296875,629.510009765625,631.9099731445312,632.0999755859375,18621200.0,7905832725.0,2014,3,March,12,18.52001953125,0.19000244140625,0.030067960545195005,Increased
319,Bitcoin,BTC,2014-03-13 23:59:59,644.2000122070312,630.8499755859375,633.6199951171875,638.1400146484375,11634900.0,7983960982.0,2014,3,March,13,13.35003662109375,4.52001953125,0.7133644086490715,Increased
320,Bitcoin,BTC,2014-03-14 23:59:59,639.530029296875,627.2100219726562,638.1400146484375,628.7999877929688,11913800.0,7869180480.0,2014,3,March,14,12.32000732421875,-9.34002685546875,-1.4636328456246916,Decreased
321,Bitcoin,BTC,2014-03-15 23:59:59,639.1400146484375,627.2999877929688,629.3699951171875,636.1199951171875,4342080.0,7963443153.0,2014,3,March,15,11.84002685546875,6.75,1.0725010808218087,Increased
322,Bitcoin,BTC,2014-03-16 23:59:59,637.52001953125,628.1099853515625,636.5,631.1099853515625,5277290.0,7903422085.5,2014,3,March,16,9.4100341796875,-5.3900146484375,-0.8468208402886881,Decreased
323,Bitcoin,BTC,2014-03-17 23:59:59,632.6799926757812,616.85498046875,630.9199829101562,622.3729858398438,14648200.0,7796513248.98,2014,3,March,17,15.82501220703125,-8.5469970703125,-1.3546879638982052,Decreased
324,Bitcoin,BTC,2014-03-18 23:59:59,622.3909912109375,603.7960205078125,621.8380126953125,614.8319702148438,24011500.0,7704183117.6,2014,3,March,18,18.594970703125,-7.00604248046875,-1.126666806698027,Decreased
325,Bitcoin,BTC,2014-03-19 23:59:59,622.0,609.0960083007812,613.89599609375,609.8880004882812,14228900.0,7644702124.8,2014,3,March,19,12.90399169921875,-4.00799560546875,-0.6528786033744837,Decreased
326,Bitcoin,BTC,2014-03-20 23:59:59,609.7449951171875,587.4929809570312,609.7449951171875,588.77001953125,20572900.0,7382675345.5,2014,3,March,20,22.25201416015625,-20.9749755859375,-3.4399586308873755,Decreased
327,Bitcoin,BTC,2014-03-21 23:59:59,604.5919799804688,561.81298828125,588.2940063476562,571.489990234375,38414100.0,7168656262.0,2014,3,March,21,42.77899169921875,-16.80401611328125,-2.856397639949914,Decreased
328,Bitcoin,BTC,2014-03-22 23:59:59,572.5479736328125,554.3909912109375,571.1799926757812,565.0399780273438,17360700.0,7090150172.0,2014,3,March,22,18.156982421875,-6.1400146484375,-1.0749701892872068,Decreased
329,Bitcoin,BTC,2014-03-23 23:59:59,570.2379760742188,560.8779907226562,565.7639770507812,561.27197265625,9288400.0,7045871924.8,2014,3,March,23,9.3599853515625,-4.49200439453125,-0.7939714398126237,Decreased
330,Bitcoin,BTC,2014-03-24 23:59:59,586.56201171875,551.77197265625,562.5070190429688,583.4119873046875,22706900.0,7326517066.6,2014,3,March,24,34.7900390625,20.90496826171875,3.716392427828863,Increased
331,Bitcoin,BTC,2014-03-25 23:59:59,585.43798828125,572.60498046875,585.0260009765625,583.9169921875,14020100.0,7335179951.93,2014,3,March,25,12.8330078125,-1.1090087890625,-0.18956572651664577,Decreased
332,Bitcoin,BTC,2014-03-26 23:59:59,590.0280151367188,570.9630126953125,583.4819946289062,580.8270263671875,16401100.0,7298672082.0,2014,3,March,26,19.06500244140625,-2.65496826171875,-0.4550214550163294,Decreased
333,Bitcoin,BTC,2014-03-27 23:59:59,580.5599975585938,471.239013671875,580.2570190429688,471.239013671875,62225400.0,5923615601.7,2014,3,March,27,109.32098388671875,-109.01800537109375,-18.787882230343314,Decreased
334,Bitcoin,BTC,2014-03-28 23:59:59,526.0230102539062,473.2340087890625,477.14300537109375,495.6659851074219,58828300.0,6232801683.6,2014,3,March,28,52.78900146484375,18.522979736328125,3.8820604153930836,Increased
335,Bitcoin,BTC,2014-03-29 23:59:59,504.8590087890625,489.7340087890625,501.7130126953125,491.1719970703125,11147100.0,6178428029.4,2014,3,March,29,15.125,-10.541015625,-2.1010050284267794,Decreased
336,Bitcoin,BTC,2014-03-30 23:59:59,492.37200927734375,444.1789855957031,492.37200927734375,460.2730102539063,42958300.0,5791419542.98,2014,3,March,30,48.193023681640625,-32.09899902343744,-6.519257475775128,Decreased
337,Bitcoin,BTC,2014-03-31 23:59:59,483.0220031738281,443.364990234375,462.2990112304687,457.0010070800781,28254000.0,5752294437.05,2014,3,March,31,39.657012939453125,-5.298004150390568,-1.1460124338767768,Decreased
338,Bitcoin,BTC,2014-04-01 23:59:59,495.3429870605469,457.0,457.0,478.375,35685800.0,6023351178.12,2014,4,April,1,38.342987060546875,21.375,4.677242888402626,Increased
339,Bitcoin,BTC,2014-04-02 23:59:59,495.0450134277344,431.2690124511719,479.1369934082031,437.1400146484375,49647600.0,5506313796.5,2014,4,April,2,63.7760009765625,-41.996978759765625,-8.765129668037568,Decreased
340,Bitcoin,BTC,2014-04-03 23:59:59,449.5650024414063,414.8900146484375,436.4440002441406,444.7179870605469,40765500.0,5604036051.35,2014,4,April,3,34.67498779296881,8.27398681640625,1.8957728395344875,Increased
341,Bitcoin,BTC,2014-04-04 23:59:59,454.6520080566406,429.0910034179687,445.66400146484375,447.5260009765625,22925500.0,5641613449.35,2014,4,April,4,25.561004638671932,1.86199951171875,0.4178034361309378,Increased
342,Bitcoin,BTC,2014-04-05 23:59:59,463.5710144042969,444.1969909667969,446.6749877929687,461.9070129394531,13404500.0,5824866675.82,2014,4,April,5,19.3740234375,15.232025146484432,3.410091355628891,Increased
343,Bitcoin,BTC,2014-04-06 23:59:59,466.3190002441406,452.9700012207031,463.3970031738281,460.4989929199219,10241400.0,5808861023.23,2014,4,April,6,13.3489990234375,-2.89801025390625,-0.6253839006419204,Decreased
344,Bitcoin,BTC,2014-04-07 23:59:59,462.5639953613281,445.12200927734375,461.4739990234375,449.4230041503906,15616600.0,5670830649.57,2014,4,April,7,17.441986083984375,-12.050994873046875,-2.611413622121498,Decreased
345,Bitcoin,BTC,2014-04-08 23:59:59,457.4240112304687,446.114013671875,447.6130065917969,453.08599853515625,10921600.0,5718579640.4,2014,4,April,8,11.309997558593693,5.472991943359375,1.2227061910089891,Increased
346,Bitcoin,BTC,2014-04-09 23:59:59,455.7279968261719,441.9330139160156,453.177001953125,442.7250061035156,13204400.0,5589580215.0,2014,4,April,9,13.79498291015625,-10.451995849609375,-2.3063826726781893,Decreased
347,Bitcoin,BTC,2014-04-10 23:59:59,443.3659973144531,358.73199462890625,442.2560119628906,365.1759948730469,55868300.0,4611917256.8,2014,4,April,10,84.63400268554688,-77.08001708984375,-17.428822900051717,Decreased
348,Bitcoin,BTC,2014-04-11 23:59:59,429.7669982910156,351.2720031738281,363.7099914550781,420.9469909667969,62562800.0,5318033924.5,2014,4,April,11,78.4949951171875,57.23699951171875,15.736988495348525,Increased
349,Bitcoin,BTC,2014-04-12 23:59:59,439.6059875488281,415.78900146484375,420.8890075683594,421.1159973144531,19226500.0,5321874505.8,2014,4,April,12,23.816986083984375,0.22698974609375,0.05393102267154912,Increased
350,Bitcoin,BTC,2014-04-13 23:59:59,427.3980102539063,395.2539978027344,421.46099853515625,414.06298828125,22493500.0,5234667258.6,2014,4,April,13,32.14401245117193,-7.39801025390625,-1.7553249955794294,Decreased
351,Bitcoin,BTC,2014-04-14 23:59:59,469.7510070800781,407.37298583984375,414.8280029296875,458.7869873046875,50730200.0,5802302128.35,2014,4,April,14,62.378021240234375,43.958984375,10.596918256372136,Increased
352,Bitcoin,BTC,2014-04-15 23:59:59,518.9959716796875,453.5429992675781,458.37298583984375,515.5859985351562,49561000.0,6522974947.95,2014,4,April,15,65.45297241210938,57.2130126953125,12.48175927961488,Increased
353,Bitcoin,BTC,2014-04-16 23:59:59,542.3779907226562,502.781005859375,522.1849975585938,527.39501953125,56480100.0,6674473792.25,2014,4,April,16,39.59698486328125,5.21002197265625,0.9977349018097058,Increased
354,Bitcoin,BTC,2014-04-17 23:59:59,533.5170288085938,484.8739929199219,529.0670166015625,495.9630126953125,34025500.0,6278792387.4,2014,4,April,17,48.643035888671875,-33.10400390625,-6.257053051405857,Decreased
355,Bitcoin,BTC,2014-04-18 23:59:59,498.60101318359375,472.7409973144531,495.7980041503906,479.6449890136719,19042400.0,6074116359.88,2014,4,April,18,25.860015869140625,-16.15301513671875,-3.257983090189901,Decreased
356,Bitcoin,BTC,2014-04-19 23:59:59,503.5549926757813,470.5610046386719,479.5820007324219,501.5650024414063,19588200.0,6353700028.75,2014,4,April,19,32.99398803710943,21.983001708984432,4.583783727373379,Increased
357,Bitcoin,BTC,2014-04-20 23:59:59,510.8710021972656,490.8399963378906,501.7510070800781,498.1679992675781,12103100.0,6312896983.8,2014,4,April,20,20.031005859375,-3.5830078125,-0.7141007714864759,Decreased
358,Bitcoin,BTC,2014-04-21 23:59:59,510.5679931640625,493.2009887695313,497.739013671875,495.7730102539063,15171400.0,6284666434.5,2014,4,April,21,17.367004394531193,-1.9660034179686932,-0.3949868031170134,Decreased
359,Bitcoin,BTC,2014-04-22 23:59:59,503.2219848632813,487.5799865722656,495.4549865722656,487.9240112304687,11670900.0,6187034895.3,2014,4,April,22,15.641998291015682,-7.530975341796932,-1.5200120184275279,Decreased
360,Bitcoin,BTC,2014-04-23 23:59:59,493.2489929199219,485.8169860839844,488.3590087890625,491.3030090332031,9814530.0,6231920620.93,2014,4,April,23,7.4320068359375,2.944000244140625,0.6028352484866785,Increased
361,Bitcoin,BTC,2014-04-24 23:59:59,500.4649963378906,482.9519958496094,490.8250122070313,500.4649963378906,13009400.0,6350012524.62,2014,4,April,24,17.51300048828125,9.639984130859318,1.9640368545018538,Increased
362,Bitcoin,BTC,2014-04-25 23:59:59,500.2990112304687,442.9509887695313,500.0870056152344,461.4490051269531,46856500.0,5857079867.2,2014,4,April,25,57.348022460937386,-38.63800048828125,-7.726255642404999,Decreased
363,Bitcoin,BTC,2014-04-26 23:59:59,464.5429992675781,449.1029968261719,461.7049865722656,458.60101318359375,12214600.0,5822776641.82,2014,4,April,26,15.44000244140625,-3.103973388671875,-0.6722850042656068,Decreased
364,Bitcoin,BTC,2014-04-27 23:59:59,459.3299865722656,436.3900146484375,457.2420043945313,436.3900146484375,10949500.0,5542720307.0,2014,4,April,27,22.939971923828125,-20.851989746093807,-4.560383679908302,Decreased
365,Bitcoin,BTC,2014-04-28 23:59:59,447.5339965820313,422.9419860839844,430.7160034179687,440.2850036621094,23876600.0,5593864953.5,2014,4,April,28,24.592010498046932,9.569000244140682,2.221649571459011,Increased
366,Bitcoin,BTC,2014-04-29 23:59:59,451.635986328125,435.1809997558594,439.9830017089844,447.2090148925781,16401400.0,5683724523.93,2014,4,April,29,16.454986572265625,7.22601318359375,1.6423391711785296,Increased
367,Bitcoin,BTC,2014-04-30 23:59:59,451.0989990234375,436.6990051269531,446.8900146484375,447.6449890136719,15244900.0,5690810164.88,2014,4,April,30,14.399993896484375,0.754974365234375,0.16893963626112868,Increased
368,Bitcoin,BTC,2014-05-01 23:59:59,460.614013671875,447.6329956054687,447.6329956054687,457.760009765625,12871800.0,5821425472.0,2014,5,May,1,12.981018066406307,10.127014160156307,2.262347561412112,Increased
369,Bitcoin,BTC,2014-05-02 23:59:59,457.9289855957031,443.4030151367187,457.364013671875,449.37701416015625,10394200.0,5716625926.82,2014,5,May,2,14.525970458984432,-7.98699951171875,-1.7463113128635508,Decreased
370,Bitcoin,BTC,2014-05-03 23:59:59,449.4030151367187,430.6820068359375,449.4030151367187,437.7619934082031,9849640.0,5570422953.55,2014,5,May,3,18.721008300781193,-11.641021728515568,-2.5903301349622905,Decreased
371,Bitcoin,BTC,2014-05-04 23:59:59,439.7690124511719,430.0539855957031,438.5169982910156,436.4030151367187,5621260.0,5554777405.65,2014,5,May,4,9.71502685546875,-2.113983154296932,-0.48207553242759743,Decreased
372,Bitcoin,BTC,2014-05-05 23:59:59,440.9739990234375,427.6170043945313,434.7820129394531,433.4819946289063,10004800.0,5518951942.35,2014,5,May,5,13.356994628906193,-1.3000183105468182,-0.29900462113363835,Decreased
373,Bitcoin,BTC,2014-05-06 23:59:59,448.0379943847656,423.2510070800781,433.364013671875,428.9620056152344,12507300.0,5463474513.0,2014,5,May,6,24.7869873046875,-4.402008056640625,-1.015776095329789,Decreased
374,Bitcoin,BTC,2014-05-07 23:59:59,446.12799072265625,428.4509887695313,429.3410034179687,438.8210144042969,18332200.0,5590798950.5,2014,5,May,7,17.677001953124943,9.480010986328182,2.2080376462667544,Increased
375,Bitcoin,BTC,2014-05-08 23:59:59,448.3989868164063,438.14300537109375,438.6789855957031,440.16900634765625,9446580.0,5609810850.07,2014,5,May,8,10.255981445312557,1.490020751953125,0.33966084560211035,Increased
376,Bitcoin,BTC,2014-05-09 23:59:59,452.6919860839844,440.14300537109375,440.1780090332031,449.46099853515625,10347900.0,5730133342.9,2014,5,May,9,12.548980712890625,9.282989501953125,2.1089171452117905,Increased
377,Bitcoin,BTC,2014-05-10 23:59:59,455.77099609375,448.4679870605469,450.45599365234375,454.4330139160156,6682600.0,5795543100.55,2014,5,May,10,7.303009033203125,3.977020263671875,0.882887633800981,Increased
378,Bitcoin,BTC,2014-05-11 23:59:59,455.3389892578125,433.4010009765625,453.9200134277344,438.885986328125,12251700.0,5598956479.2,2014,5,May,11,21.93798828125,-15.034027099609375,-3.312043235565079,Decreased
379,Bitcoin,BTC,2014-05-12 23:59:59,442.260009765625,434.2309875488281,438.3030090332031,441.4620056152344,7383770.0,5633629020.6,2014,5,May,12,8.029022216796875,3.15899658203125,0.7207334918825401,Increased
380,Bitcoin,BTC,2014-05-13 23:59:59,441.97601318359375,436.9670104980469,441.531005859375,440.6709899902344,7682670.0,5625308533.07,2014,5,May,13,5.009002685546875,-0.860015869140625,-0.19478040222039014,Decreased
381,Bitcoin,BTC,2014-05-14 23:59:59,446.6589965820313,440.50299072265625,440.5920104980469,443.9719848632813,9472960.0,5669111765.9,2014,5,May,14,6.156005859375057,3.379974365234432,0.767143816660156,Increased
382,Bitcoin,BTC,2014-05-15 23:59:59,449.7990112304687,443.6300048828125,444.135986328125,447.25201416015625,7362980.0,5712906334.2,2014,5,May,15,6.169006347656193,3.11602783203125,0.7015931894627307,Increased
383,Bitcoin,BTC,2014-05-16 23:59:59,450.6610107421875,444.9639892578125,447.385986328125,448.0580139160156,6475100.0,5725217915.3,2014,5,May,16,5.697021484375,0.672027587890625,0.15021203355210636,Increased
384,Bitcoin,BTC,2014-05-17 23:59:59,451.9800109863281,447.3009948730469,448.1170043945313,448.9030151367187,2945790.0,5737967926.6,2014,5,May,17,4.67901611328125,0.7860107421873863,0.17540301628352548,Increased
385,Bitcoin,BTC,2014-05-18 23:59:59,449.7669982910156,444.7839965820313,448.7009887695313,446.2640075683594,2857830.0,5706165792.6,2014,5,May,18,4.983001708984318,-2.436981201171932,-0.5431191956707837,Decreased
386,Bitcoin,BTC,2014-05-19 23:59:59,447.5549926757813,443.1000061035156,446.0759887695313,446.1809997558594,6242620.0,5706978471.22,2014,5,May,19,4.454986572265682,0.10501098632806816,0.023541053311955537,Increased
387,Bitcoin,BTC,2014-05-20 23:59:59,491.4440002441406,446.0069885253906,446.3049926757813,485.7239990234375,40327500.0,6214911438.6,2014,5,May,20,45.43701171875,39.41900634765619,8.832302348069893,Increased
388,Bitcoin,BTC,2014-05-21 23:59:59,494.3689880371094,483.489013671875,485.7999877929687,491.7699890136719,14626000.0,6294422409.25,2014,5,May,21,10.879974365234375,5.970001220703182,1.2289010643712472,Increased
389,Bitcoin,BTC,2014-05-22 23:59:59,525.3560180664062,490.1910095214844,492.0490112304687,524.5789794921875,33086500.0,6716604600.2,2014,5,May,22,35.165008544921875,32.52996826171881,6.611123591198973,Increased
390,Bitcoin,BTC,2014-05-23 23:59:59,541.9559936523438,520.0759887695312,525.7150268554688,520.2219848632812,34934700.0,6662964359.35,2014,5,May,23,21.8800048828125,-5.4930419921875,-1.0448706450420076,Decreased
391,Bitcoin,BTC,2014-05-24 23:59:59,525.1699829101562,516.281005859375,521.051025390625,525.1380004882812,11499300.0,6727963028.4,2014,5,May,24,8.88897705078125,4.08697509765625,0.7843713760264265,Increased
392,Bitcoin,BTC,2014-05-25 23:59:59,576.47802734375,525.22802734375,525.22802734375,571.5880126953125,47010300.0,7325371780.1,2014,5,May,25,51.25,46.3599853515625,8.826639657068592,Increased
393,Bitcoin,BTC,2014-05-26 23:59:59,588.3889770507812,565.3319702148438,571.3930053710938,583.4240112304688,29959800.0,7479335238.4,2014,5,May,26,23.0570068359375,12.031005859375,2.105557076527636,Increased
394,Bitcoin,BTC,2014-05-27 23:59:59,589.5170288085938,554.4340209960938,582.5880126953125,571.2440185546875,38032000.0,7325147498.6,2014,5,May,27,35.0830078125,-11.343994140625,-1.9471725976891654,Decreased
395,Bitcoin,BTC,2014-05-28 23:59:59,578.6240234375,564.0869750976562,571.9149780273438,577.06201171875,19289000.0,7402205098.8,2014,5,May,28,14.53704833984375,5.14703369140625,0.8999648355354257,Increased
396,Bitcoin,BTC,2014-05-29 23:59:59,577.0960083007812,561.5960083007812,576.3300170898438,568.1799926757812,18707800.0,7290260762.0,2014,5,May,29,15.5,-8.1500244140625,-1.4141245766124997,Decreased
397,Bitcoin,BTC,2014-05-30 23:59:59,618.4580078125,568.156982421875,568.177001953125,615.3250122070312,31985400.0,7897757907.5,2014,5,May,30,50.301025390625,47.14801025390625,8.298120144221535,Increased
398,Bitcoin,BTC,2014-05-31 23:59:59,624.7150268554688,604.4710083007812,615.68701171875,623.677001953125,15107100.0,8007248675.68,2014,5,May,31,20.2440185546875,7.989990234375,1.2977357134869822,Increased
399,Bitcoin,BTC,2014-06-01 23:59:59,671.5130004882812,619.906005859375,623.6929931640625,630.22900390625,45259100.0,8094125581.35,2014,6,June,1,51.60699462890625,6.5360107421875,1.0479532099646665,Increased
400,Bitcoin,BTC,2014-06-02 23:59:59,665.4979858398438,618.7449951171875,629.64501953125,660.6179809570312,45450200.0,8487587033.1,2014,6,June,2,46.75299072265625,30.97296142578125,4.919114813111617,Increased
401,Bitcoin,BTC,2014-06-03 23:59:59,674.1110229492188,650.7839965820312,660.5499877929688,667.60498046875,40653700.0,8580309811.88,2014,6,June,3,23.3270263671875,7.05499267578125,1.0680482637435826,Increased
402,Bitcoin,BTC,2014-06-04 23:59:59,668.56298828125,624.0889892578125,666.7739868164062,641.614013671875,37731500.0,8249183076.95,2014,6,June,4,44.4739990234375,-25.15997314453125,-3.7733885307464696,Decreased
403,Bitcoin,BTC,2014-06-05 23:59:59,663.5260009765625,640.0900268554688,641.072021484375,659.2579956054688,29621300.0,8478552323.5,2014,6,June,5,23.43597412109375,18.18597412109375,2.8368067099520116,Increased
404,Bitcoin,BTC,2014-06-06 23:59:59,661.3660278320312,652.3040161132812,659.2830200195312,653.7020263671875,18680100.0,8409353268.4,2014,6,June,6,9.06201171875,-5.58099365234375,-0.8465247068214214,Decreased
405,Bitcoin,BTC,2014-06-07 23:59:59,656.9439697265625,644.906982421875,653.52197265625,654.968994140625,15855300.0,8428206588.9,2014,6,June,7,12.0369873046875,1.447021484375,0.2214189491584436,Increased
406,Bitcoin,BTC,2014-06-08 23:59:59,658.8839721679688,653.469970703125,654.9940185546875,656.1400146484375,8614190.0,8445489606.5,2014,6,June,8,5.41400146484375,1.14599609375,0.1749628334436946,Increased
407,Bitcoin,BTC,2014-06-09 23:59:59,657.7030029296875,644.3930053710938,655.6400146484375,649.1589965820312,19065400.0,8358149330.65,2014,6,June,9,13.30999755859375,-6.48101806640625,-0.9885025199203947,Decreased
408,Bitcoin,BTC,2014-06-10 23:59:59,659.614990234375,646.5640258789062,650.0419921875,653.1500244140625,17913400.0,8412294411.25,2014,6,June,10,13.05096435546875,3.1080322265625,0.47812791541411837,Increased
409,Bitcoin,BTC,2014-06-11 23:59:59,657.0399780273438,632.5469970703125,653.18798828125,633.02001953125,25163800.0,8155307438.5,2014,6,June,11,24.49298095703125,-20.16796875,-3.0876208858445917,Decreased
410,Bitcoin,BTC,2014-06-12 23:59:59,638.1090087890625,573.27197265625,633.427978515625,586.9520263671875,50818800.0,7564343900.0,2014,6,June,12,64.8370361328125,-46.4759521484375,-7.337211762787814,Decreased
411,Bitcoin,BTC,2014-06-13 23:59:59,615.1370239257812,585.6959838867188,2288.330078125,600.1630249023438,35700700.0,7737046326.73,2014,6,June,13,29.4410400390625,-1688.1670532226562,-73.77288221487251,Decreased
412,Bitcoin,BTC,2014-06-14 23:59:59,601.27001953125,549.8209838867188,600.7459716796875,577.3579711914062,38481200.0,7445594334.05,2014,6,June,14,51.44903564453125,-23.38800048828125,-3.8931597698255604,Decreased
413,Bitcoin,BTC,2014-06-15 23:59:59,592.93701171875,554.8909912109375,575.927978515625,592.93701171875,23580900.0,7649361649.6,2014,6,June,15,38.0460205078125,17.009033203125,2.953326429280869,Increased
414,Bitcoin,BTC,2014-06-16 23:59:59,608.719970703125,587.0679931640625,592.6489868164062,592.18798828125,28677500.0,7642482234.0,2014,6,June,16,21.6519775390625,-0.46099853515625,-0.07778610027372922,Decreased
415,Bitcoin,BTC,2014-06-17 23:59:59,610.8889770507812,590.4000244140625,591.5859985351562,610.864013671875,18597300.0,7886300054.8,2014,6,June,17,20.48895263671875,19.27801513671875,3.25870037229644,Increased
416,Bitcoin,BTC,2014-06-18 23:59:59,615.8809814453125,604.39599609375,609.7670288085938,607.9580078125,17862000.0,7851200009.9,2014,6,June,18,11.4849853515625,-1.80902099609375,-0.2966741248093299,Decreased
417,Bitcoin,BTC,2014-06-19 23:59:59,612.2410278320312,597.0180053710938,608.0700073242188,598.0709838867188,12803800.0,7726000792.2,2014,6,June,19,15.2230224609375,-9.9990234375,-1.644386882605869,Decreased
418,Bitcoin,BTC,2014-06-20 23:59:59,599.7540283203125,587.7559814453125,597.4019775390625,594.14599609375,18134100.0,7678074489.75,2014,6,June,20,11.998046875,-3.2559814453125,-0.5450235465783339,Decreased
419,Bitcoin,BTC,2014-06-21 23:59:59,599.4619750976562,587.7369995117188,593.677978515625,594.9920043945312,9256290.0,7691773954.8,2014,6,June,21,11.7249755859375,1.31402587890625,0.22133646967868226,Increased
420,Bitcoin,BTC,2014-06-22 23:59:59,605.9970092773438,594.6270141601562,595.9039916992188,602.2730102539062,10877700.0,7788609492.83,2014,6,June,22,11.3699951171875,6.3690185546875,1.0687994447773808,Increased
421,Bitcoin,BTC,2014-06-23 23:59:59,603.2119750976562,586.343017578125,602.1610107421875,593.9840087890625,14053800.0,7684029467.2,2014,6,June,23,16.86895751953125,-8.177001953125,-1.3579427773057773,Decreased
422,Bitcoin,BTC,2014-06-24 23:59:59,596.9710083007812,582.3569946289062,593.969970703125,582.3569946289062,14144900.0,7536340172.7,2014,6,June,24,14.614013671875,-11.61297607421875,-1.9551453182846321,Decreased
423,Bitcoin,BTC,2014-06-25 23:59:59,583.5989990234375,565.625,581.8090209960938,566.3359985351562,20687700.0,7331658430.4,2014,6,June,25,17.9739990234375,-15.4730224609375,-2.6594676092245373,Decreased
424,Bitcoin,BTC,2014-06-26 23:59:59,581.6290283203125,564.7310180664062,566.1370239257812,581.1370239257812,14655900.0,7525767735.27,2014,6,June,26,16.89801025390625,15.0,2.649535247842482,Increased
425,Bitcoin,BTC,2014-06-27 23:59:59,600.1240234375,579.885009765625,581.2969970703125,597.260986328125,20814600.0,7737366939.75,2014,6,June,27,20.239013671875,15.9639892578125,2.746270725338278,Increased
426,Bitcoin,BTC,2014-06-28 23:59:59,604.4730224609375,595.9180297851562,599.0770263671875,596.5490112304688,13398100.0,7730991679.22,2014,6,June,28,8.55499267578125,-2.52801513671875,-0.42198499115358734,Decreased
427,Bitcoin,BTC,2014-06-29 23:59:59,604.0759887695312,596.1619873046875,596.3319702148438,602.7150268554688,8897470.0,7813280834.62,2014,6,June,29,7.91400146484375,6.383056640625,1.070386455773173,Increased
428,Bitcoin,BTC,2014-06-30 23:59:59,645.155029296875,599.8829956054688,602.6199951171875,639.7969970703125,46422400.0,8296103744.68,2014,6,June,30,45.27203369140625,37.177001953125,6.169228079777777,Increased
429,Bitcoin,BTC,2014-07-01 23:59:59,657.8579711914062,640.1069946289062,641.3909912109375,640.8060302734375,38446300.0,8311317900.6,2014,7,July,1,17.7509765625,-0.5849609375,-0.09120192605069205,Decreased
430,Bitcoin,BTC,2014-07-02 23:59:59,656.677978515625,638.3389892578125,641.0369873046875,650.8790283203125,25768200.0,8444194978.48,2014,7,July,2,18.3389892578125,9.842041015625,1.5353312227749876,Increased
431,Bitcoin,BTC,2014-07-03 23:59:59,650.7689819335938,641.302978515625,650.7689819335938,645.156005859375,18949000.0,8372189412.0,2014,7,July,3,9.46600341796875,-5.61297607421875,-0.8625143837589225,Decreased
432,Bitcoin,BTC,2014-07-04 23:59:59,648.4329833984375,629.4030151367188,644.64599609375,630.6920166015625,22237200.0,8187107455.8,2014,7,July,4,19.02996826171875,-13.9539794921875,-2.1645956969781897,Decreased
433,Bitcoin,BTC,2014-07-05 23:59:59,633.2219848632812,628.0040283203125,629.9509887695312,631.4569702148438,9105940.0,8199437572.15,2014,7,July,5,5.21795654296875,1.5059814453125,0.2390632719307416,Increased
434,Bitcoin,BTC,2014-07-06 23:59:59,638.6530151367188,631.1599731445312,631.77197265625,635.8070068359375,10080000.0,8258179219.5,2014,7,July,6,7.4930419921875,4.0350341796875,0.6386852146546521,Increased
435,Bitcoin,BTC,2014-07-07 23:59:59,637.156982421875,617.0070190429688,635.4630126953125,624.0859985351562,17813600.0,8108140914.15,2014,7,July,7,20.14996337890625,-11.37701416015625,-1.7903503324136385,Decreased
436,Bitcoin,BTC,2014-07-08 23:59:59,626.6950073242188,620.906982421875,622.5700073242188,624.8179931640625,10005500.0,8120056625.75,2014,7,July,8,5.78802490234375,2.24798583984375,0.3610816154645008,Increased
437,Bitcoin,BTC,2014-07-09 23:59:59,626.9979858398438,622.5960083007812,625.2210083007812,624.5089721679688,9819150.0,8118679450.9,2014,7,July,9,4.4019775390625,-0.7120361328125,-0.1138855098211853,Decreased
438,Bitcoin,BTC,2014-07-10 23:59:59,626.1160278320312,612.3460083007812,624.8259887695312,616.7620239257812,15880700.0,8020234276.55,2014,7,July,10,13.77001953125,-8.06396484375,-1.2905936994762897,Decreased
439,Bitcoin,BTC,2014-07-11 23:59:59,632.0859985351562,615.7689819335938,616.6619873046875,632.0029907226562,16467100.0,8220889623.03,2014,7,July,11,16.3170166015625,15.34100341796875,2.4877491614200777,Increased
440,Bitcoin,BTC,2014-07-12 23:59:59,636.6580200195312,626.9819946289062,631.8809814453125,633.7130126953125,13329000.0,8245635913.62,2014,7,July,12,9.676025390625,1.83203125,0.28993296266166496,Increased
441,Bitcoin,BTC,2014-07-13 23:59:59,634.7269897460938,624.9089965820312,634.2169799804688,626.4970092773438,11291000.0,8154265678.05,2014,7,July,13,9.8179931640625,-7.719970703125,-1.217244404803344,Decreased
442,Bitcoin,BTC,2014-07-14 23:59:59,627.3419799804688,617.322021484375,626.56201171875,619.3150024414062,12706800.0,8062877467.88,2014,7,July,14,10.01995849609375,-7.24700927734375,-1.1566308109654075,Decreased
443,Bitcoin,BTC,2014-07-15 23:59:59,625.1409912109375,619.635009765625,619.9959716796875,621.5859985351562,10873200.0,8094883398.7,2014,7,July,15,5.5059814453125,1.59002685546875,0.2564576107101251,Increased
444,Bitcoin,BTC,2014-07-16 23:59:59,623.0919799804688,615.3250122070312,622.0130004882812,616.7999877929688,13182400.0,8034806880.0,2014,7,July,16,7.7669677734375,-5.2130126953125,-0.8380874179832699,Decreased
445,Bitcoin,BTC,2014-07-17 23:59:59,626.2899780273438,608.3989868164062,616.5390014648438,623.0889892578125,16576700.0,8119394872.88,2014,7,July,17,17.8909912109375,6.54998779296875,1.0623801215181101,Increased
446,Bitcoin,BTC,2014-07-18 23:59:59,629.2130126953125,620.4719848632812,622.3690185546875,628.7789916992188,14158100.0,8196212862.38,2014,7,July,18,8.74102783203125,6.40997314453125,1.029931271228278,Increased
447,Bitcoin,BTC,2014-07-19 23:59:59,629.166015625,624.5969848632812,629.166015625,628.5150146484375,7222030.0,8195599906.88,2014,7,July,19,4.56903076171875,-0.6510009765625,-0.10347046095867235,Decreased
448,Bitcoin,BTC,2014-07-20 23:59:59,628.5590209960938,622.7750244140625,628.5590209960938,623.9000244140625,5760120.0,8137808455.0,2014,7,July,20,5.78399658203125,-4.65899658203125,-0.7412186328418321,Decreased
449,Bitcoin,BTC,2014-07-21 23:59:59,624.0900268554688,619.1090087890625,623.9500122070312,622.2109985351562,10711900.0,8118204690.85,2014,7,July,21,4.98101806640625,-1.739013671875,-0.2787104155545689,Decreased
450,Bitcoin,BTC,2014-07-22 23:59:59,624.2979736328125,620.9569702148438,622.2730102539062,621.551025390625,9602880.0,8111799945.9,2014,7,July,22,3.34100341796875,-0.72198486328125,-0.11602381131501402,Decreased
451,Bitcoin,BTC,2014-07-23 23:59:59,624.4310302734375,618.2930297851562,621.1229858398438,619.4149780273438,11056600.0,8086153117.5,2014,7,July,23,6.13800048828125,-1.7080078125,-0.2749870559355549,Decreased
452,Bitcoin,BTC,2014-07-24 23:59:59,620.4290161132812,595.5659790039062,619.4959716796875,601.7329711914062,20917200.0,7857489687.3,2014,7,July,24,24.863037109375,-17.76300048828125,-2.867331072406984,Decreased
453,Bitcoin,BTC,2014-07-25 23:59:59,607.0650024414062,597.2260131835938,601.5120239257812,601.0889892578125,12279500.0,7851574790.25,2014,7,July,25,9.8389892578125,-0.42303466796875,-0.07032854725127606,Decreased
454,Bitcoin,BTC,2014-07-26 23:59:59,602.0880126953125,593.9639892578125,601.5419921875,595.81298828125,10752900.0,7784669228.12,2014,7,July,26,8.1240234375,-5.72900390625,-0.9523863638208445,Decreased
455,Bitcoin,BTC,2014-07-27 23:59:59,598.9420166015625,593.4299926757812,595.6719970703125,593.8519897460938,7774230.0,7761289328.8,2014,7,July,27,5.51202392578125,-1.82000732421875,-0.3055385066227846,Decreased
456,Bitcoin,BTC,2014-07-28 23:59:59,594.572998046875,575.1849975585938,594.1370239257812,585.6909790039062,19316400.0,7656826296.65,2014,7,July,28,19.38800048828125,-8.446044921875,-1.4215651578262978,Decreased
457,Bitcoin,BTC,2014-07-29 23:59:59,588.385009765625,581.6950073242188,585.552001953125,584.7249755859375,11275400.0,7646390352.5,2014,7,July,29,6.69000244140625,-0.8270263671875,-0.14123875666532273,Decreased
458,Bitcoin,BTC,2014-07-30 23:59:59,585.1220092773438,564.89599609375,584.7420043945312,567.2930297851562,14898800.0,7420859009.27,2014,7,July,30,20.22601318359375,-17.448974609375,-2.9840467211590984,Decreased
459,Bitcoin,BTC,2014-07-31 23:59:59,586.2349853515625,564.510986328125,567.3679809570312,586.2349853515625,22467900.0,7670841007.38,2014,7,July,31,21.7239990234375,18.86700439453125,3.325355858592259,Increased
460,Bitcoin,BTC,2014-08-01 23:59:59,597.9219970703125,583.6339721679688,586.2020263671875,594.916015625,18215900.0,7786796032.4,2014,8,August,1,14.28802490234375,8.7139892578125,1.486516399783681,Increased
461,Bitcoin,BTC,2014-08-02 23:59:59,594.9099731445312,586.155029296875,594.8980102539062,589.3330078125,8359080.0,7716181168.97,2014,8,August,2,8.75494384765625,-5.56500244140625,-0.9354548755392662,Decreased
462,Bitcoin,BTC,2014-08-03 23:59:59,589.1510009765625,581.6500244140625,588.8930053710938,586.666015625,9917990.0,7683520602.05,2014,8,August,3,7.5009765625,-2.22698974609375,-0.37816542661945896,Decreased
463,Bitcoin,BTC,2014-08-04 23:59:59,591.9459838867188,583.739990234375,586.2329711914062,588.781982421875,9867570.0,7713117797.75,2014,8,August,4,8.20599365234375,2.54901123046875,0.4348119869969737,Increased
464,Bitcoin,BTC,2014-08-05 23:59:59,589.864990234375,584.1019897460938,589.010986328125,585.4359741210938,10790800.0,7671275261.9,2014,8,August,5,5.76300048828125,-3.57501220703125,-0.6069517020926481,Decreased
465,Bitcoin,BTC,2014-08-06 23:59:59,587.4860229492188,583.0980224609375,585.9520263671875,584.6530151367188,14497900.0,7663383046.48,2014,8,August,6,4.38800048828125,-1.29901123046875,-0.22169242054207405,Decreased
466,Bitcoin,BTC,2014-08-07 23:59:59,591.10400390625,584.052001953125,584.64599609375,588.8690185546875,11131400.0,7721014780.4,2014,8,August,7,7.052001953125,4.2230224609375,0.7223212831616355,Increased
467,Bitcoin,BTC,2014-08-08 23:59:59,598.1160278320312,588.791015625,588.875,592.5770263671875,11072000.0,7771958457.93,2014,8,August,8,9.32501220703125,3.7020263671875,0.6286608137868818,Increased
468,Bitcoin,BTC,2014-08-09 23:59:59,592.469970703125,587.6329956054688,592.469970703125,589.3720092773438,7922070.0,7732619577.2,2014,8,August,9,4.83697509765625,-3.09796142578125,-0.5228891891524368,Decreased
469,Bitcoin,BTC,2014-08-10 23:59:59,594.4600219726562,587.9420166015625,589.1719970703125,591.0609741210938,7555310.0,7757394871.03,2014,8,August,10,6.51800537109375,1.88897705078125,0.3206155520245843,Increased
470,Bitcoin,BTC,2014-08-11 23:59:59,591.5070190429688,574.051025390625,591.281982421875,576.3679809570312,14764200.0,7567178699.6,2014,8,August,11,17.45599365234375,-14.91400146484375,-2.5223162396656167,Decreased
471,Bitcoin,BTC,2014-08-12 23:59:59,576.947998046875,566.594970703125,576.5120239257812,569.6420288085938,13978200.0,7481336242.8,2014,8,August,12,10.35302734375,-6.8699951171875,-1.1916481932858916,Decreased
472,Bitcoin,BTC,2014-08-13 23:59:59,573.0330200195312,532.6669921875,570.3770141601562,546.6580200195312,25777500.0,7181459812.45,2014,8,August,13,40.36602783203125,-23.718994140625,-4.158476507954954,Decreased
473,Bitcoin,BTC,2014-08-14 23:59:59,546.2440185546875,498.7250061035156,546.1810302734375,505.9739990234375,35803900.0,6649282619.7,2014,8,August,14,47.519012451171875,-40.20703125,-7.3614843836430826,Decreased
474,Bitcoin,BTC,2014-08-15 23:59:59,518.1790161132812,487.9259948730469,511.1380004882813,497.010009765625,25598300.0,6533519506.5,2014,8,August,15,30.253021240234375,-14.127990722656307,-2.7640266834318874,Decreased
475,Bitcoin,BTC,2014-08-16 23:59:59,521.4749755859375,487.7439880371094,497.8259887695313,519.7080078125,22832500.0,6833965309.5,2014,8,August,16,33.730987548828125,21.882019042968693,4.395515609189897,Increased
476,Bitcoin,BTC,2014-08-17 23:59:59,520.1900024414062,483.6260070800781,519.1420288085938,491.7950134277344,24300900.0,6468997660.75,2014,8,August,17,36.563995361328125,-27.347015380859375,-5.2677328868208715,Decreased
477,Bitcoin,BTC,2014-08-18 23:59:59,499.3699951171875,443.85101318359375,491.5069885253906,461.4599914550781,50783800.0,6072259848.0,2014,8,August,18,55.51898193359375,-30.0469970703125,-6.113239032563687,Decreased
478,Bitcoin,BTC,2014-08-19 23:59:59,485.7099914550781,455.53900146484375,461.4800109863281,485.2449951171875,38422400.0,6387510426.38,2014,8,August,19,30.170989990234375,23.764984130859375,5.149732071832562,Increased
479,Bitcoin,BTC,2014-08-20 23:59:59,518.2849731445312,467.510986328125,485.0719909667969,511.9800109863281,46527600.0,6741573447.0,2014,8,August,20,50.77398681640625,26.90802001953125,5.547221963053542,Increased
480,Bitcoin,BTC,2014-08-21 23:59:59,531.9000244140625,510.4490051269531,510.4490051269531,517.2369995117188,49444200.0,6812929385.67,2014,8,August,21,21.451019287109375,6.787994384765625,1.329808524766816,Increased
481,Bitcoin,BTC,2014-08-22 23:59:59,521.47900390625,501.2749938964844,517.5809936523438,514.0430297851562,36563900.0,6772889206.18,2014,8,August,22,20.204010009765625,-3.5379638671875,-0.6835575321693382,Decreased
482,Bitcoin,BTC,2014-08-23 23:59:59,514.2990112304688,492.114013671875,513.3939819335938,498.0750122070313,25171900.0,6564528885.0,2014,8,August,23,22.18499755859375,-15.318969726562443,-2.983862348535265,Decreased
483,Bitcoin,BTC,2014-08-24 23:59:59,512.8880004882812,497.35101318359375,498.2850036621094,508.2860107421875,19441700.0,6700963066.7,2014,8,August,24,15.5369873046875,10.001007080078125,2.0070857052844158,Increased
484,Bitcoin,BTC,2014-08-25 23:59:59,508.2200012207031,499.2330017089844,508.2200012207031,502.4960021972656,18356700.0,6626339377.6,2014,8,August,25,8.98699951171875,-5.7239990234375,-1.1262836979435913,Decreased
485,Bitcoin,BTC,2014-08-26 23:59:59,512.68798828125,502.54400634765625,502.54400634765625,511.5700073242187,23235100.0,6748171027.0,2014,8,August,26,10.14398193359375,9.026000976562443,1.796061810021533,Increased
486,Bitcoin,BTC,2014-08-27 23:59:59,520.708984375,510.9219970703125,512.1890258789062,511.1530151367187,22648500.0,6744868296.2,2014,8,August,27,9.7869873046875,-1.0360107421875568,-0.2022711713531509,Decreased
487,Bitcoin,BTC,2014-08-28 23:59:59,516.156982421875,506.87701416015625,510.8840026855469,507.8150024414063,19862000.0,6703031046.25,2014,8,August,28,9.27996826171875,-3.069000244140568,-0.6007234965291254,Decreased
488,Bitcoin,BTC,2014-08-29 23:59:59,511.6950073242187,503.8169860839844,508.4249877929687,508.5169982910156,17624800.0,6714458468.0,2014,8,August,29,7.878021240234318,0.09201049804693184,0.018097162857070005,Increased
489,Bitcoin,BTC,2014-08-30 23:59:59,509.3080139160156,501.635986328125,508.5899963378906,504.2489929199219,9424070.0,6660385522.73,2014,8,August,30,7.672027587890625,-4.34100341796875,-0.8535369254657397,Decreased
490,Bitcoin,BTC,2014-08-31 23:59:59,504.8789978027344,474.8139953613281,502.9049987792969,477.7630004882813,44632300.0,6312801959.75,2014,8,August,31,30.06500244140625,-25.141998291015568,-4.999353426997709,Decreased
491,Bitcoin,BTC,2014-09-01 23:59:59,485.3059997558594,471.9100036621094,477.7869873046875,474.8789978027344,20432000.0,6276309535.35,2014,9,September,1,13.39599609375,-2.907989501953125,-0.6086372335834846,Decreased
492,Bitcoin,BTC,2014-09-02 23:59:59,482.9880065917969,472.3240051269531,474.4750061035156,477.4259948730469,23337900.0,6311703012.15,2014,9,September,2,10.66400146484375,2.95098876953125,0.6219482020276188,Increased
493,Bitcoin,BTC,2014-09-03 23:59:59,481.7120056152344,476.2080078125,476.8710021972656,477.58599853515625,13342200.0,6315859936.3,2014,9,September,3,5.503997802734375,0.714996337890625,0.14993495821640565,Increased
494,Bitcoin,BTC,2014-09-04 23:59:59,493.9280090332031,477.08599853515625,477.6799926757813,489.6600036621094,26081400.0,6477467310.0,2014,9,September,4,16.842010498046875,11.980010986328068,2.507957454784868,Increased
495,Bitcoin,BTC,2014-09-05 23:59:59,490.64300537109375,481.6090087890625,489.6650085449219,483.3420104980469,15302500.0,6395641761.75,2014,9,September,5,9.03399658203125,-6.322998046875,-1.2912905632494114,Decreased
496,Bitcoin,BTC,2014-09-06 23:59:59,488.5950012207031,482.99798583984375,483.3410034179687,484.8299865722656,10601400.0,6417500778.0,2014,9,September,6,5.597015380859375,1.4889831542969318,0.308060591542517,Increased
497,Bitcoin,BTC,2014-09-07 23:59:59,488.0660095214844,482.2780151367187,485.1289978027344,482.2780151367187,8994050.0,6385589802.05,2014,9,September,7,5.787994384765682,-2.850982666015682,-0.5876751707130405,Decreased
498,Bitcoin,BTC,2014-09-08 23:59:59,489.8340148925781,468.7900085449219,481.8110046386719,474.6000061035156,30238000.0,6285637995.0,2014,9,September,8,21.04400634765625,-7.21099853515625,-1.4966446315529982,Decreased
499,Bitcoin,BTC,2014-09-09 23:59:59,477.37701416015625,467.7780151367187,474.8800048828125,475.260009765625,21447800.0,6296101902.0,2014,9,September,9,9.598999023437557,0.3800048828125,0.08002124303091576,Increased
500,Bitcoin,BTC,2014-09-10 23:59:59,487.4679870605469,475.1449890136719,475.4840087890625,479.3590087890625,22787800.0,6352285708.38,2014,9,September,10,12.322998046875,3.875,0.814959058217046,Increased
501,Bitcoin,BTC,2014-09-11 23:59:59,2387.610107421875,474.6099853515625,479.6170043945313,479.7489929199219,16852900.0,6359504769.1,2014,9,September,11,1913.0001220703125,0.13198852539056816,0.02751956752600766,Increased
502,Bitcoin,BTC,2014-09-12 23:59:59,479.62799072265625,473.0090026855469,479.5820007324219,477.75299072265625,15437200.0,6334873397.93,2014,9,September,12,6.618988037109375,-1.829010009765625,-0.38137586626944814,Decreased
503,Bitcoin,BTC,2014-09-13 23:59:59,482.1170043945313,475.0979919433594,477.7929992675781,479.00201416015625,15588000.0,6353614253.55,2014,9,September,13,7.019012451171932,1.209014892578125,0.2530415670450293,Increased
504,Bitcoin,BTC,2014-09-14 23:59:59,479.8529968261719,476.1189880371094,479.1170043945313,477.8919982910156,13105500.0,6340778581.7,2014,9,September,14,3.7340087890625,-1.2250061035156818,-0.25567994712768416,Decreased
505,Bitcoin,BTC,2014-09-15 23:59:59,478.6199951171875,474.0220031738281,477.7650146484375,475.3710021972656,15345200.0,6309195217.65,2014,9,September,15,4.597991943359375,-2.394012451171875,-0.5010857592688123,Decreased
506,Bitcoin,BTC,2014-09-16 23:59:59,475.6419982910156,465.12799072265625,474.8619995117187,466.0570068359375,16797300.0,6187570806.23,2014,9,September,16,10.514007568359375,-8.804992675781193,-1.8542213705950379,Decreased
507,Bitcoin,BTC,2014-09-17 23:59:59,468.1740112304687,452.4219970703125,465.864013671875,457.3340148925781,21056800.0,6073910020.75,2014,9,September,17,15.752014160156193,-8.529998779296875,-1.831006158227294,Decreased
508,Bitcoin,BTC,2014-09-18 23:59:59,456.8599853515625,413.10400390625,456.8599853515625,424.4400024414063,34483200.0,5638918842.0,2014,9,September,18,43.7559814453125,-32.41998291015619,-7.096262301284363,Decreased
509,Bitcoin,BTC,2014-09-19 23:59:59,427.8349914550781,384.5320129394531,424.1029968261719,394.7959899902344,37919700.0,5246779620.6,2014,9,September,19,43.302978515625,-29.3070068359375,-6.910351272040087,Decreased
510,Bitcoin,BTC,2014-09-20 23:59:59,423.2959899902344,389.8829956054687,394.6730041503906,408.9039916992187,36863600.0,5436072002.0,2014,9,September,20,33.41299438476568,14.230987548828068,3.605766647116643,Increased
511,Bitcoin,BTC,2014-09-21 23:59:59,412.4259948730469,393.1809997558594,408.0849914550781,398.8210144042969,26580100.0,5303651274.83,2014,9,September,21,19.2449951171875,-9.26397705078125,-2.2701097185048096,Decreased
512,Bitcoin,BTC,2014-09-22 23:59:59,406.9159851074219,397.1300048828125,399.1000061035156,402.1520080566406,24127600.0,5349637033.8,2014,9,September,22,9.785980224609375,3.052001953125,0.7647210990854744,Increased
513,Bitcoin,BTC,2014-09-23 23:59:59,441.5570068359375,396.1969909667969,402.0920104980469,435.7909851074219,45099500.0,5798754888.52,2014,9,September,23,45.360015869140625,33.698974609375,8.380911266462155,Increased
514,Bitcoin,BTC,2014-09-24 23:59:59,436.1119995117187,421.1319885253906,435.7510070800781,423.2049865722656,30627700.0,5632911450.62,2014,9,September,24,14.980010986328068,-12.5460205078125,-2.8791718903605226,Decreased
515,Bitcoin,BTC,2014-09-25 23:59:59,423.5199890136719,409.4679870605469,423.156005859375,411.5740051269531,26814400.0,5479902023.0,2014,9,September,25,14.052001953125,-11.582000732421875,-2.7370521916380066,Decreased
516,Bitcoin,BTC,2014-09-26 23:59:59,414.93798828125,400.0090026855469,411.4289855957031,404.4249877929687,21460800.0,5386071486.25,2014,9,September,26,14.928985595703125,-7.003997802734432,-1.7023588633633644,Decreased
517,Bitcoin,BTC,2014-09-27 23:59:59,406.62298583984375,397.37200927734375,403.5559997558594,399.5199890136719,15029300.0,5322075836.0,2014,9,September,27,9.2509765625,-4.0360107421875,-1.000111693204705,Decreased
518,Bitcoin,BTC,2014-09-28 23:59:59,401.0169982910156,374.3320007324219,399.4710083007813,377.1809997558594,23613300.0,5025729375.45,2014,9,September,28,26.68499755859375,-22.290008544921932,-5.579881413606539,Decreased
519,Bitcoin,BTC,2014-09-29 23:59:59,385.21099853515625,372.239990234375,376.9280090332031,375.4670104980469,32497700.0,5004177242.62,2014,9,September,29,12.97100830078125,-1.46099853515625,-0.3876067843574746,Decreased
520,Bitcoin,BTC,2014-09-30 23:59:59,390.97698974609375,373.4429931640625,376.0880126953125,386.9440002441406,34707300.0,5158621324.8,2014,9,September,30,17.53399658203125,10.855987548828125,2.886555056893849,Increased
521,Bitcoin,BTC,2014-10-01 23:59:59,391.3789978027344,380.7799987792969,387.427001953125,383.614990234375,26229400.0,5115688242.12,2014,10,October,1,10.5989990234375,-3.81201171875,-0.9839303144934687,Decreased
522,Bitcoin,BTC,2014-10-02 23:59:59,385.49700927734375,372.9460144042969,383.9880065917969,375.0719909667969,21777700.0,5003085408.0,2014,10,October,2,12.550994873046875,-8.916015625,-2.3219515901386676,Decreased
523,Bitcoin,BTC,2014-10-03 23:59:59,377.6950073242187,357.8590087890625,375.1809997558594,359.5119934082031,30901200.0,4796851774.6,2014,10,October,3,19.835998535156193,-15.66900634765625,-4.176385893169565,Decreased
524,Bitcoin,BTC,2014-10-04 23:59:59,364.4869995117187,325.885986328125,359.8919982910156,328.8659973144531,47236500.0,4389218290.65,2014,10,October,4,38.60101318359369,-31.0260009765625,-8.620919921502193,Decreased
525,Bitcoin,BTC,2014-10-05 23:59:59,341.8009948730469,289.2959899902344,328.9159851074219,320.510009765625,83308096.0,4279040869.75,2014,10,October,5,52.5050048828125,-8.405975341796875,-2.555660327378597,Decreased
526,Bitcoin,BTC,2014-10-06 23:59:59,345.1340026855469,302.5599975585937,320.3890075683594,330.0790100097656,79011800.0,4408130777.23,2014,10,October,6,42.57400512695318,9.69000244140625,3.024449095476147,Increased
527,Bitcoin,BTC,2014-10-07 23:59:59,339.2470092773437,320.48199462890625,330.5840148925781,336.18701171875,49199900.0,4490819564.7,2014,10,October,7,18.765014648437443,5.602996826171875,1.6948783285823863,Increased
528,Bitcoin,BTC,2014-10-08 23:59:59,354.364013671875,327.18798828125,336.1159973144531,352.94000244140625,54736300.0,4715887221.5,2014,10,October,8,27.176025390625,16.824005126953125,5.005416362617646,Increased
529,Bitcoin,BTC,2014-10-09 23:59:59,382.72601318359375,347.68701171875,352.7479858398437,365.0260009765625,83641104.0,4878718500.4,2014,10,October,9,35.03900146484375,12.278015136718807,3.4806761851486034,Increased
530,Bitcoin,BTC,2014-10-10 23:59:59,375.0669860839844,352.9630126953125,364.68701171875,361.56201171875,43665700.0,4833830846.6,2014,10,October,10,22.103973388671875,-3.125,-0.856899176439557,Decreased
531,Bitcoin,BTC,2014-10-11 23:59:59,367.1910095214844,355.95098876953125,361.3619995117187,362.2990112304687,13345200.0,4844961124.67,2014,10,October,11,11.240020751953125,0.93701171875,0.259300014947923,Increased
532,Bitcoin,BTC,2014-10-12 23:59:59,379.4330139160156,356.1440124511719,362.6059875488281,378.5490112304687,17552800.0,5063689089.67,2014,10,October,12,23.28900146484375,15.943023681640568,4.396789967372974,Increased
533,Bitcoin,BTC,2014-10-13 23:59:59,397.22601318359375,368.8970031738281,377.9209899902344,390.41400146484375,35221400.0,5223924766.65,2014,10,October,13,28.329010009765625,12.493011474609375,3.3057204562605005,Increased
534,Bitcoin,BTC,2014-10-14 23:59:59,411.697998046875,391.3240051269531,391.6919860839844,400.8699951171875,38491500.0,5365153884.25,2014,10,October,14,20.373992919921875,9.178009033203125,2.3431699803108117,Increased
535,Bitcoin,BTC,2014-10-15 23:59:59,402.22698974609375,388.7659912109375,400.9549865722656,394.7730102539063,25267100.0,5285043276.15,2014,10,October,15,13.46099853515625,-6.181976318359318,-1.5418130526841864,Decreased
536,Bitcoin,BTC,2014-10-16 23:59:59,398.8070068359375,373.0700073242187,394.51800537109375,382.5559997558594,26990000.0,5122903035.0,2014,10,October,16,25.736999511718807,-11.962005615234375,-3.0320556862753594,Decreased
537,Bitcoin,BTC,2014-10-17 23:59:59,385.4779968261719,375.3890075683594,382.7560119628906,383.7579956054687,13600700.0,5140342470.5,2014,10,October,17,10.0889892578125,1.0019836425780682,0.26178129441771214,Increased
538,Bitcoin,BTC,2014-10-18 23:59:59,395.1579895019531,378.9710083007813,383.97601318359375,391.4419860839844,11416800.0,5244892213.8,2014,10,October,18,16.186981201171818,7.465972900390625,1.9443852334653142,Increased
539,Bitcoin,BTC,2014-10-19 23:59:59,393.9389953613281,386.4570007324219,391.2539978027344,389.5459899902344,5914570.0,5220783139.85,2014,10,October,19,7.48199462890625,-1.7080078125,-0.4365470569226381,Decreased
540,Bitcoin,BTC,2014-10-20 23:59:59,390.0840148925781,378.25201416015625,389.2309875488281,382.8450012207031,16419000.0,5132276503.12,2014,10,October,20,11.832000732421875,-6.385986328125,-1.6406675039776715,Decreased
541,Bitcoin,BTC,2014-10-21 23:59:59,392.64599609375,380.8340148925781,382.4209899902344,386.4750061035156,14188900.0,5182426850.62,2014,10,October,21,11.811981201171875,4.05401611328125,1.0600924686128694,Increased
542,Bitcoin,BTC,2014-10-22 23:59:59,388.5759887695313,382.2489929199219,386.1180114746094,383.1579895019531,11641300.0,5139461096.15,2014,10,October,22,6.326995849609432,-2.96002197265625,-0.7666106953549607,Decreased
543,Bitcoin,BTC,2014-10-23 23:59:59,385.0480041503906,356.4469909667969,382.9620056152344,358.4169921875,26456900.0,4808952572.4,2014,10,October,23,28.60101318359375,-24.545013427734375,-6.409255505204083,Decreased
544,Bitcoin,BTC,2014-10-24 23:59:59,364.3450012207031,353.30499267578125,358.59100341796875,358.3450012207031,15585700.0,4809419914.0,2014,10,October,24,11.040008544921875,-0.246002197265625,-0.06860244538229204,Decreased
545,Bitcoin,BTC,2014-10-25 23:59:59,359.8609924316406,342.87701416015625,358.6109924316406,347.27099609375,18127500.0,4662139220.32,2014,10,October,25,16.983978271484375,-11.339996337890625,-3.1621998703936227,Decreased
546,Bitcoin,BTC,2014-10-26 23:59:59,359.22100830078125,343.9309997558594,347.48699951171875,354.7040100097656,11272500.0,4763036252.8,2014,10,October,26,15.290008544921875,7.217010498046875,2.0769152538621767,Increased
547,Bitcoin,BTC,2014-10-27 23:59:59,358.6319885253906,349.8089904785156,354.7770080566406,352.989013671875,13033000.0,4741410021.07,2014,10,October,27,8.822998046875,-1.787994384765625,-0.503976961348118,Decreased
548,Bitcoin,BTC,2014-10-28 23:59:59,359.9840087890625,352.6789855957031,353.2149963378906,357.6180114746094,7845880.0,4804812400.8,2014,10,October,28,7.305023193359375,4.40301513671875,1.2465538503089946,Increased
549,Bitcoin,BTC,2014-10-29 23:59:59,357.8330078125,335.3429870605469,357.0889892578125,335.59100341796875,18192700.0,4510175244.5,2014,10,October,29,22.490020751953125,-21.49798583984375,-6.0203440841247975,Decreased
550,Bitcoin,BTC,2014-10-30 23:59:59,350.9129943847656,335.0719909667969,335.7090148925781,345.30499267578125,30177900.0,4642194093.75,2014,10,October,30,15.84100341796875,9.595977783203125,2.8584212390822135,Increased
551,Bitcoin,BTC,2014-10-31 23:59:59,348.0450134277344,337.1419982910156,345.0090026855469,338.3210144042969,12545400.0,4549893052.45,2014,10,October,31,10.90301513671875,-6.68798828125,-1.9384967433286555,Decreased
552,Bitcoin,BTC,2014-11-01 23:59:59,340.52899169921875,321.05499267578125,338.6499938964844,325.7489929199219,16677200.0,4382113991.33,2014,11,November,1,19.4739990234375,-12.9010009765625,-3.8095382279870846,Decreased
553,Bitcoin,BTC,2014-11-02 23:59:59,329.04998779296875,320.6260070800781,326.07501220703125,325.8919982910156,8603620.0,4385292372.3,2014,11,November,2,8.423980712890625,-0.183013916015625,-0.05612632344223481,Decreased
554,Bitcoin,BTC,2014-11-03 23:59:59,334.00201416015625,325.4809875488281,325.5690002441406,327.5539855957031,12948500.0,4409040617.0,2014,11,November,3,8.521026611328125,1.9849853515625,0.6096972838550296,Increased
555,Bitcoin,BTC,2014-11-04 23:59:59,331.7669982910156,325.0769958496094,327.1610107421875,330.49200439453125,15655500.0,4449934320.9,2014,11,November,4,6.69000244140625,3.33099365234375,1.0181511680707793,Increased
556,Bitcoin,BTC,2014-11-05 23:59:59,343.3689880371094,330.6830139160156,330.6830139160156,339.4859924316406,19817200.0,4572205935.15,2014,11,November,5,12.68597412109375,8.802978515625,2.6620594784649914,Increased
557,Bitcoin,BTC,2014-11-06 23:59:59,352.96600341796875,338.42401123046875,339.4580078125,349.2900085449219,18797000.0,4705591218.75,2014,11,November,6,14.5419921875,9.832000732421875,2.8963820284518347,Increased
558,Bitcoin,BTC,2014-11-07 23:59:59,352.73199462890625,341.7760009765625,349.8179931640625,342.4150085449219,16834200.0,4614264694.75,2014,11,November,7,10.95599365234375,-7.402984619140625,-2.1162389481974615,Decreased
559,Bitcoin,BTC,2014-11-08 23:59:59,347.0320129394531,342.15399169921875,342.15399169921875,345.4880065917969,8535470.0,4656988221.6,2014,11,November,8,4.878021240234375,3.334014892578125,0.9744194057244832,Increased
560,Bitcoin,BTC,2014-11-09 23:59:59,363.6260070800781,344.2550048828125,345.3760070800781,363.2640075683594,24205600.0,4897961164.8,2014,11,November,9,19.371002197265625,17.88800048828125,5.179282903729261,Increased
561,Bitcoin,BTC,2014-11-10 23:59:59,374.8160095214844,357.5610046386719,362.2650146484375,366.9240112304687,30450100.0,4948658122.5,2014,11,November,10,17.2550048828125,4.658996582031193,1.2860741152585622,Increased
562,Bitcoin,BTC,2014-11-11 23:59:59,371.30999755859375,363.7349853515625,365.8569946289063,367.6950073242187,15838900.0,4960242319.5,2014,11,November,11,7.57501220703125,1.8380126953123863,0.5023855556394945,Increased
563,Bitcoin,BTC,2014-11-12 23:59:59,429.7179870605469,367.9849853515625,367.9849853515625,423.5610046386719,45783200.0,5715426243.75,2014,11,November,12,61.733001708984375,55.576019287109375,15.102795358352356,Increased
564,Bitcoin,BTC,2014-11-13 23:59:59,457.0929870605469,401.12298583984375,427.2730102539063,420.7349853515625,58945000.0,5678828589.0,2014,11,November,13,55.970001220703125,-6.538024902343807,-1.5301750275447064,Decreased
565,Bitcoin,BTC,2014-11-14 23:59:59,419.25201416015625,384.78900146484375,418.4169921875,397.8179931640625,29589200.0,5371040272.5,2014,11,November,14,34.4630126953125,-20.5989990234375,-4.923078987721112,Decreased
566,Bitcoin,BTC,2014-11-15 23:59:59,405.5280151367187,371.0079956054687,399.6499938964844,376.1329956054687,15727500.0,5079582131.75,2014,11,November,15,34.52001953125,-23.516998291015682,-5.884398511240051,Decreased
567,Bitcoin,BTC,2014-11-16 23:59:59,390.7990112304687,374.60198974609375,374.7300109863281,387.8819885253906,11905600.0,5239694299.95,2014,11,November,16,16.197021484374943,13.1519775390625,3.509720906645597,Increased
568,Bitcoin,BTC,2014-11-17 23:59:59,410.1990051269531,377.50201416015625,388.3489990234375,387.4079895019531,41518800.0,5234695636.8,2014,11,November,17,32.696990966796875,-0.941009521484375,-0.24231027345266404,Decreased
569,Bitcoin,BTC,2014-11-18 23:59:59,392.4020080566406,371.1170043945313,387.7850036621094,375.197998046875,32222500.0,5071157408.1,2014,11,November,18,21.285003662109318,-12.587005615234375,-3.245872196285825,Decreased
570,Bitcoin,BTC,2014-11-19 23:59:59,386.4809875488281,373.89599609375,373.89599609375,380.5549926757813,18931800.0,5144903808.62,2014,11,November,19,12.584991455078125,6.658996582031307,1.7809756326894828,Increased
571,Bitcoin,BTC,2014-11-20 23:59:59,382.0249938964844,356.781005859375,380.3070068359375,357.8399963378906,25233200.0,4839043482.0,2014,11,November,20,25.243988037109375,-22.467010498046875,-5.907598359800673,Decreased
572,Bitcoin,BTC,2014-11-21 23:59:59,357.8789978027344,344.11199951171875,357.8789978027344,350.8479919433594,29850100.0,4745605132.8,2014,11,November,21,13.766998291015625,-7.031005859375,-1.964632152918497,Decreased
573,Bitcoin,BTC,2014-11-22 23:59:59,364.8410034179687,350.87799072265625,351.60400390625,352.9200134277344,15273000.0,4774989954.0,2014,11,November,22,13.963012695312443,1.316009521484375,0.3742874105140365,Increased
574,Bitcoin,BTC,2014-11-23 23:59:59,370.8450012207031,353.17498779296875,353.17498779296875,367.572998046875,15151600.0,4974540006.18,2014,11,November,23,17.670013427734375,14.39801025390625,4.076735542310365,Increased
575,Bitcoin,BTC,2014-11-24 23:59:59,387.2090148925781,366.66900634765625,366.947998046875,376.9010009765625,30930100.0,5102174794.68,2014,11,November,24,20.540008544921875,9.9530029296875,2.7123742281368366,Increased
576,Bitcoin,BTC,2014-11-25 23:59:59,394.7009887695313,374.7839965820313,376.885986328125,375.3479919433594,25442200.0,5082390210.3,2014,11,November,25,19.9169921875,-1.537994384765625,-0.40807948306855174,Decreased
577,Bitcoin,BTC,2014-11-26 23:59:59,377.697998046875,365.8160095214844,376.0190124511719,368.3699951171875,18601700.0,4989166443.0,2014,11,November,26,11.881988525390625,-7.649017333984375,-2.0342102608382446,Decreased
578,Bitcoin,BTC,2014-11-27 23:59:59,373.9920043945313,368.2820129394531,370.50201416015625,369.6700134277344,8748030.0,5008058116.25,2014,11,November,27,5.709991455078182,-0.832000732421875,-0.2245603804092216,Decreased
579,Bitcoin,BTC,2014-11-28 23:59:59,382.8380126953125,358.4549865722656,369.3739929199219,376.4469909667969,22946500.0,5101280352.88,2014,11,November,28,24.383026123046875,7.072998046875,1.9148608679681423,Increased
580,Bitcoin,BTC,2014-11-29 23:59:59,387.60101318359375,372.1449890136719,376.1520080566406,375.4909973144531,15375600.0,5089799279.55,2014,11,November,29,15.456024169921875,-0.6610107421875,-0.1757296858795356,Decreased
581,Bitcoin,BTC,2014-11-30 23:59:59,382.5270080566406,373.3089904785156,375.510009765625,378.0469970703125,9194440.0,5125958175.35,2014,11,November,30,9.218017578125,2.5369873046875,0.675611099227678,Increased
582,Bitcoin,BTC,2014-12-01 23:59:59,383.6619873046875,376.66900634765625,378.2489929199219,379.2449951171875,11763000.0,5143434463.5,2014,12,December,1,6.99298095703125,0.996002197265625,0.2633191934172541,Increased
583,Bitcoin,BTC,2014-12-02 23:59:59,384.0379943847656,377.8630065917969,379.25,381.3150024414063,12364100.0,5172928822.88,2014,12,December,2,6.17498779296875,2.065002441406307,0.5444963589733175,Increased
584,Bitcoin,BTC,2014-12-03 23:59:59,383.0260009765625,374.3460083007813,381.7219848632813,375.010009765625,13340100.0,5088491939.5,2014,12,December,3,8.679992675781193,-6.711975097656307,-1.7583412441021147,Decreased
585,Bitcoin,BTC,2014-12-04 23:59:59,378.6549987792969,367.7590026855469,375.7179870605469,369.60400390625,14529600.0,5016487250.4,2014,12,December,4,10.89599609375,-6.113983154296875,-1.6272798654464227,Decreased
586,Bitcoin,BTC,2014-12-05 23:59:59,379.1919860839844,365.7560119628906,369.4419860839844,376.85400390625,15181800.0,5116358331.0,2014,12,December,5,13.43597412109375,7.412017822265625,2.0062738133344347,Increased
587,Bitcoin,BTC,2014-12-06 23:59:59,378.447998046875,370.9450073242187,376.7569885253906,374.7850036621094,7009320.0,5089542821.5,2014,12,December,6,7.502990722656307,-1.97198486328125,-0.5234102945241991,Decreased
588,Bitcoin,BTC,2014-12-07 23:59:59,376.2919921875,373.2749938964844,374.83599853515625,375.0950012207031,6491650.0,5094943517.12,2014,12,December,7,3.016998291015625,0.259002685546875,0.06909760176691856,Increased
589,Bitcoin,BTC,2014-12-08 23:59:59,376.0289916992187,361.885986328125,374.9649963378906,361.9089965820313,18898700.0,4917302821.62,2014,12,December,8,14.143005371093693,-13.055999755859318,-3.481924948560857,Decreased
590,Bitcoin,BTC,2014-12-09 23:59:59,363.0669860839844,344.95098876953125,361.8949890136719,352.218994140625,32915500.0,4786893957.82,2014,12,December,9,18.115997314453125,-9.675994873046875,-2.6737023630579557,Decreased
591,Bitcoin,BTC,2014-12-10 23:59:59,352.3840026855469,346.364990234375,352.2049865722656,346.364990234375,16427700.0,4708572401.25,2014,12,December,10,6.019012451171875,-5.839996337890625,-1.6581242630113562,Decreased
592,Bitcoin,BTC,2014-12-11 23:59:59,361.3569946289063,338.76300048828125,344.3399963378906,350.5060119628906,32431300.0,4766084198.85,2014,12,December,11,22.593994140625057,6.166015625,1.790676566932838,Increased
593,Bitcoin,BTC,2014-12-12 23:59:59,352.9830017089844,349.2909851074219,350.8330078125,352.5419921875,16989800.0,4795055945.25,2014,12,December,12,3.6920166015625,1.708984375,0.48712188903085013,Increased
594,Bitcoin,BTC,2014-12-13 23:59:59,352.3810119628906,346.5880126953125,352.3810119628906,347.3760070800781,11675900.0,4726102586.4,2014,12,December,13,5.792999267578125,-5.0050048828125,-1.4203389833444202,Decreased
595,Bitcoin,BTC,2014-12-14 23:59:59,353.3160095214844,345.4179992675781,346.7269897460937,351.6319885253906,12415200.0,4785245607.6,2014,12,December,14,7.89801025390625,4.904998779296932,1.414657331086004,Increased
596,Bitcoin,BTC,2014-12-15 23:59:59,351.81500244140625,344.9339904785156,351.3609924316406,345.3450012207031,17264200.0,4700905209.0,2014,12,December,15,6.881011962890625,-6.0159912109375,-1.712196669670993,Decreased
597,Bitcoin,BTC,2014-12-16 23:59:59,345.8590087890625,327.06201171875,345.6730041503906,327.06201171875,30864900.0,4453202603.05,2014,12,December,16,18.7969970703125,-18.610992431640625,-5.383987817441368,Decreased
598,Bitcoin,BTC,2014-12-17 23:59:59,333.9540100097656,315.1520080566406,326.8550109863281,319.7760009765625,37567900.0,4355021349.6,2014,12,December,17,18.802001953125,-7.079010009765625,-2.1657951604914296,Decreased
599,Bitcoin,BTC,2014-12-18 23:59:59,323.7090148925781,304.23199462890625,319.7850036621094,311.39599609375,39173000.0,4241890806.3,2014,12,December,18,19.477020263671875,-8.389007568359375,-2.6233273831762767,Decreased
600,Bitcoin,BTC,2014-12-19 23:59:59,318.5329895019531,306.7690124511719,311.1789855957031,317.8429870605469,23823100.0,4330801580.8,2014,12,December,19,11.76397705078125,6.66400146484375,2.141533256844632,Increased
601,Bitcoin,BTC,2014-12-20 23:59:59,330.32501220703125,316.04400634765625,317.6189880371094,329.9559936523437,20856700.0,4496945577.3,2014,12,December,20,14.281005859375,12.337005615234318,3.8842153901053647,Increased
602,Bitcoin,BTC,2014-12-21 23:59:59,329.6289978027344,318.90301513671875,329.5429992675781,320.8429870605469,15207600.0,4373820007.82,2014,12,December,21,10.725982666015625,-8.70001220703125,-2.6400233736924643,Decreased
603,Bitcoin,BTC,2014-12-22 23:59:59,334.11700439453125,320.42498779296875,321.0679931640625,331.885986328125,22315100.0,4525705358.95,2014,12,December,22,13.6920166015625,10.8179931640625,3.369377637880776,Increased
604,Bitcoin,BTC,2014-12-23 23:59:59,336.2869873046875,329.6019897460937,332.0169982910156,334.5719909667969,16574200.0,4563595537.2,2014,12,December,23,6.684997558593807,2.55499267578125,0.7695367071362347,Increased
605,Bitcoin,BTC,2014-12-24 23:59:59,334.7409973144531,321.35699462890625,334.385009765625,322.53399658203125,15092300.0,4400637769.3,2014,12,December,24,13.384002685546875,-11.85101318359375,-3.544122145876182,Decreased
606,Bitcoin,BTC,2014-12-25 23:59:59,322.6700134277344,316.9580078125,322.2860107421875,319.00799560546875,9883640.0,4353789283.2,2014,12,December,25,5.712005615234375,-3.27801513671875,-1.0171136901567213,Decreased
607,Bitcoin,BTC,2014-12-26 23:59:59,331.42401123046875,316.62701416015625,319.1520080566406,327.92401123046875,16410500.0,4476703674.6,2014,12,December,26,14.7969970703125,8.772003173828125,2.7485345391501776,Increased
608,Bitcoin,BTC,2014-12-27 23:59:59,328.9110107421875,312.6300048828125,327.5830078125,315.8630065917969,15185200.0,4313267196.5,2014,12,December,27,16.281005859375,-11.720001220703125,-3.577719521829212,Decreased
609,Bitcoin,BTC,2014-12-28 23:59:59,320.02801513671875,311.0780029296875,316.1600036621094,317.239013671875,11676600.0,4333389568.3,2014,12,December,28,8.95001220703125,1.079010009765625,0.34128605682798463,Increased
610,Bitcoin,BTC,2014-12-29 23:59:59,320.2669982910156,312.3070068359375,317.70098876953125,312.6700134277344,12302500.0,4272268162.75,2014,12,December,29,7.959991455078125,-5.030975341796875,-1.5835567151622807,Decreased
611,Bitcoin,BTC,2014-12-30 23:59:59,314.8089904785156,309.3729858398437,312.718994140625,310.73699951171875,12528300.0,4247060094.9,2014,12,December,30,5.436004638671932,-1.98199462890625,-0.6337941302071907,Decreased
612,Bitcoin,BTC,2014-12-31 23:59:59,320.1929931640625,310.21099853515625,310.9140014648437,320.1929931640625,13942900.0,4377510594.68,2014,12,December,31,9.98199462890625,9.278991699218807,2.9844238778252707,Increased
613,Bitcoin,BTC,2015-01-01 23:59:59,320.4349975585937,314.00299072265625,320.4349975585937,314.2489929199219,8036550.0,4297535768.18,2015,1,January,1,6.432006835937443,-6.186004638671818,-1.9305021879018274,Decreased
614,Bitcoin,BTC,2015-01-02 23:59:59,315.8389892578125,313.56500244140625,314.0790100097656,315.0320129394531,7860650.0,4309551126.2,2015,1,January,2,2.27398681640625,0.9530029296875,0.3034277679549067,Increased
615,Bitcoin,BTC,2015-01-03 23:59:59,315.1499938964844,281.0820007324219,314.84600830078125,281.0820007324219,33054400.0,3846269871.6,2015,1,January,3,34.0679931640625,-33.764007568359375,-10.723975111065618,Decreased
616,Bitcoin,BTC,2015-01-04 23:59:59,287.2300109863281,257.61199951171875,281.14599609375,264.19500732421875,55629100.0,3616320974.62,2015,1,January,4,29.618011474609375,-16.95098876953125,-6.0292477947574366,Decreased
617,Bitcoin,BTC,2015-01-05 23:59:59,278.34100341796875,265.0840148925781,265.0840148925781,274.4739990234375,43962800.0,3758098008.0,2015,1,January,5,13.256988525390625,9.389984130859375,3.5422672071209367,Increased
618,Bitcoin,BTC,2015-01-06 23:59:59,287.5530090332031,272.6960144042969,274.6109924316406,286.1889953613281,23245700.0,3919623079.83,2015,1,January,6,14.85699462890625,11.5780029296875,4.21614693103359,Increased
619,Bitcoin,BTC,2015-01-07 23:59:59,298.7539978027344,283.0790100097656,286.0769958496094,294.3370056152344,24866800.0,4032255014.65,2015,1,January,7,15.67498779296875,8.260009765625,2.887337984340162,Increased
620,Bitcoin,BTC,2015-01-08 23:59:59,294.135009765625,282.17498779296875,294.135009765625,283.3489990234375,19982500.0,3882766765.62,2015,1,January,8,11.96002197265625,-10.7860107421875,-3.667027175983605,Decreased
621,Bitcoin,BTC,2015-01-09 23:59:59,291.114013671875,280.5329895019531,282.38299560546875,290.4079895019531,18718600.0,3980426430.6,2015,1,January,9,10.581024169921875,8.024993896484375,2.841882840458457,Increased
622,Bitcoin,BTC,2015-01-10 23:59:59,288.12701416015625,273.96600341796875,287.3030090332031,274.7959899902344,15264300.0,3767535598.8,2015,1,January,10,14.1610107421875,-12.50701904296875,-4.353250279228135,Decreased
623,Bitcoin,BTC,2015-01-11 23:59:59,279.63800048828125,265.0390014648437,274.6080017089844,265.6600036621094,18200800.0,3643307730.5,2015,1,January,11,14.598999023437557,-8.947998046875,-3.2584622411540773,Decreased
624,Bitcoin,BTC,2015-01-12 23:59:59,272.2030029296875,265.20001220703125,266.14599609375,267.7959899902344,18880300.0,3673551884.1,2015,1,January,12,7.00299072265625,1.649993896484375,0.6199581886263523,Increased
625,Bitcoin,BTC,2015-01-13 23:59:59,268.2770080566406,219.906005859375,267.3940124511719,225.86099243164065,72843904.0,3099004901.85,2015,1,January,13,48.371002197265625,-41.53302001953122,-15.532516842393939,Decreased
626,Bitcoin,BTC,2015-01-14 23:59:59,223.8939971923828,171.50999450683594,223.8939971923828,178.10299682617188,97638704.0,2444379076.08,2015,1,January,14,52.384002685546875,-45.79100036621094,-20.452089354974813,Decreased
627,Bitcoin,BTC,2015-01-15 23:59:59,229.06700134277344,176.89700317382812,176.89700317382812,209.843994140625,81773504.0,2880801385.2,2015,1,January,15,52.16999816894531,32.946990966796875,18.624957108188802,Increased
628,Bitcoin,BTC,2015-01-16 23:59:59,221.59100341796875,199.77099609375,209.07000732421875,208.0970001220703,38421000.0,2857541182.18,2015,1,January,16,21.82000732421875,-0.9730072021484375,-0.4653977940697781,Decreased
629,Bitcoin,BTC,2015-01-17 23:59:59,211.7310028076172,194.875,207.83399963378903,199.2599945068359,23469700.0,2736875952.0,2015,1,January,17,16.856002807617188,-8.574005126953125,-4.125410251479946,Decreased
630,Bitcoin,BTC,2015-01-18 23:59:59,218.69500732421875,194.5059967041016,200.0500030517578,210.3390045166016,30085100.0,2889858037.95,2015,1,January,18,24.18901062011716,10.289001464843778,5.143214850230101,Increased
631,Bitcoin,BTC,2015-01-19 23:59:59,216.72799682617188,207.3179931640625,211.4709930419922,214.86099243164065,18658300.0,2952759521.65,2015,1,January,19,9.410003662109375,3.389999389648466,1.6030564480185268,Increased
632,Bitcoin,BTC,2015-01-20 23:59:59,215.24099731445312,205.1529998779297,212.9069976806641,211.31500244140625,24051100.0,2904651464.0,2015,1,January,20,10.087997436523438,-1.591995239257841,-0.7477420923691995,Decreased
633,Bitcoin,BTC,2015-01-21 23:59:59,227.7879943847656,211.2120056152344,211.3780059814453,226.89700317382807,29924600.0,3119680594.53,2015,1,January,21,16.575988769531193,15.518997192382756,7.341822116414992,Increased
634,Bitcoin,BTC,2015-01-22 23:59:59,237.0189971923828,226.4340057373047,227.3220062255859,233.406005859375,33544600.0,3209962696.2,2015,1,January,22,10.584991455078125,6.083999633789091,2.6763795264729255,Increased
635,Bitcoin,BTC,2015-01-23 23:59:59,234.84500122070312,225.1959991455078,233.5169982910156,232.8789978027344,24621700.0,3203436948.2,2015,1,January,23,9.649002075195312,-0.6380004882811932,-0.2732137244613339,Decreased
636,Bitcoin,BTC,2015-01-24 23:59:59,248.2100067138672,230.02200317382807,232.6999969482422,247.8470001220703,24782500.0,3410114480.65,2015,1,January,24,18.18800354003912,15.147003173828125,6.509240813267894,Increased
637,Bitcoin,BTC,2015-01-25 23:59:59,255.07400512695312,243.88999938964844,247.3520050048828,253.7180023193359,33582700.0,3491686144.85,2015,1,January,25,11.184005737304688,6.365997314453097,2.573659071139298,Increased
638,Bitcoin,BTC,2015-01-26 23:59:59,309.3840026855469,254.07899475097656,254.07899475097656,273.4729919433594,106794000.0,3764417376.43,2015,1,January,26,55.30500793457031,19.393997192382812,7.633058061879895,Increased
639,Bitcoin,BTC,2015-01-27 23:59:59,275.4800109863281,250.6529998779297,273.1669921875,263.4750061035156,44399000.0,3627760927.5,2015,1,January,27,24.827011108398438,-9.691986083984375,-3.548007761249522,Decreased
640,Bitcoin,BTC,2015-01-28 23:59:59,266.5350036621094,227.04600524902344,263.3510131835937,233.9149932861328,44352200.0,3221728838.62,2015,1,January,28,39.48899841308594,-29.43601989746088,-11.177484962603778,Decreased
641,Bitcoin,BTC,2015-01-29 23:59:59,238.70599365234372,220.7120056152344,233.34800720214844,233.51300048828125,32213400.0,3217149465.78,2015,1,January,29,17.993988037109318,0.1649932861328125,0.07070696172257407,Increased
642,Bitcoin,BTC,2015-01-30 23:59:59,242.8509979248047,225.8390045166016,232.77200317382807,226.4250030517578,26605200.0,3120272355.0,2015,1,January,30,17.011993408203097,-6.347000122070256,-2.7267025396222078,Decreased
643,Bitcoin,BTC,2015-01-31 23:59:59,233.5039978027344,216.3090057373047,226.4409942626953,217.4640045166016,23348200.0,2997692310.6,2015,1,January,31,17.194992065429716,-8.976989746093722,-3.964383646752351,Decreased
644,Bitcoin,BTC,2015-02-01 23:59:59,231.57400512695312,212.01499938964844,216.86700439453125,226.9720001220703,29128500.0,3129637467.8,2015,2,February,1,19.559005737304688,10.104995727539062,4.659535808940182,Increased
645,Bitcoin,BTC,2015-02-02 23:59:59,242.1750030517578,222.65899658203125,226.49099731445312,238.22900390625,30612100.0,3285797305.4,2015,2,February,2,19.516006469726562,11.738006591796875,5.182548856677154,Increased
646,Bitcoin,BTC,2015-02-03 23:59:59,245.95700073242188,224.4830017089844,237.45399475097656,227.26800537109372,40783700.0,3135343874.4,2015,2,February,3,21.47399902343747,-10.185989379882841,-4.2896685695118,Decreased
647,Bitcoin,BTC,2015-02-04 23:59:59,230.05799865722656,221.11300659179688,227.5110015869141,226.85299682617188,26594300.0,3130520358.08,2015,2,February,4,8.944992065429688,-0.6580047607422159,-0.289218875637908,Decreased
648,Bitcoin,BTC,2015-02-05 23:59:59,239.40499877929688,214.7250061035156,227.6649932861328,217.11099243164065,22516400.0,2996945966.25,2015,2,February,5,24.67999267578128,-10.554000854492159,-4.635759192555235,Decreased
649,Bitcoin,BTC,2015-02-06 23:59:59,230.5099945068359,216.23199462890625,216.92300415039065,222.26600646972656,24435300.0,3069076711.25,2015,2,February,6,14.277999877929659,5.343002319335909,2.4630870018892312,Increased
650,Bitcoin,BTC,2015-02-07 23:59:59,230.2989959716797,222.60699462890625,222.63299560546875,227.7539978027344,21604200.0,3145761023.4,2015,2,February,7,7.6920013427734375,5.121002197265653,2.3001991161906017,Increased
651,Bitcoin,BTC,2015-02-08 23:59:59,229.43800354003903,221.07699584960932,227.6929931640625,2295.6949462890625,17145200.0,3086537315.4,2015,2,February,8,8.361007690429716,2068.001953125,908.2413667577889,Increased
652,Bitcoin,BTC,2015-02-09 23:59:59,223.9770050048828,217.0189971923828,223.38900756835932,220.1100006103516,27791300.0,3041799139.5,2015,2,February,9,6.9580078125,-3.2790069580077272,-1.467846154875959,Decreased
653,Bitcoin,BTC,2015-02-10 23:59:59,221.8070068359375,215.33200073242188,220.2819976806641,219.8390045166016,21115100.0,3038850984.93,2015,2,February,10,6.475006103515625,-0.4429931640625,-0.2011027540728468,Decreased
654,Bitcoin,BTC,2015-02-11 23:59:59,223.406005859375,218.07400512695312,219.73199462890625,219.18499755859372,17201900.0,3030676474.62,2015,2,February,11,5.332000732421875,-0.5469970703125284,-0.248938290136729,Decreased
655,Bitcoin,BTC,2015-02-12 23:59:59,222.19900512695312,217.6139984130859,219.20799255371097,221.76400756835932,15206200.0,3066996120.0,2015,2,February,12,4.585006713867216,2.5560150146483522,1.1660227279450452,Increased
656,Bitcoin,BTC,2015-02-13 23:59:59,240.25900268554688,221.26199340820312,221.968994140625,235.427001953125,42744400.0,3256814718.55,2015,2,February,13,18.99700927734375,13.4580078125,6.063012478208505,Increased
657,Bitcoin,BTC,2015-02-14 23:59:59,259.8080139160156,235.5279998779297,235.5279998779297,257.3210144042969,49732500.0,3560717935.65,2015,2,February,14,24.280014038085938,21.793014526367188,9.252833861647936,Increased
658,Bitcoin,BTC,2015-02-15 23:59:59,265.6109924316406,227.6840057373047,257.5069885253906,234.8249969482422,56552400.0,3250242178.12,2015,2,February,15,37.92698669433594,-22.681991577148438,-8.808301361852925,Decreased
659,Bitcoin,BTC,2015-02-16 23:59:59,239.52099609375,229.02200317382807,234.8249969482422,233.8430023193359,28153700.0,3237573873.22,2015,2,February,16,10.498992919921932,-0.9819946289062784,-0.4181814720188073,Decreased
660,Bitcoin,BTC,2015-02-17 23:59:59,245.7749938964844,232.31399536132807,233.4219970703125,243.6100006103516,27363100.0,3373706168.0,2015,2,February,17,13.460998535156335,10.188003540039091,4.36462872733036,Increased
661,Bitcoin,BTC,2015-02-18 23:59:59,244.25100708007807,232.33999633789065,243.77999877929688,236.3260040283203,25200800.0,3273812261.7,2015,2,February,18,11.911010742187415,-7.4539947509765625,-3.0576728149567933,Decreased
662,Bitcoin,BTC,2015-02-19 23:59:59,242.6719970703125,235.5919952392578,236.41000366210932,240.2830047607422,18270500.0,3329631566.38,2015,2,February,19,7.0800018310546875,3.8730010986328693,1.638256012282959,Increased
663,Bitcoin,BTC,2015-02-20 23:59:59,247.1009979248047,239.2989959716797,240.25100708007807,243.7790069580078,23876700.0,3379032907.95,2015,2,February,20,7.802001953125,3.5279998779297443,1.4684641370738674,Increased
664,Bitcoin,BTC,2015-02-21 23:59:59,255.32000732421875,243.1840057373047,243.7519989013672,244.53399658203125,12284200.0,3390372209.75,2015,2,February,21,12.136001586914062,0.7819976806640625,0.32081693040002235,Increased
665,Bitcoin,BTC,2015-02-22 23:59:59,246.3919982910156,233.8509979248047,244.54400634765625,235.9770050048828,19527000.0,3272629326.22,2015,2,February,22,12.541000366210909,-8.567001342773438,-3.5032554961065583,Decreased
666,Bitcoin,BTC,2015-02-23 23:59:59,240.10899353027344,232.42100524902344,235.9949951171875,238.8919982910156,16400000.0,3313897879.4,2015,2,February,23,7.68798828125,2.8970031738280966,1.2275697509557515,Increased
667,Bitcoin,BTC,2015-02-24 23:59:59,239.9010009765625,236.4019927978516,238.9980010986328,238.7350006103516,14200400.0,3312489903.62,2015,2,February,24,3.499008178710909,-0.2630004882812216,-0.11004296566174337,Decreased
668,Bitcoin,BTC,2015-02-25 23:59:59,239.33999633789065,235.52999877929688,238.88999938964844,237.47000122070312,11496200.0,3295875813.75,2015,2,February,25,3.8099975585937784,-1.4199981689453125,-0.594415074960582,Decreased
669,Bitcoin,BTC,2015-02-26 23:59:59,237.7100067138672,234.2570037841797,237.3370056152344,236.42599487304688,13619400.0,3282272604.75,2015,2,February,26,3.4530029296875,-0.9110107421875284,-0.38384690150866707,Decreased
670,Bitcoin,BTC,2015-02-27 23:59:59,256.65301513671875,236.43600463867188,236.43600463867188,253.8280029296875,44013900.0,3524820596.2,2015,2,February,27,20.217010498046875,17.391998291015625,7.355900941396198,Increased
671,Bitcoin,BTC,2015-02-28 23:59:59,254.69200134277344,249.47900390625,253.52000427246097,254.26300048828125,13949300.0,3531776635.75,2015,2,February,28,5.2129974365234375,0.7429962158202841,0.2930720271769076,Increased
672,Bitcoin,BTC,2015-03-01 23:59:59,261.6600036621094,245.93299865722656,254.2830047607422,260.2019958496094,25213700.0,3615181537.5,2015,3,March,1,15.727005004882812,5.9189910888671875,2.3277179276831474,Increased
673,Bitcoin,BTC,2015-03-02 23:59:59,276.3009948730469,258.31298828125,260.35699462890625,275.6700134277344,40465700.0,3831178959.0,2015,3,March,2,17.988006591796875,15.313018798828125,5.881546920087236,Increased
674,Bitcoin,BTC,2015-03-03 23:59:59,285.7959899902344,268.1610107421875,275.0459899902344,281.7019958496094,50461300.0,3916108523.2,2015,3,March,3,17.634979248046875,6.656005859375,2.4199610616433,Increased
675,Bitcoin,BTC,2015-03-04 23:59:59,284.2250061035156,268.1260070800781,281.989990234375,273.0920104980469,41383000.0,3797385223.8,2015,3,March,4,16.0989990234375,-8.897979736328125,-3.155423966975778,Decreased
676,Bitcoin,BTC,2015-03-05 23:59:59,281.6669921875,264.7690124511719,272.739013671875,276.1780090332031,41302400.0,3841200999.65,2015,3,March,5,16.897979736328125,3.438995361328125,1.2609106834512087,Increased
677,Bitcoin,BTC,2015-03-06 23:59:59,277.6080017089844,270.0150146484375,275.6000061035156,272.7229919433594,28918900.0,3794156466.38,2015,3,March,6,7.592987060546875,-2.87701416015625,-1.0439093238175186,Decreased
678,Bitcoin,BTC,2015-03-07 23:59:59,277.85400390625,270.13299560546875,272.29400634765625,276.260986328125,17825900.0,3844351384.65,2015,3,March,7,7.72100830078125,3.96697998046875,1.4568737790738726,Increased
679,Bitcoin,BTC,2015-03-08 23:59:59,277.8580017089844,272.56500244140625,276.4330139160156,274.35400390625,22067900.0,3818877361.85,2015,3,March,8,5.292999267578125,-2.079010009765625,-0.7520845575981957,Decreased
680,Bitcoin,BTC,2015-03-09 23:59:59,292.70098876953125,273.8930053710937,274.81201171875,289.60699462890625,59178200.0,4032241702.05,2015,3,March,9,18.807983398437557,14.79498291015625,5.383674031431288,Increased
681,Bitcoin,BTC,2015-03-10 23:59:59,300.04400634765625,289.7430114746094,289.86199951171875,291.760009765625,67770800.0,4063305050.0,2015,3,March,10,10.300994873046875,1.89801025390625,0.6547978890311614,Increased
682,Bitcoin,BTC,2015-03-11 23:59:59,297.3909912109375,290.50799560546875,291.5249938964844,296.3789978027344,33963900.0,4128796573.2,2015,3,March,11,6.88299560546875,4.85400390625,1.6650386786299276,Increased
683,Bitcoin,BTC,2015-03-12 23:59:59,297.0880126953125,292.4129943847656,296.12701416015625,294.35400390625,32585200.0,4101535994.85,2015,3,March,12,4.675018310546875,-1.77301025390625,-0.5987330331664175,Decreased
684,Bitcoin,BTC,2015-03-13 23:59:59,294.4979858398437,285.3370056152344,294.1180114746094,285.3370056152344,31421500.0,3976948638.32,2015,3,March,13,9.160980224609318,-8.781005859375,-2.985538293064737,Decreased
685,Bitcoin,BTC,2015-03-14 23:59:59,286.3420104980469,280.9760131835937,284.4419860839844,281.885009765625,22612300.0,3929758785.0,2015,3,March,14,5.365997314453182,-2.556976318359375,-0.8989447562092334,Decreased
686,Bitcoin,BTC,2015-03-15 23:59:59,286.52899169921875,280.9960021972656,281.42498779296875,286.3930053710937,11970100.0,3993628667.97,2015,3,March,15,5.532989501953125,4.968017578124943,1.7653079128068336,Increased
687,Bitcoin,BTC,2015-03-16 23:59:59,294.11199951171875,285.6849975585937,285.6849975585937,290.5929870605469,21516100.0,4053198428.83,2015,3,March,16,8.427001953125057,4.907989501953182,1.7179724325378893,Increased
688,Bitcoin,BTC,2015-03-17 23:59:59,292.364990234375,284.3739929199219,290.5950012207031,285.5050048828125,21497200.0,3983144493.62,2015,3,March,17,7.990997314453125,-5.089996337890625,-1.751577390013271,Decreased
689,Bitcoin,BTC,2015-03-18 23:59:59,285.33599853515625,249.8699951171875,285.0669860839844,256.29901123046875,57008000.0,3576671767.42,2015,3,March,18,35.46600341796875,-28.767974853515625,-10.09165433314688,Decreased
690,Bitcoin,BTC,2015-03-19 23:59:59,264.2439880371094,248.6360015869141,255.8800048828125,260.9280090332031,52732000.0,3642156964.8,2015,3,March,19,15.607986450195284,5.048004150390625,1.9728013342435653,Increased
691,Bitcoin,BTC,2015-03-20 23:59:59,264.8479919433594,259.1619873046875,260.9559936523437,261.7489929199219,18456700.0,3654506819.38,2015,3,March,20,5.686004638671875,0.7929992675781818,0.3038823736061215,Increased
692,Bitcoin,BTC,2015-03-21 23:59:59,262.1960144042969,255.6499938964844,261.6440124511719,260.0249938964844,17130100.0,3631424641.87,2015,3,March,21,6.546020507812472,-1.6190185546875,-0.6187867780806343,Decreased
693,Bitcoin,BTC,2015-03-22 23:59:59,269.7470092773437,259.5899963378906,259.9169921875,267.9599914550781,18438100.0,3743193531.0,2015,3,March,22,10.157012939453068,8.042999267578125,3.094449193139336,Increased
694,Bitcoin,BTC,2015-03-23 23:59:59,277.2969970703125,261.7449951171875,267.8949890136719,266.739990234375,22811900.0,3727111340.5,2015,3,March,23,15.552001953125,-1.154998779296875,-0.4311386276948727,Decreased
695,Bitcoin,BTC,2015-03-24 23:59:59,267.00299072265625,244.15499877929688,266.5769958496094,245.59500122070312,40073700.0,3432718154.25,2015,3,March,24,22.847991943359375,-20.98199462890625,-7.870894696683932,Decreased
696,Bitcoin,BTC,2015-03-25 23:59:59,249.19000244140625,236.51499938964844,247.4720001220703,246.1970062255859,35866900.0,3442129496.4,2015,3,March,25,12.675003051757812,-1.2749938964844034,-0.5152073349128339,Decreased
697,Bitcoin,BTC,2015-03-26 23:59:59,254.35400390625,244.90499877929688,246.2760009765625,248.5319976806641,25730000.0,3475701380.1,2015,3,March,26,9.449005126953125,2.255996704101591,0.9160440705370593,Increased
698,Bitcoin,BTC,2015-03-27 23:59:59,256.8110046386719,245.21299743652344,248.5659942626953,247.0290069580078,17274900.0,3455731911.07,2015,3,March,27,11.598007202148438,-1.5369873046875,-0.6183417443108269,Decreased
699,Bitcoin,BTC,2015-03-28 23:59:59,254.2050018310547,246.9750061035156,246.9750061035156,252.79800415039065,16040900.0,3537377134.2,2015,3,March,28,7.229995727539091,5.822998046875057,2.3577276659462623,Increased
700,Bitcoin,BTC,2015-03-29 23:59:59,253.13900756835932,240.8500061035156,252.7400054931641,242.71299743652344,21699400.0,3397187114.92,2015,3,March,29,12.289001464843722,-10.027008056640653,-3.9673212941003344,Decreased
701,Bitcoin,BTC,2015-03-30 23:59:59,249.24200439453125,239.2140045166016,242.8789978027344,247.5260009765625,23009600.0,3465419693.35,2015,3,March,30,10.027999877929659,4.647003173828097,1.9132997154419988,Increased
702,Bitcoin,BTC,2015-03-31 23:59:59,248.72999572753903,242.7389984130859,247.45399475097656,244.2239990234375,22672000.0,3420112896.0,2015,3,March,31,5.990997314453125,-3.2299957275390625,-1.305291406101382,Decreased
703,Bitcoin,BTC,2015-04-01 23:59:59,247.54100036621097,241.16000366210932,244.22300720214844,247.27200317382807,22877200.0,3463619267.4,2015,4,April,1,6.380996704101648,3.0489959716796307,1.248447477004455,Increased
704,Bitcoin,BTC,2015-04-02 23:59:59,254.46099853515625,245.41600036621097,247.0890045166016,253.0050048828125,26272600.0,3544973232.38,2015,4,April,2,9.044998168945284,5.916000366210909,2.3942790889399617,Increased
705,Bitcoin,BTC,2015-04-03 23:59:59,256.0429992675781,251.8789978027344,253.07400512695312,254.3220062255859,23146600.0,3564354620.25,2015,4,April,3,4.164001464843722,1.248001098632784,0.4931368190133678,Increased
706,Bitcoin,BTC,2015-04-04 23:59:59,255.25799560546875,251.1000061035156,254.29100036621097,253.6970062255859,12493500.0,3556559215.72,2015,4,April,4,4.157989501953153,-0.5939941406250568,-0.2335883455449193,Decreased
707,Bitcoin,BTC,2015-04-05 23:59:59,260.67498779296875,251.94200134277344,253.7610015869141,260.5979919433594,19649200.0,3654268029.75,2015,4,April,5,8.732986450195312,6.836990356445284,2.6942636235235655,Increased
708,Bitcoin,BTC,2015-04-06 23:59:59,261.7980041503906,254.5749969482422,260.72100830078125,255.49200439453125,20034200.0,3583466919.0,2015,4,April,6,7.2230072021484375,-5.22900390625,-2.005593619144626,Decreased
709,Bitcoin,BTC,2015-04-07 23:59:59,255.80499267578125,252.2050018310547,255.2740020751953,253.17999267578125,18467400.0,3552014128.0,2015,4,April,7,3.5999908447265625,-2.0940093994140625,-0.82029873092883,Decreased
710,Bitcoin,BTC,2015-04-08 23:59:59,253.8470001220703,244.21499633789065,253.06399536132807,245.02200317382807,30086400.0,3438326344.95,2015,4,April,8,9.632003784179659,-8.0419921875,-3.17784921399725,Decreased
711,Bitcoin,BTC,2015-04-09 23:59:59,246.1179962158203,239.3999938964844,244.75100708007807,243.67599487304688,21643500.0,3420248519.8,2015,4,April,9,6.718002319335909,-1.0750122070311932,-0.43922687790186243,Decreased
712,Bitcoin,BTC,2015-04-10 23:59:59,243.69400024414065,232.77099609375,243.69400024414065,236.0720062255859,28882000.0,3314409567.4,2015,4,April,10,10.923004150390653,-7.621994018554744,-3.127690468751295,Decreased
713,Bitcoin,BTC,2015-04-11 23:59:59,239.53700256347656,234.1750030517578,236.01600646972656,236.552001953125,16365200.0,3321976615.4,2015,4,April,11,5.36199951171875,0.5359954833984375,0.2271013273276399,Increased
714,Bitcoin,BTC,2015-04-12 23:59:59,237.72799682617188,233.4949951171875,236.53500366210932,236.1529998779297,12387900.0,3317129018.32,2015,4,April,12,4.233001708984375,-0.38200378417963066,-0.16149989568788042,Decreased
715,Bitcoin,BTC,2015-04-13 23:59:59,236.93499755859372,221.9960021972656,235.9499969482422,224.5870056152344,31181800.0,3155548414.15,2015,4,April,13,14.938995361328125,-11.362991333007784,-4.81584720490603,Decreased
716,Bitcoin,BTC,2015-04-14 23:59:59,224.9759979248047,216.322998046875,224.75900268554688,219.15899658203125,31719000.0,3080098938.82,2015,4,April,14,8.652999877929688,-5.600006103515625,-2.491560309755607,Decreased
717,Bitcoin,BTC,2015-04-15 23:59:59,223.83299255371097,218.6490020751953,219.072998046875,223.83299255371097,22562000.0,3146465247.6,2015,4,April,15,5.183990478515653,4.759994506835966,2.1727892297422575,Increased
718,Bitcoin,BTC,2015-04-16 23:59:59,229.6719970703125,223.91700744628903,223.91700744628903,228.572998046875,24805400.0,3213884952.45,2015,4,April,16,5.754989624023466,4.655990600585966,2.07933763213712,Increased
719,Bitcoin,BTC,2015-04-17 23:59:59,228.906005859375,221.94200134277344,228.5749969482422,222.8820037841797,20429800.0,3134573443.65,2015,4,April,17,6.9640045166015625,-5.6929931640625,-2.490645626193141,Decreased
720,Bitcoin,BTC,2015-04-18 23:59:59,224.3159942626953,220.87600708007807,222.85299682617188,223.3560028076172,12939000.0,3142049362.2,2015,4,April,18,3.4399871826172443,0.5030059814453125,0.2257120113299008,Increased
721,Bitcoin,BTC,2015-04-19 23:59:59,226.35299682617188,222.3730010986328,223.45599365234372,222.6000061035156,15021500.0,3132226860.0,2015,4,April,19,3.9799957275390625,-0.855987548828125,-0.38306761650792126,Decreased
722,Bitcoin,BTC,2015-04-20 23:59:59,226.3509979248047,221.9770050048828,222.61199951171875,224.62600708007807,18364700.0,3161599718.7,2015,4,April,20,4.373992919921875,2.014007568359318,0.9047165349472981,Increased
723,Bitcoin,BTC,2015-04-21 23:59:59,235.2689971923828,224.30099487304688,224.6199951171875,235.2689971923828,24978000.0,3312299315.47,2015,4,April,21,10.968002319335938,10.649002075195312,4.7408967619465825,Increased
724,Bitcoin,BTC,2015-04-22 23:59:59,237.90899658203125,233.4759979248047,235.6020050048828,234.17599487304688,23847900.0,3297795228.8,2015,4,April,22,4.4329986572265625,-1.4260101318359375,-0.6052623074266213,Decreased
725,Bitcoin,BTC,2015-04-23 23:59:59,236.4750061035156,233.19900512695312,234.0529937744141,236.4620056152344,17036000.0,3330762351.15,2015,4,April,23,3.2760009765624716,2.4090118408203125,1.02925914425268,Increased
726,Bitcoin,BTC,2015-04-24 23:59:59,236.30499267578125,229.93299865722656,235.97000122070312,231.26800537109372,21448700.0,3258311725.2,2015,4,April,24,6.3719940185546875,-4.701995849609403,-1.9926244121224628,Decreased
727,Bitcoin,BTC,2015-04-25 23:59:59,232.56100463867188,226.3370056152344,231.2350006103516,226.38999938964844,13957200.0,3190508610.25,2015,4,April,25,6.223999023437472,-4.845001220703153,-2.0952715669836444,Decreased
728,Bitcoin,BTC,2015-04-26 23:59:59,226.94400024414065,214.87399291992188,226.41000366210932,219.42999267578125,28943700.0,3093216938.0,2015,4,April,26,12.070007324218778,-6.980010986328068,-3.082907501183086,Decreased
729,Bitcoin,BTC,2015-04-27 23:59:59,233.30499267578125,218.0229949951172,219.4290008544922,229.28599548339844,38574000.0,3232938332.15,2015,4,April,27,15.281997680664062,9.85699462890625,4.492111156921606,Increased
730,Bitcoin,BTC,2015-04-28 23:59:59,229.4949951171875,223.06900024414065,228.968994140625,225.85499572753903,21469200.0,3185425041.75,2015,4,April,28,6.425994873046847,-3.113998413085966,-1.3600087753250354,Decreased
731,Bitcoin,BTC,2015-04-29 23:59:59,227.0399932861328,223.42999267578125,225.59100341796875,225.80799865722656,18936500.0,3185479101.2,2015,4,April,29,3.6100006103515625,0.2169952392578125,0.09618966890083366,Increased
732,Bitcoin,BTC,2015-04-30 23:59:59,239.56300354003903,224.9929962158203,225.6929931640625,236.14500427246097,33818600.0,3332094504.38,2015,4,April,30,14.570007324218722,10.452011108398466,4.631074701021227,Increased
733,Bitcoin,BTC,2015-05-01 23:59:59,238.96600341796875,232.07899475097656,235.93899536132807,232.07899475097656,18815300.0,3275574609.95,2015,5,May,1,6.8870086669921875,-3.8600006103515057,-1.6360163797595726,Decreased
734,Bitcoin,BTC,2015-05-02 23:59:59,235.7270050048828,232.34100341796875,232.34100341796875,234.92999267578125,12535500.0,3316683007.5,2015,5,May,2,3.3860015869140625,2.5889892578125,1.1143057917999304,Increased
735,Bitcoin,BTC,2015-05-03 23:59:59,243.2400054931641,234.08299255371097,234.8800048828125,240.3580017089844,18494100.0,3394161416.45,2015,5,May,3,9.157012939453125,5.477996826171903,2.3322533686530758,Increased
736,Bitcoin,BTC,2015-05-04 23:59:59,242.63800048828125,237.80999755859372,240.3560028076172,239.01800537109372,21223400.0,3375997790.1,2015,5,May,4,4.828002929687528,-1.337997436523466,-0.5566731934689434,Decreased
737,Bitcoin,BTC,2015-05-05 23:59:59,239.20399475097656,232.0540008544922,238.8520050048828,236.1210021972656,23929100.0,3335976518.25,2015,5,May,5,7.149993896484375,-2.731002807617216,-1.1433870138797395,Decreased
738,Bitcoin,BTC,2015-05-06 23:59:59,236.45399475097656,229.2310028076172,236.24899291992188,229.7819976806641,29587200.0,3247353903.15,2015,5,May,6,7.222991943359375,-6.466995239257784,-2.7373641509870117,Decreased
739,Bitcoin,BTC,2015-05-07 23:59:59,239.10499572753903,228.572998046875,229.66200256347656,237.33399963378903,29064400.0,3354923757.25,2015,5,May,7,10.531997680664034,7.671997070312472,3.340560033735663,Increased
740,Bitcoin,BTC,2015-05-08 23:59:59,246.2749938964844,236.2740020751953,237.20399475097656,243.86300659179688,27445500.0,3448119178.22,2015,5,May,8,10.000991821289091,6.6590118408203125,2.807293295296789,Increased
741,Bitcoin,BTC,2015-05-09 23:59:59,247.8040008544922,239.63900756835932,243.7689971923828,241.83200073242188,19790500.0,3420193701.2,2015,5,May,9,8.16499328613287,-1.9369964599609375,-0.7946032851881724,Decreased
742,Bitcoin,BTC,2015-05-10 23:59:59,244.0679931640625,238.8489990234375,241.72900390625,240.29600524902344,15019100.0,3399245238.2,2015,5,May,10,5.218994140625,-1.4329986572265625,-0.5928120474042593,Decreased
743,Bitcoin,BTC,2015-05-11 23:59:59,244.27000427246097,239.37600708007807,240.2989959716797,242.1580047607422,20892300.0,3426529646.05,2015,5,May,11,4.893997192382898,1.8590087890625,0.7736232028541611,Increased
744,Bitcoin,BTC,2015-05-12 23:59:59,242.8809967041016,240.0989990234375,242.14500427246097,241.11199951171875,19282600.0,3412644997.8,2015,5,May,12,2.781997680664091,-1.033004760742216,-0.4266058529045189,Decreased
745,Bitcoin,BTC,2015-05-13 23:59:59,243.70399475097656,235.0449981689453,241.3979949951172,236.3769989013672,27180100.0,3346584200.03,2015,5,May,13,8.65899658203125,-5.02099609375,-2.079965947460152,Decreased
746,Bitcoin,BTC,2015-05-14 23:59:59,237.7989959716797,234.0570068359375,236.2140045166016,236.9290008544922,24413700.0,3355311496.07,2015,5,May,14,3.7419891357421875,0.7149963378905966,0.30269007096077793,Increased
747,Bitcoin,BTC,2015-05-15 23:59:59,238.7530059814453,236.7949981689453,236.9550018310547,237.60499572753903,16329400.0,3365752046.62,2015,5,May,15,1.9580078125,0.6499938964843466,0.2743111103211834,Increased
748,Bitcoin,BTC,2015-05-16 23:59:59,237.6970062255859,235.2949981689453,237.6439971923828,236.1529998779297,11089700.0,3345969203.45,2015,5,May,16,2.4020080566405966,-1.490997314453125,-0.62740794300228,Decreased
749,Bitcoin,BTC,2015-05-17 23:59:59,238.0249938964844,236.0099945068359,236.0099945068359,236.802001953125,11134300.0,3356176985.85,2015,5,May,17,2.0149993896484943,0.7920074462890909,0.3355821637740646,Increased
750,Bitcoin,BTC,2015-05-18 23:59:59,237.2100067138672,232.4600067138672,236.88699340820312,233.1280059814453,16780300.0,3304944920.2,2015,5,May,18,4.75,-3.7589874267578125,-1.586827276869665,Decreased
751,Bitcoin,BTC,2015-05-19 23:59:59,234.1510009765625,231.81700134277344,233.03700256347656,231.9470062255859,14241900.0,3288950473.25,2015,5,May,19,2.3339996337890625,-1.0899963378906534,-0.46773530636781646,Decreased
752,Bitcoin,BTC,2015-05-20 23:59:59,234.68299865722656,231.8419952392578,231.88999938964844,234.01800537109372,15499400.0,3319170901.2,2015,5,May,20,2.84100341796875,2.128005981445284,0.9176790663876633,Increased
753,Bitcoin,BTC,2015-05-21 23:59:59,236.24200439453125,233.8350067138672,234.01600646972656,235.343994140625,15108900.0,3338890047.6,2015,5,May,21,2.4069976806640625,1.3279876708984375,0.567477281119329,Increased
754,Bitcoin,BTC,2015-05-22 23:59:59,240.968994140625,235.05999755859372,235.3209991455078,240.34800720214844,27003000.0,3410712372.3,2015,5,May,22,5.908996582031278,5.027008056640625,2.136234367053761,Increased
755,Bitcoin,BTC,2015-05-23 23:59:59,241.0249938964844,238.6909942626953,240.28599548339844,238.8719940185547,14605000.0,3390435703.8,2015,5,May,23,2.333999633789091,-1.41400146484375,-0.5884660327369952,Decreased
756,Bitcoin,BTC,2015-05-24 23:59:59,241.97799682617188,238.81100463867188,238.9759979248047,240.9530029296875,11508000.0,3420845883.95,2015,5,May,24,3.1669921875,1.9770050048828125,0.8272818283218927,Increased
757,Bitcoin,BTC,2015-05-25 23:59:59,241.02099609375,236.63699340820312,240.927001953125,237.1100006103516,14423900.0,3367127977.0,2015,5,May,25,4.384002685546875,-3.817001342773409,-1.584297862767598,Decreased
758,Bitcoin,BTC,2015-05-26 23:59:59,238.24200439453125,235.69200134277344,237.10400390625,237.11599731445312,16425000.0,3368066798.8,2015,5,May,26,2.5500030517578125,0.011993408203125,0.005058290035400308,Increased
759,Bitcoin,BTC,2015-05-27 23:59:59,238.6360015869141,236.69500732421875,237.06500244140625,237.2830047607422,18837000.0,3371257543.25,2015,5,May,27,1.940994262695341,0.2180023193359375,0.091958879248665,Increased
760,Bitcoin,BTC,2015-05-28 23:59:59,237.82400512695312,236.6519927978516,237.2570037841797,237.4080047607422,13829600.0,3373816958.4,2015,5,May,28,1.172012329101534,0.1510009765625,0.06364447588651911,Increased
761,Bitcoin,BTC,2015-05-29 23:59:59,237.52200317382807,235.7310028076172,237.3769989013672,237.0959930419922,14805000.0,3370295930.4,2015,5,May,29,1.7910003662108807,-0.281005859375,-0.11837956528035856,Decreased
762,Bitcoin,BTC,2015-05-30 23:59:59,237.0930023193359,232.04600524902344,237.0919952392578,233.34500122070312,14098600.0,3317769213.5,2015,5,May,30,5.046997070312472,-3.7469940185546875,-1.5803966788391421,Decreased
763,Bitcoin,BTC,2015-05-31 23:59:59,233.2519989013672,229.54200744628903,233.1349945068359,230.19000244140625,14730800.0,3273756425.25,2015,5,May,31,3.7099914550781534,-2.944992065429659,-1.2632132175863917,Decreased
764,Bitcoin,BTC,2015-06-01 23:59:59,231.71299743652344,221.29600524902344,230.2330017089844,222.92599487304688,26090500.0,3171172508.35,2015,6,June,1,10.4169921875,-7.307006835937528,-3.1737443293093226,Decreased
765,Bitcoin,BTC,2015-06-02 23:59:59,226.41600036621097,222.41900634765625,222.8939971923828,225.8029937744141,20459000.0,3212962177.15,2015,6,June,2,3.996994018554716,2.9089965820312784,1.3051031515758966,Increased
766,Bitcoin,BTC,2015-06-03 23:59:59,227.4040069580078,223.92999267578125,225.73599243164065,225.87399291992188,17752400.0,3214774292.4,2015,6,June,3,3.4740142822265625,0.13800048828122158,0.0611335776783634,Increased
767,Bitcoin,BTC,2015-06-04 23:59:59,226.58099365234372,224.0540008544922,225.77200317382807,224.32400512695312,14728100.0,3193504504.5,2015,6,June,4,2.526992797851534,-1.4479980468749432,-0.641354121201684,Decreased
768,Bitcoin,BTC,2015-06-05 23:59:59,225.9680023193359,223.1790008544922,224.1540069580078,224.95199584960932,18056500.0,3203220875.4,2015,6,June,5,2.7890014648437216,0.7979888916015057,0.3560002796430037,Increased
769,Bitcoin,BTC,2015-06-06 23:59:59,225.718994140625,224.3789978027344,225.0050048828125,225.61900329589844,11131500.0,3213722676.47,2015,6,June,6,1.3399963378905966,0.6139984130859375,0.2728821136248597,Increased
770,Bitcoin,BTC,2015-06-07 23:59:59,226.19400024414065,222.6519927978516,225.5959930419922,222.8809967041016,13318400.0,3175547195.72,2015,6,June,7,3.5420074462890625,-2.7149963378905966,-1.2034771988991977,Decreased
771,Bitcoin,BTC,2015-06-08 23:59:59,229.4640045166016,222.8390045166016,222.8789978027344,228.4889984130859,23378400.0,3256350969.08,2015,6,June,8,6.625,5.610000610351506,2.5170611253900206,Increased
772,Bitcoin,BTC,2015-06-09 23:59:59,230.95399475097656,227.9290008544922,228.5379943847656,229.04800415039065,28353100.0,3265176585.4,2015,6,June,9,3.024993896484375,0.5100097656250568,0.2231619153734265,Increased
773,Bitcoin,BTC,2015-06-10 23:59:59,229.7819976806641,228.0099945068359,228.9949951171875,228.8029937744141,15904800.0,3262644978.88,2015,6,June,10,1.7720031738281818,-0.19200134277340908,-0.08384521359305384,Decreased
774,Bitcoin,BTC,2015-06-11 23:59:59,230.28700256347656,228.7669982910156,228.85499572753903,229.7050018310547,14416000.0,3276293900.25,2015,6,June,11,1.520004272460966,0.8500061035156534,0.37141688815376334,Increased
775,Bitcoin,BTC,2015-06-12 23:59:59,231.0570068359375,229.31300354003903,229.7050018310547,229.98199462890625,14017700.0,3281061201.2,2015,6,June,12,1.744003295898466,0.2769927978515625,0.12058631533643635,Increased
776,Bitcoin,BTC,2015-06-13 23:59:59,232.6519927978516,229.2100067138672,229.9199981689453,232.4019927978516,13305300.0,3316504361.1,2015,6,June,13,3.4419860839844034,2.4819946289062784,1.0795035876272527,Increased
777,Bitcoin,BTC,2015-06-14 23:59:59,234.8580017089844,232.0039978027344,232.44200134277344,233.54299926757807,12165900.0,3333657006.33,2015,6,June,14,2.85400390625,1.1009979248046307,0.47366565355846796,Increased
778,Bitcoin,BTC,2015-06-15 23:59:59,237.83599853515625,233.4219970703125,233.4219970703125,236.822998046875,19912100.0,3381329191.12,2015,6,June,15,4.41400146484375,3.4010009765625,1.4570181984768273,Increased
779,Bitcoin,BTC,2015-06-16 23:59:59,251.74200439453125,236.1219940185547,236.76499938964844,250.89500427246097,41612000.0,3582987588.38,2015,6,June,16,15.620010375976562,14.130004882812528,5.967944974653337,Increased
780,Bitcoin,BTC,2015-06-17 23:59:59,256.8529968261719,246.4759979248047,250.822998046875,249.28399658203125,43858400.0,3560953386.9,2015,6,June,17,10.376998901367188,-1.53900146484375,-0.6135806831222607,Decreased
781,Bitcoin,BTC,2015-06-18 23:59:59,252.1080017089844,244.1269989013672,249.4279937744141,249.0070037841797,30980200.0,3557986320.9,2015,6,June,18,7.981002807617216,-0.4209899902344034,-0.16878217391074085,Decreased
782,Bitcoin,BTC,2015-06-19 23:59:59,250.9770050048828,243.78700256347656,249.04299926757807,244.6060028076172,23965300.0,3495994564.1,2015,6,June,19,7.19000244140625,-4.436996459960881,-1.7816186253015929,Decreased
783,Bitcoin,BTC,2015-06-20 23:59:59,245.8280029296875,240.6269989013672,244.52999877929688,245.2120056152344,20608100.0,3505477188.4,2015,6,June,20,5.2010040283203125,0.6820068359375284,0.2789051810993059,Increased
784,Bitcoin,BTC,2015-06-21 23:59:59,245.2239990234375,241.8820037841797,245.1000061035156,243.94400024414065,10600900.0,3488106467.2,2015,6,June,21,3.3419952392578125,-1.1560058593749432,-0.47164660570702527,Decreased
785,Bitcoin,BTC,2015-06-22 23:59:59,247.91700744628903,243.7790069580078,243.968994140625,246.9900054931641,17692500.0,3532599174.0,2015,6,June,22,4.138000488281222,3.021011352539091,1.2382767585612802,Increased
786,Bitcoin,BTC,2015-06-23 23:59:59,247.3040008544922,243.13299560546875,246.927001953125,244.29600524902344,15108700.0,3494929113.0,2015,6,June,23,4.1710052490234375,-2.6309967041015625,-1.0654957470390434,Decreased
787,Bitcoin,BTC,2015-06-24 23:59:59,244.34100341796875,240.51499938964844,244.2819976806641,240.51499938964844,17344900.0,3441763637.12,2015,6,June,24,3.8260040283203125,-3.7669982910156534,-1.542069545353905,Decreased
788,Bitcoin,BTC,2015-06-25 23:59:59,243.33200073242188,240.3650054931641,240.3650054931641,242.7989959716797,16133100.0,3475370256.22,2015,6,June,25,2.966995239257784,2.4339904785155966,1.0126226459303862,Increased
789,Bitcoin,BTC,2015-06-26 23:59:59,243.74899291992188,241.5529937744141,242.60400390625,243.593994140625,13983500.0,3487699723.95,2015,6,June,26,2.195999145507784,0.989990234375,0.40806838239881815,Increased
790,Bitcoin,BTC,2015-06-27 23:59:59,251.3390045166016,243.11700439453125,243.5489959716797,250.9900054931641,20488600.0,3594402691.0,2015,6,June,27,8.222000122070341,7.441009521484403,3.055241304443586,Increased
791,Bitcoin,BTC,2015-06-28 23:59:59,251.1719970703125,247.4340057373047,250.9550018310547,249.0110015869141,15137600.0,3566939393.67,2015,6,June,28,3.7379913330078125,-1.9440002441405966,-0.774640963502021,Decreased
792,Bitcoin,BTC,2015-06-29 23:59:59,257.1730041503906,248.58099365234372,248.7209930419922,257.0639953613281,34742900.0,3683193712.2,2015,6,June,29,8.592010498046903,8.343002319335938,3.354361936761553,Increased
793,Bitcoin,BTC,2015-06-30 23:59:59,267.86700439453125,255.9459991455078,257.0360107421875,263.0719909667969,44533800.0,3770229521.6,2015,6,June,30,11.921005249023438,6.035980224609375,2.3483013944935482,Increased
794,Bitcoin,BTC,2015-07-01 23:59:59,265.1719970703125,255.7740020751953,263.3450012207031,258.6210021972656,27029800.0,3707306172.9,2015,7,July,1,9.397994995117188,-4.7239990234375,-1.7938441973608716,Decreased
795,Bitcoin,BTC,2015-07-02 23:59:59,261.6310119628906,254.11599731445312,258.552001953125,255.41200256347656,21551900.0,3662295200.3,2015,7,July,2,7.5150146484375,-3.1399993896484375,-1.2144556475790558,Decreased
796,Bitcoin,BTC,2015-07-03 23:59:59,257.0769958496094,253.5050048828125,255.45899963378903,256.33599853515625,19033800.0,3676575980.8,2015,7,July,3,3.571990966796875,0.8769989013672159,0.3433031925375226,Increased
797,Bitcoin,BTC,2015-07-04 23:59:59,261.4570007324219,254.1999969482422,256.4909973144531,260.885986328125,15620400.0,3742827087.6,2015,7,July,4,7.2570037841796875,4.394989013671875,1.71350615019197,Increased
798,Bitcoin,BTC,2015-07-05 23:59:59,274.5060119628906,258.70098876953125,260.80499267578125,271.9129943847656,44156100.0,3901985539.12,2015,7,July,5,15.805023193359375,11.108001708984375,4.259121573946724,Increased
799,Bitcoin,BTC,2015-07-06 23:59:59,277.4219970703125,267.6000061035156,271.1080017089844,269.0299987792969,49154800.0,3861831489.5,2015,7,July,6,9.821990966796875,-2.0780029296875,-0.7664852813596007,Decreased
800,Bitcoin,BTC,2015-07-07 23:59:59,271.34100341796875,264.8320007324219,269.9630126953125,266.2070007324219,28857600.0,3822200106.0,2015,7,July,7,6.509002685546875,-3.756011962890625,-1.391306136863186,Decreased
801,Bitcoin,BTC,2015-07-08 23:59:59,272.97100830078125,264.385986328125,265.98199462890625,270.7850036621094,36980200.0,3889020939.63,2015,7,July,8,8.58502197265625,4.803009033203125,1.8057647247529687,Increased
802,Bitcoin,BTC,2015-07-09 23:59:59,272.3349914550781,267.08599853515625,270.8269958496094,269.2279968261719,40301200.0,3867547719.1,2015,7,July,9,5.248992919921875,-1.5989990234375,-0.5904134550624438,Decreased
803,Bitcoin,BTC,2015-07-10 23:59:59,294.59100341796875,268.802001953125,269.156005859375,284.8940124511719,100390000.0,4093705987.15,2015,7,July,10,25.78900146484375,15.738006591796875,5.847169020638334,Increased
804,Bitcoin,BTC,2015-07-11 23:59:59,298.5060119628906,283.5299987792969,284.8800048828125,293.114990234375,41109900.0,4212919911.38,2015,7,July,11,14.97601318359375,8.2349853515625,2.890685625672473,Increased
805,Bitcoin,BTC,2015-07-12 23:59:59,314.3940124511719,292.5050048828125,293.1400146484375,310.86700439453125,56405000.0,4469117252.1,2015,7,July,12,21.889007568359375,17.72698974609375,6.047277362441872,Increased
806,Bitcoin,BTC,2015-07-13 23:59:59,310.947998046875,281.010986328125,310.8269958496094,292.0539855957031,62053900.0,4199736520.0,2015,7,July,13,29.93701171875,-18.77301025390625,-6.039697485925383,Decreased
807,Bitcoin,BTC,2015-07-14 23:59:59,296.1470031738281,286.63800048828125,292.03399658203125,287.4639892578125,28727200.0,4134767190.4,2015,7,July,14,9.509002685546875,-4.57000732421875,-1.5648888066821534,Decreased
808,Bitcoin,BTC,2015-07-15 23:59:59,293.2479858398437,285.36700439453125,288.0450134277344,285.8290100097656,27486600.0,4112343300.33,2015,7,July,15,7.880981445312443,-2.21600341796875,-0.7693253882781441,Decreased
809,Bitcoin,BTC,2015-07-16 23:59:59,291.1830139160156,275.239990234375,286.0419921875,278.0889892578125,49482600.0,4001916228.97,2015,7,July,16,15.943023681640625,-7.9530029296875,-2.78036202617213,Decreased
810,Bitcoin,BTC,2015-07-17 23:59:59,280.2799987792969,272.0429992675781,278.09100341796875,279.47198486328125,27591400.0,4022845730.4,2015,7,July,17,8.23699951171875,1.3809814453125,0.4965933555343734,Increased
811,Bitcoin,BTC,2015-07-18 23:59:59,282.5270080566406,274.07501220703125,279.3309936523437,274.9010009765625,25187100.0,3958065833.15,2015,7,July,18,8.451995849609375,-4.429992675781193,-1.5859295160403064,Decreased
812,Bitcoin,BTC,2015-07-19 23:59:59,275.6700134277344,272.51300048828125,274.7669982910156,273.614013671875,15332500.0,3940581987.65,2015,7,July,19,3.157012939453125,-1.152984619140625,-0.41962267168615985,Decreased
813,Bitcoin,BTC,2015-07-20 23:59:59,278.9809875488281,272.9599914550781,273.4989929199219,278.9809875488281,22711400.0,4018965413.38,2015,7,July,20,6.02099609375,5.48199462890625,2.0043929852828857,Increased
814,Bitcoin,BTC,2015-07-21 23:59:59,280.5469970703125,275.41900634765625,278.8819885253906,275.8330078125,22930700.0,3974491488.65,2015,7,July,21,5.12799072265625,-3.048980712890625,-1.093287067053824,Decreased
815,Bitcoin,BTC,2015-07-22 23:59:59,277.6659851074219,274.3810119628906,275.6570129394531,277.22198486328125,19389800.0,3995572963.8,2015,7,July,22,3.28497314453125,1.564971923828125,0.5677243278304929,Increased
816,Bitcoin,BTC,2015-07-23 23:59:59,278.1109924316406,275.71600341796875,277.34100341796875,276.04901123046875,18531300.0,3979625902.37,2015,7,July,23,2.394989013671875,-1.2919921875,-0.4658496838106892,Decreased
817,Bitcoin,BTC,2015-07-24 23:59:59,289.25299072265625,275.2539978027344,276.0050048828125,288.27801513671875,37199400.0,4157148933.75,2015,7,July,24,13.998992919921875,12.27301025390625,4.446662211475905,Increased
818,Bitcoin,BTC,2015-07-25 23:59:59,290.7330017089844,286.00201416015625,288.1640014648437,288.6969909667969,20662200.0,4164295441.65,2015,7,July,25,4.730987548828125,0.5329895019531818,0.18496047363438875,Increased
819,Bitcoin,BTC,2015-07-26 23:59:59,293.052001953125,287.7059936523437,288.6400146484375,292.6860046386719,16032300.0,4222888242.3,2015,7,July,26,5.346008300781307,4.045989990234375,1.40174258068909,Increased
820,Bitcoin,BTC,2015-07-27 23:59:59,297.77398681640625,287.45001220703125,292.6390075683594,293.6239929199219,30592000.0,4237522843.2,2015,7,July,27,10.323974609375,0.9849853515625,0.3365871692045057,Increased
821,Bitcoin,BTC,2015-07-28 23:59:59,296.64898681640625,293.4230041503906,293.63299560546875,294.427001953125,25453600.0,4250112630.4,2015,7,July,28,3.225982666015625,0.79400634765625,0.27040774011756263,Increased
822,Bitcoin,BTC,2015-07-29 23:59:59,294.5360107421875,288.7770080566406,294.4840087890625,289.5899963378906,24672600.0,4181390010.0,2015,7,July,29,5.759002685546875,-4.894012451171875,-1.6618941284100193,Decreased
823,Bitcoin,BTC,2015-07-30 23:59:59,290.1260070800781,286.5679931640625,289.1029968261719,287.72198486328125,21635800.0,4155381826.7,2015,7,July,30,3.558013916015625,-1.381011962890625,-0.47768856706835944,Decreased
824,Bitcoin,BTC,2015-07-31 23:59:59,288.9590148925781,282.343994140625,287.6960144042969,284.6499938964844,23629100.0,4112089481.25,2015,7,July,31,6.615020751953125,-3.0460205078125,-1.058763540440276,Decreased
825,Bitcoin,BTC,2015-08-01 23:59:59,284.9320068359375,278.11199951171875,284.6860046386719,281.6010131835937,18995000.0,4069120369.95,2015,8,August,1,6.82000732421875,-3.084991455078182,-1.083647037371473,Decreased
826,Bitcoin,BTC,2015-08-02 23:59:59,283.0320129394531,277.52899169921875,280.4490051269531,282.614013671875,17722200.0,4084832102.5,2015,8,August,2,5.503021240234375,2.165008544921875,0.7719793992286844,Increased
827,Bitcoin,BTC,2015-08-03 23:59:59,285.47100830078125,280.2330017089844,282.8059997558594,281.2269897460937,21474100.0,4065895597.9,2015,8,August,3,5.238006591796875,-1.5790100097656818,-0.5583368143281291,Decreased
828,Bitcoin,BTC,2015-08-04 23:59:59,285.7149963378906,281.2250061035156,281.2250061035156,285.2179870605469,21908700.0,4124558889.35,2015,8,August,4,4.489990234375,3.99298095703125,1.4198527408197408,Increased
829,Bitcoin,BTC,2015-08-05 23:59:59,285.5010070800781,281.4880065917969,284.84698486328125,281.8819885253906,20128000.0,4077254000.8,2015,8,August,5,4.01300048828125,-2.964996337890625,-1.040908451010546,Decreased
830,Bitcoin,BTC,2015-08-06 23:59:59,281.906005859375,278.40301513671875,281.906005859375,278.5769958496094,18792100.0,4030445071.57,2015,8,August,6,3.50299072265625,-3.329010009765625,-1.1808936101298448,Decreased
831,Bitcoin,BTC,2015-08-07 23:59:59,280.3919982910156,276.3659973144531,278.7409973144531,279.5849914550781,42484800.0,4045993358.62,2015,8,August,7,4.0260009765625,0.843994140625,0.30278794607055015,Increased
832,Bitcoin,BTC,2015-08-08 23:59:59,279.9280090332031,260.7099914550781,279.74200439453125,260.9970092773437,58533000.0,3778049023.65,2015,8,August,8,19.218017578125,-18.744995117187557,-6.700815330811295,Decreased
833,Bitcoin,BTC,2015-08-09 23:59:59,267.00299072265625,260.4679870605469,261.1159973144531,265.0830078125,23789600.0,3838130129.93,2015,8,August,9,6.535003662109375,3.967010498046875,1.5192521863260409,Increased
834,Bitcoin,BTC,2015-08-10 23:59:59,267.0320129394531,262.59600830078125,265.4779968261719,264.4700012207031,20979400.0,3830352068.75,2015,8,August,10,4.436004638671875,-1.00799560546875,-0.3796908284375671,Decreased
835,Bitcoin,BTC,2015-08-11 23:59:59,270.385986328125,264.093994140625,264.3420104980469,270.385986328125,25433900.0,3917142818.85,2015,8,August,11,6.2919921875,6.043975830078125,2.2864227364733543,Increased
836,Bitcoin,BTC,2015-08-12 23:59:59,270.6730041503906,265.468994140625,270.5979919433594,266.3760070800781,26815400.0,3859888131.0,2015,8,August,12,5.204010009765625,-4.22198486328125,-1.5602424958737244,Decreased
837,Bitcoin,BTC,2015-08-13 23:59:59,266.23199462890625,262.84100341796875,266.1830139160156,264.0799865722656,27685500.0,3827588724.0,2015,8,August,13,3.3909912109375,-2.10302734375,-0.7900681988721993,Decreased
838,Bitcoin,BTC,2015-08-14 23:59:59,267.46600341796875,261.4779968261719,264.1319885253906,265.67999267578125,27091200.0,3851715726.0,2015,8,August,14,5.988006591796875,1.548004150390625,0.5860721978556632,Increased
839,Bitcoin,BTC,2015-08-15 23:59:59,266.6669921875,261.2959899902344,265.52899169921875,261.5509948730469,19321100.0,3792757589.77,2015,8,August,15,5.371002197265625,-3.977996826171875,-1.498140297492637,Decreased
840,Bitcoin,BTC,2015-08-16 23:59:59,262.44000244140625,257.0409851074219,261.8659973144531,258.5069885253906,29717000.0,3749501856.15,2015,8,August,16,5.399017333984375,-3.3590087890625,-1.2827204843357136,Decreased
841,Bitcoin,BTC,2015-08-17 23:59:59,260.5050048828125,257.11700439453125,258.489990234375,257.9760131835937,21617900.0,3742748055.0,2015,8,August,17,3.38800048828125,-0.5139770507813068,-0.19883828008785934,Decreased
842,Bitcoin,BTC,2015-08-18 23:59:59,257.9930114746094,211.07899475097656,257.9259948730469,211.07899475097656,42147200.0,3063104570.35,2015,8,August,18,46.91401672363281,-46.84700012207031,-18.162961877932762,Decreased
843,Bitcoin,BTC,2015-08-19 23:59:59,237.40899658203125,222.76600646972656,225.67100524902344,226.6840057373047,60869200.0,3290448603.3,2015,8,August,19,14.642990112304688,1.01300048828125,0.44888375764685595,Increased
844,Bitcoin,BTC,2015-08-20 23:59:59,237.3650054931641,226.8990020751953,226.8990020751953,235.3500061035156,32275000.0,3417123138.75,2015,8,August,20,10.466003417968778,8.451004028320284,3.7245664154660254,Increased
845,Bitcoin,BTC,2015-08-21 23:59:59,236.4320068359375,231.7239990234375,235.35499572753903,232.56900024414065,23173800.0,3377704243.05,2015,8,August,21,4.7080078125,-2.7859954833983807,-1.1837418087456342,Decreased
846,Bitcoin,BTC,2015-08-22 23:59:59,234.95700073242188,222.70399475097656,232.66200256347656,230.38999938964844,23205900.0,3346961926.25,2015,8,August,22,12.253005981445312,-2.272003173828125,-0.9765252378106994,Decreased
847,Bitcoin,BTC,2015-08-23 23:59:59,232.7050018310547,225.5800018310547,230.37600708007807,228.16900634765625,18406600.0,3315466696.75,2015,8,August,23,7.125,-2.207000732421818,-0.95799938561079,Decreased
848,Bitcoin,BTC,2015-08-24 23:59:59,228.13900756835932,210.4429931640625,228.11199951171875,210.4949951171875,59220700.0,3059460627.0,2015,8,August,24,17.696014404296818,-17.61700439453125,-7.7229625939192275,Decreased
849,Bitcoin,BTC,2015-08-25 23:59:59,226.3209991455078,199.56700134277344,210.0679931640625,221.60899353027344,61089200.0,3221751642.0,2015,8,August,25,26.753997802734375,11.541000366210938,5.493935650252749,Increased
850,Bitcoin,BTC,2015-08-26 23:59:59,231.18299865722656,220.20399475097656,222.0760040283203,225.83099365234372,31808000.0,3284040047.77,2015,8,August,26,10.97900390625,3.754989624023409,1.6908578846477051,Increased
851,Bitcoin,BTC,2015-08-27 23:59:59,228.64300537109372,223.6840057373047,226.0500030517578,224.7689971923828,21905400.0,3269360631.83,2015,8,August,27,4.958999633789034,-1.281005859375,-0.5666913700866851,Decreased
852,Bitcoin,BTC,2015-08-28 23:59:59,235.218994140625,220.92599487304688,224.7010040283203,231.39599609375,31336600.0,3366649822.8,2015,8,August,28,14.292999267578125,6.6949920654296875,2.9795114153499203,Increased
853,Bitcoin,BTC,2015-08-29 23:59:59,233.2220001220703,227.3300018310547,231.5489959716797,229.77999877929688,17142500.0,3344063018.5,2015,8,August,29,5.891998291015625,-1.7689971923828125,-0.763983961562578,Decreased
854,Bitcoin,BTC,2015-08-30 23:59:59,232.0679931640625,226.2469940185547,229.89500427246097,228.7610015869141,19412600.0,3330085315.05,2015,8,August,30,5.8209991455078125,-1.134002685546875,-0.493269825125433,Decreased
855,Bitcoin,BTC,2015-08-31 23:59:59,231.95599365234372,225.9149932861328,229.1139984130859,230.05599975585932,20710700.0,3349845416.0,2015,8,August,31,6.041000366210909,0.9420013427734091,0.4111496238981469,Increased
856,Bitcoin,BTC,2015-09-01 23:59:59,231.21600341796875,226.8600006103516,230.2559967041016,228.1210021972656,20575200.0,3322548146.85,2015,9,September,1,4.356002807617159,-2.1349945068359943,-0.9272264511658486,Decreased
857,Bitcoin,BTC,2015-09-02 23:59:59,230.57699584960932,226.4750061035156,228.0269927978516,229.28399658203125,18760400.0,3340404203.4,2015,9,September,2,4.101989746093722,1.257003784179659,0.5512521867505425,Increased
858,Bitcoin,BTC,2015-09-03 23:59:59,229.60499572753903,226.66700744628903,229.32400512695312,227.18299865722656,17482000.0,3310618587.92,2015,9,September,3,2.93798828125,-2.1410064697265625,-0.9336163776405821,Decreased
859,Bitcoin,BTC,2015-09-04 23:59:59,230.8999938964844,227.05099487304688,227.21499633789065,230.29800415039065,20962400.0,3356910009.75,2015,9,September,4,3.8489990234375284,3.0830078125,1.356868103861978,Increased
860,Bitcoin,BTC,2015-09-05 23:59:59,236.14300537109372,229.4429931640625,230.19900512695312,235.0189971923828,20671400.0,3426594646.43,2015,9,September,5,6.700012207031222,4.8199920654296875,2.093837053192952,Increased
861,Bitcoin,BTC,2015-09-06 23:59:59,242.91200256347656,234.68099975585932,234.8699951171875,239.83999633789065,25473700.0,3497748612.0,2015,9,September,6,8.231002807617244,4.970001220703153,2.1160647694582657,Increased
862,Bitcoin,BTC,2015-09-07 23:59:59,242.1060028076172,238.7220001220703,239.9340057373047,239.8470001220703,21192200.0,3498762116.33,2015,9,September,7,3.384002685546875,-0.087005615234375,-0.03626231094963437,Decreased
863,Bitcoin,BTC,2015-09-08 23:59:59,245.781005859375,239.6779937744141,239.8459930419922,243.60699462890625,26879200.0,3554439286.12,2015,9,September,8,6.103012084960909,3.7610015869140625,1.5680902312408391,Increased
864,Bitcoin,BTC,2015-09-09 23:59:59,244.41600036621097,237.8209991455078,243.4149932861328,238.16799926757807,23635700.0,3475960738.6,2015,9,September,9,6.595001220703153,-5.246994018554744,-2.1555755246296333,Decreased
865,Bitcoin,BTC,2015-09-10 23:59:59,241.29299926757807,235.79100036621097,238.33599853515625,238.4770050048828,21215500.0,3481466103.75,2015,9,September,10,5.501998901367102,0.1410064697265625,0.059162892132622186,Increased
866,Bitcoin,BTC,2015-09-11 23:59:59,241.16900634765625,238.32899475097656,238.32899475097656,240.10699462890625,19224700.0,3506204486.22,2015,9,September,11,2.8400115966796875,1.7779998779296875,0.7460275153627324,Increased
867,Bitcoin,BTC,2015-09-12 23:59:59,240.12399291992188,234.7539978027344,239.85499572753903,235.22900390625,17962600.0,3435801819.8,2015,9,September,12,5.369995117187472,-4.625991821289034,-1.9286618597445786,Decreased
868,Bitcoin,BTC,2015-09-13 23:59:59,235.93499755859372,229.33200073242188,235.24200439453125,230.51199340820312,18478800.0,3367774557.2,2015,9,September,13,6.602996826171847,-4.730010986328125,-2.0107000016864696,Decreased
869,Bitcoin,BTC,2015-09-14 23:59:59,232.44000244140625,227.96099853515625,230.60899353027344,230.6439971923828,20997800.0,3370579521.1,2015,9,September,14,4.47900390625,0.035003662109375,0.015178793148316593,Increased
870,Bitcoin,BTC,2015-09-15 23:59:59,259.1820068359375,229.8220062255859,230.49200439453125,230.3040008544922,19177800.0,3366532053.6,2015,9,September,15,29.36000061035159,-0.1880035400390625,-0.08156618731001983,Decreased
871,Bitcoin,BTC,2015-09-16 23:59:59,231.21499633789065,227.4019927978516,230.25,229.09100341796875,20144200.0,3349613965.58,2015,9,September,16,3.8130035400390625,-1.15899658203125,-0.5033644221634094,Decreased
872,Bitcoin,BTC,2015-09-17 23:59:59,230.28500366210932,228.92599487304688,229.0760040283203,229.80999755859372,18935400.0,3360247348.5,2015,9,September,17,1.3590087890624432,0.7339935302734091,0.3204148480705411,Increased
873,Bitcoin,BTC,2015-09-18 23:59:59,234.35299682617188,232.18499755859372,233.52099609375,232.9750061035156,20242200.0,3408098085.0,2015,9,September,18,2.1679992675781534,-0.5459899902344034,-0.2338076658491165,Decreased
874,Bitcoin,BTC,2015-09-19 23:59:59,233.2050018310547,231.0890045166016,232.8580017089844,231.4929962158203,12712600.0,3387141915.42,2015,9,September,19,2.1159973144530966,-1.365005493164091,-0.5861965159651307,Decreased
875,Bitcoin,BTC,2015-09-20 23:59:59,232.3650054931641,230.91000366210932,231.3990020751953,231.2120056152344,14444700.0,3383764498.8,2015,9,September,20,1.4550018310547728,-0.18699645996090908,-0.0808112646484719,Decreased
876,Bitcoin,BTC,2015-09-21 23:59:59,231.2169952392578,226.52099609375,231.2169952392578,227.0850067138672,949979008.0,3324121324.12,2015,9,September,21,4.6959991455078125,-4.131988525390625,-1.7870609040286776,Decreased
877,Bitcoin,BTC,2015-09-22 23:59:59,232.3860015869141,225.11700439453125,226.968994140625,230.6179962158203,25009300.0,3376737583.25,2015,9,September,22,7.268997192382841,3.6490020751953125,1.6077094975071666,Increased
878,Bitcoin,BTC,2015-09-23 23:59:59,231.8350067138672,229.59100341796875,230.93600463867188,230.2830047607422,17254100.0,3372747846.3,2015,9,September,23,2.2440032958984375,-0.6529998779296875,-0.2827622652220848,Decreased
879,Bitcoin,BTC,2015-09-24 23:59:59,235.6490020751953,230.2949981689453,230.3580017089844,234.5290069580078,25097800.0,3435744311.95,2015,9,September,24,5.35400390625,4.171005249023409,1.8106621945317611,Increased
880,Bitcoin,BTC,2015-09-25 23:59:59,237.427001953125,233.6840057373047,234.36199951171875,235.1439971923828,22363600.0,3445723754.2,2015,9,September,25,3.7429962158203125,0.7819976806640625,0.33367085205507496,Increased
881,Bitcoin,BTC,2015-09-26 23:59:59,235.4029998779297,233.3580017089844,235.0760040283203,234.33999633789065,13724100.0,3434809257.5,2015,9,September,26,2.044998168945284,-0.7360076904296591,-0.3130935007475242,Decreased
882,Bitcoin,BTC,2015-09-27 23:59:59,234.5260009765625,232.4759979248047,234.13900756835932,232.7570037841797,14179900.0,3412467833.78,2015,9,September,27,2.0500030517578125,-1.3820037841796307,-0.5902492705219742,Decreased
883,Bitcoin,BTC,2015-09-28 23:59:59,239.3390045166016,232.4669952392578,232.83599853515625,239.1419982910156,24713000.0,3506933730.3,2015,9,September,28,6.872009277343778,6.305999755859347,2.708343982688396,Increased
884,Bitcoin,BTC,2015-09-29 23:59:59,239.802001953125,235.9279937744141,239.01600646972656,236.68699645996097,22691300.0,3471967520.18,2015,9,September,29,3.874008178710909,-2.3290100097655966,-0.9744159163920203,Decreased
885,Bitcoin,BTC,2015-09-30 23:59:59,237.73399353027344,235.6289978027344,236.63999938964844,236.05999755859372,19743500.0,3463625759.0,2015,9,September,30,2.104995727539034,-0.5800018310547159,-0.245098813620132,Decreased
886,Bitcoin,BTC,2015-10-01 23:59:59,238.44500732421875,235.61599731445312,236.0039978027344,237.5489959716797,20488800.0,3486370082.33,2015,10,October,1,2.829010009765625,1.544998168945284,0.6546491514252575,Increased
887,Bitcoin,BTC,2015-10-02 23:59:59,238.54100036621097,236.60299682617188,237.26400756835932,237.29299926757807,19677900.0,3483431578.38,2015,10,October,2,1.938003540039091,0.02899169921875,0.01221917285975078,Increased
888,Bitcoin,BTC,2015-10-03 23:59:59,239.31500244140625,236.94400024414065,237.20199584960932,238.72999572753903,16482700.0,3505385986.75,2015,10,October,3,2.3710021972655966,1.527999877929716,0.644176653091274,Increased
889,Bitcoin,BTC,2015-10-04 23:59:59,238.9680023193359,237.94000244140625,238.531005859375,238.25900268554688,12999000.0,3499387367.17,2015,10,October,4,1.027999877929659,-0.272003173828125,-0.11403262768634925,Decreased
890,Bitcoin,BTC,2015-10-05 23:59:59,240.38299560546875,237.03500366210932,238.14700317382807,240.38299560546875,23335900.0,3531508720.03,2015,10,October,5,3.347991943359432,2.235992431640682,0.9389126891546848,Increased
891,Bitcoin,BTC,2015-10-06 23:59:59,246.93499755859372,240.1360015869141,240.3639984130859,246.06300354003903,27535100.0,3615828117.67,2015,10,October,6,6.798995971679631,5.699005126953125,2.3709894845229282,Increased
892,Bitcoin,BTC,2015-10-07 23:59:59,246.68099975585932,242.5850067138672,246.1699981689453,242.968994140625,22999200.0,3571170510.45,2015,10,October,7,4.095993041992131,-3.2010040283203125,-1.3003225625096193,Decreased
893,Bitcoin,BTC,2015-10-08 23:59:59,244.25100708007807,242.1790008544922,243.0749969482422,242.3040008544922,18515300.0,3562238313.6,2015,10,October,8,2.0720062255858807,-0.77099609375,-0.31718445065502465,Decreased
894,Bitcoin,BTC,2015-10-09 23:59:59,244.22799682617188,242.1219940185547,242.4980010986328,243.93099975585932,17353100.0,3586932175.7,2015,10,October,9,2.1060028076171875,1.4329986572265057,0.5909321523205681,Increased
895,Bitcoin,BTC,2015-10-10 23:59:59,245.31900024414065,243.07400512695312,243.7400054931641,244.9409942626953,15912700.0,3602763686.7,2015,10,October,10,2.2449951171875284,1.2009887695312216,0.492733544951407,Increased
896,Bitcoin,BTC,2015-10-11 23:59:59,247.2429962158203,244.1519927978516,244.74200439453125,247.0500030517578,16827300.0,3634686067.5,2015,10,October,11,3.0910034179687216,2.3079986572265625,0.9430333231667096,Increased
897,Bitcoin,BTC,2015-10-12 23:59:59,247.45399475097656,245.1790008544922,246.875,245.30799865722656,17388300.0,3609927997.2,2015,10,October,12,2.274993896484375,-1.5670013427734375,-0.6347347211234178,Decreased
898,Bitcoin,BTC,2015-10-13 23:59:59,250.23599243164065,243.7570037841797,245.1999969482422,249.50799560546875,28198500.0,3672589342.1,2015,10,October,13,6.478988647460966,4.3079986572265625,1.7569325900668393,Increased
899,Bitcoin,BTC,2015-10-14 23:59:59,254.2749938964844,248.9029998779297,249.4929962158203,251.9889984130859,27462600.0,3710065545.62,2015,10,October,14,5.371994018554716,2.4960021972655966,1.000429765614128,Increased
900,Bitcoin,BTC,2015-10-15 23:59:59,255.9620056152344,252.04600524902344,252.10699462890625,254.32000732421875,25223500.0,3745440578.0,2015,10,October,15,3.916000366210966,2.2130126953125,0.8778069400930294,Increased
901,Bitcoin,BTC,2015-10-16 23:59:59,266.135009765625,253.92599487304688,254.29600524902344,262.8689880371094,35901500.0,3872283808.65,2015,10,October,16,12.209014892578125,8.572982788085938,3.3712612904362014,Increased
902,Bitcoin,BTC,2015-10-17 23:59:59,273.5780029296875,262.36700439453125,262.7470092773437,270.6400146484375,43199600.0,3987684186.0,2015,10,October,17,11.21099853515625,7.893005371093807,3.0040324313500797,Increased
903,Bitcoin,BTC,2015-10-18 23:59:59,271.6679992675781,260.7770080566406,270.9070129394531,261.6430053710937,22434300.0,3856061828.62,2015,10,October,18,10.8909912109375,-9.264007568359432,-3.4196263388832646,Decreased
904,Bitcoin,BTC,2015-10-19 23:59:59,264.82000732421875,260.95098876953125,261.8609924316406,263.43701171875,25258800.0,3883581668.08,2015,10,October,19,3.8690185546875,1.576019287109375,0.6018534003382723,Increased
905,Bitcoin,BTC,2015-10-20 23:59:59,270.8349914550781,263.2269897460937,263.5719909667969,269.4630126953125,30889800.0,3973292564.18,2015,10,October,20,7.608001708984432,5.891021728515625,2.235071225476966,Increased
906,Bitcoin,BTC,2015-10-21 23:59:59,270.7699890136719,263.8389892578125,269.3059997558594,266.2720031738281,25637300.0,3927192473.6,2015,10,October,21,6.930999755859375,-3.03399658203125,-1.1265982134752786,Decreased
907,Bitcoin,BTC,2015-10-22 23:59:59,276.510009765625,266.135009765625,266.4960021972656,274.02301025390625,37808600.0,4042524307.5,2015,10,October,22,10.375,7.527008056640625,2.8244356367751378,Increased
908,Bitcoin,BTC,2015-10-23 23:59:59,278.6839904785156,273.5429992675781,273.64898681640625,276.4960021972656,29442500.0,4080023362.8,2015,10,October,23,5.1409912109375,2.847015380859375,1.0403895201590734,Increased
909,Bitcoin,BTC,2015-10-24 23:59:59,281.7059936523437,276.5039978027344,276.5039978027344,281.65399169921875,25942400.0,4157184874.6,2015,10,October,24,5.201995849609318,5.149993896484375,1.862538674814577,Increased
910,Bitcoin,BTC,2015-10-25 23:59:59,294.0589904785156,281.44500732421875,281.44500732421875,283.67999267578125,45717100.0,4188180600.0,2015,10,October,25,12.613983154296875,2.2349853515625,0.7941108541278346,Increased
911,Bitcoin,BTC,2015-10-26 23:59:59,285.29998779296875,280.510009765625,283.62799072265625,285.29998779296875,32108800.0,4213260472.5,2015,10,October,26,4.78997802734375,1.6719970703125,0.5895035486633092,Increased
912,Bitcoin,BTC,2015-10-27 23:59:59,296.2120056152344,285.00799560546875,285.1809997558594,293.7879943847656,46331800.0,4339689442.0,2015,10,October,27,11.204010009765625,8.60699462890625,3.0180813715761614,Increased
913,Bitcoin,BTC,2015-10-28 23:59:59,306.3309936523437,293.7030029296875,293.7030029296875,304.6180114746094,50808100.0,4500730950.0,2015,10,October,28,12.627990722656193,10.915008544921875,3.7163421674428467,Increased
914,Bitcoin,BTC,2015-10-29 23:59:59,318.1700134277344,301.822998046875,304.3240051269531,313.8550109863281,64495900.0,4638392427.62,2015,10,October,29,16.347015380859375,9.531005859375,3.1318613381809968,Increased
915,Bitcoin,BTC,2015-10-30 23:59:59,334.16900634765625,313.94000244140625,313.9429931640625,328.0150146484375,78305000.0,4849062145.75,2015,10,October,30,20.22900390625,14.072021484375,4.482349277029778,Increased
916,Bitcoin,BTC,2015-10-31 23:59:59,332.7770080566406,309.2510070800781,328.5119934082031,314.1659851074219,48598100.0,4645486246.35,2015,10,October,31,23.5260009765625,-14.34600830078125,-4.366966378288405,Decreased
917,Bitcoin,BTC,2015-11-01 23:59:59,327.47198486328125,311.8810119628906,315.0050048828125,325.4309997558594,37001100.0,4813287205.5,2015,11,November,1,15.590972900390625,10.425994873046875,3.309787054629666,Increased
918,Bitcoin,BTC,2015-11-02 23:59:59,365.3599853515625,323.2090148925781,325.9419860839844,361.1889953613281,101918000.0,5343556482.15,2015,11,November,2,42.150970458984375,35.24700927734375,10.813890441307482,Increased
919,Bitcoin,BTC,2015-11-03 23:59:59,417.8999938964844,357.6470031738281,361.87298583984375,403.4169921875,206162000.0,5969855534.82,2015,11,November,3,60.25299072265625,41.54400634765625,11.480272906041852,Increased
920,Bitcoin,BTC,2015-11-04 23:59:59,495.56201171875,380.5480041503906,403.66400146484375,411.56298828125,263900000.0,6092006971.38,2015,11,November,4,115.01400756835938,7.89898681640625,1.9568222055327853,Increased
921,Bitcoin,BTC,2015-11-05 23:59:59,447.5610046386719,374.58099365234375,408.0769958496094,386.35400390625,151824992.0,5720251076.65,2015,11,November,5,72.98001098632812,-21.722991943359375,-5.323258150862554,Decreased
922,Bitcoin,BTC,2015-11-06 23:59:59,395.83599853515625,354.0249938964844,388.0469970703125,374.4700012207031,122687000.0,5545657294.5,2015,11,November,6,41.811004638671875,-13.576995849609375,-3.4988019369079875,Decreased
923,Bitcoin,BTC,2015-11-07 23:59:59,390.58599853515625,372.4330139160156,374.2690124511719,386.4819946289063,56625100.0,5725035162.4,2015,11,November,7,18.152984619140625,12.212982177734432,3.2631561180416373,Increased
924,Bitcoin,BTC,2015-11-08 23:59:59,389.8949890136719,368.7000122070313,384.2780151367187,373.3680114746094,51817600.0,5532072311.4,2015,11,November,8,21.194976806640568,-10.910003662109318,-2.839091291295379,Decreased
925,Bitcoin,BTC,2015-11-09 23:59:59,385.2780151367187,362.8949890136719,374.3240051269531,380.2569885253906,68224400.0,5635560842.8,2015,11,November,9,22.383026123046818,5.9329833984375,1.5849860861649283,Increased
926,Bitcoin,BTC,2015-11-10 23:59:59,381.3869934082031,329.1080017089844,379.9840087890625,336.8190002441406,95797904.0,4993021696.95,2015,11,November,10,52.27899169921875,-43.165008544921875,-11.359690815011039,Decreased
927,Bitcoin,BTC,2015-11-11 23:59:59,340.5849914550781,300.9970092773437,339.82000732421875,311.0840148925781,107070000.0,4612831323.0,2015,11,November,11,39.58798217773443,-28.735992431640625,-8.456239130212222,Decreased
928,Bitcoin,BTC,2015-11-12 23:59:59,345.0809936523437,313.3559875488281,314.0790100097656,338.1520080566406,78477800.0,5015563455.8,2015,11,November,12,31.725006103515568,24.072998046875,7.6646312805578765,Increased
929,Bitcoin,BTC,2015-11-13 23:59:59,340.9140014648437,326.07501220703125,338.4979858398437,336.75299072265625,52003000.0,4996160115.07,2015,11,November,13,14.838989257812443,-1.7449951171874432,-0.5155112261179204,Decreased
930,Bitcoin,BTC,2015-11-14 23:59:59,338.1809997558594,329.9700012207031,336.6239929199219,332.906005859375,38612000.0,4940266781.45,2015,11,November,14,8.21099853515625,-3.717987060546875,-1.1044925907676855,Decreased
931,Bitcoin,BTC,2015-11-15 23:59:59,334.6619873046875,317.489990234375,333.0509948730469,320.1659851074219,44213100.0,4752464062.5,2015,11,November,15,17.1719970703125,-12.885009765625,-3.8687798457219853,Decreased
932,Bitcoin,BTC,2015-11-16 23:59:59,331.6260070800781,315.9049987792969,319.7349853515625,330.7510070800781,47980100.0,4911040460.65,2015,11,November,16,15.72100830078125,11.016021728515625,3.445360136740442,Increased
933,Bitcoin,BTC,2015-11-17 23:59:59,338.3500061035156,329.614013671875,330.36199951171875,335.093994140625,51001600.0,4976765823.9,2015,11,November,17,8.735992431640625,4.73199462890625,1.4323665058027943,Increased
934,Bitcoin,BTC,2015-11-18 23:59:59,336.531005859375,330.6400146484375,334.5929870605469,334.5899963378906,43783800.0,4970560298.25,2015,11,November,18,5.8909912109375,-0.00299072265625,-0.0008938390139386898,Decreased
935,Bitcoin,BTC,2015-11-19 23:59:59,335.3340148925781,325.27301025390625,334.6789855957031,326.14898681640625,45011100.0,4846272452.18,2015,11,November,19,10.061004638671875,-8.529998779296875,-2.548710599237095,Decreased
936,Bitcoin,BTC,2015-11-20 23:59:59,326.4729919433594,312.2170104980469,326.4110107421875,322.0220031738281,53152900.0,4786301542.05,2015,11,November,20,14.2559814453125,-4.389007568359375,-1.3446260769144178,Decreased
937,Bitcoin,BTC,2015-11-21 23:59:59,328.15899658203125,319.5950012207031,322.0920104980469,326.927001953125,28200500.0,4860628038.38,2015,11,November,21,8.563995361328125,4.834991455078125,1.5011212006165064,Increased
938,Bitcoin,BTC,2015-11-22 23:59:59,327.010009765625,321.2590026855469,326.9750061035156,324.5360107421875,23439400.0,4826466938.4,2015,11,November,22,5.751007080078125,-2.438995361328125,-0.74592715522604,Decreased
939,Bitcoin,BTC,2015-11-23 23:59:59,325.1180114746094,321.2900085449219,324.3500061035156,323.0459899902344,27478900.0,4805632296.0,2015,11,November,23,3.8280029296875,-1.30401611328125,-0.4020397992115579,Decreased
940,Bitcoin,BTC,2015-11-24 23:59:59,323.0580139160156,318.1180114746094,323.0140075683594,320.0459899902344,29362600.0,4762244474.25,2015,11,November,24,4.94000244140625,-2.968017578125,-0.9188510431693522,Decreased
941,Bitcoin,BTC,2015-11-25 23:59:59,329.1340026855469,316.7699890136719,320.0450134277344,328.2059936523437,41666900.0,4884886821.6,2015,11,November,25,12.364013671875,8.160980224609318,2.549947626805332,Increased
942,Bitcoin,BTC,2015-11-26 23:59:59,366.7569885253906,328.22900390625,328.3030090332031,352.6839904785156,106105000.0,5250750574.9,2015,11,November,26,38.527984619140625,24.3809814453125,7.4263655143187295,Increased
943,Bitcoin,BTC,2015-11-27 23:59:59,363.5889892578125,347.8699951171875,351.8609924316406,358.0419921875,55179100.0,5331719785.65,2015,11,November,27,15.718994140625,6.180999755859375,1.7566595584079179,Increased
944,Bitcoin,BTC,2015-11-28 23:59:59,359.5360107421875,352.1719970703125,357.1409912109375,357.3810119628906,36816600.0,5323252536.67,2015,11,November,28,7.364013671875,0.240020751953125,0.06720616167281733,Increased
945,Bitcoin,BTC,2015-11-29 23:59:59,371.9389953613281,355.6659851074219,357.47198486328125,371.29400634765625,40409300.0,5531872176.6,2015,11,November,29,16.27301025390625,13.822021484375,3.8666027184371865,Increased
946,Bitcoin,BTC,2015-11-30 23:59:59,382.3630065917969,370.3829956054687,371.43701171875,377.3210144042969,71701600.0,5623195996.95,2015,11,November,30,11.980010986328182,5.884002685546875,1.58411857189994,Increased
947,Bitcoin,BTC,2015-12-01 23:59:59,378.9309997558594,356.56298828125,377.41400146484375,362.4880065917969,60452200.0,5403653927.0,2015,12,December,1,22.368011474609375,-14.925994873046875,-3.954806873914358,Decreased
948,Bitcoin,BTC,2015-12-02 23:59:59,362.2319946289063,349.4649963378906,361.8450012207031,359.18701171875,54160500.0,5355891235.05,2015,12,December,2,12.766998291015682,-2.657989501953125,-0.734565765171899,Decreased
949,Bitcoin,BTC,2015-12-03 23:59:59,370.2749938964844,357.4119873046875,359.3309936523437,361.0459899902344,50714900.0,5384892776.2,2015,12,December,3,12.863006591796875,1.7149963378906818,0.4772748157510615,Increased
950,Bitcoin,BTC,2015-12-04 23:59:59,363.5159912109375,355.7569885253906,361.2619934082031,363.1830139160156,35784100.0,5418154665.07,2015,12,December,4,7.759002685546875,1.9210205078125,0.5317527287299963,Increased
951,Bitcoin,BTC,2015-12-05 23:59:59,389.7850036621094,363.22900390625,363.7210083007813,388.9490051269531,66282200.0,5804247032.1,2015,12,December,5,26.555999755859375,25.227996826171818,6.936084595176689,Increased
952,Bitcoin,BTC,2015-12-06 23:59:59,402.8089904785156,387.0889892578125,389.5549926757813,388.7829895019531,77762000.0,5803305523.55,2015,12,December,6,15.720001220703125,-0.7720031738281818,-0.19817565898088857,Decreased
953,Bitcoin,BTC,2015-12-07 23:59:59,399.968994140625,385.4110107421875,389.9779968261719,395.5360107421875,63455800.0,5905560136.4,2015,12,December,7,14.5579833984375,5.558013916015625,1.4252121815203447,Increased
954,Bitcoin,BTC,2015-12-08 23:59:59,415.56298828125,389.9500122070313,395.7539978027344,415.56298828125,57801400.0,6206381459.62,2015,12,December,8,25.612976074218693,19.808990478515625,5.0053797532045445,Increased
955,Bitcoin,BTC,2015-12-09 23:59:59,423.1199951171875,406.2909851074219,414.4410095214844,417.56298828125,90917200.0,6238015413.3,2015,12,December,9,16.829010009765625,3.121978759765625,0.7532987054949695,Increased
956,Bitcoin,BTC,2015-12-10 23:59:59,419.5090026855469,411.5480041503906,417.9880065917969,415.47900390625,52138900.0,6209105141.55,2015,12,December,10,7.96099853515625,-2.509002685546875,-0.6002570997203619,Decreased
957,Bitcoin,BTC,2015-12-11 23:59:59,451.93798828125,415.281005859375,415.281005859375,451.93798828125,110944000.0,6755795193.0,2015,12,December,11,36.656982421875,36.656982421875,8.827030830850957,Increased
958,Bitcoin,BTC,2015-12-12 23:59:59,469.1029968261719,410.7409973144531,452.3349914550781,434.99700927734375,131969000.0,6504325267.28,2015,12,December,12,58.36199951171875,-17.337982177734375,-3.8329960107577103,Decreased
959,Bitcoin,BTC,2015-12-13 23:59:59,441.6799926757813,426.26800537109375,431.6600036621094,433.7550048828125,55050600.0,6487293999.38,2015,12,December,13,15.411987304687557,2.095001220703125,0.4853359595351877,Increased
960,Bitcoin,BTC,2015-12-14 23:59:59,447.1419982910156,430.45599365234375,433.2720031738281,444.1820068359375,130496000.0,6645395797.45,2015,12,December,14,16.686004638671875,10.910003662109375,2.5180495352090166,Increased
961,Bitcoin,BTC,2015-12-15 23:59:59,465.3210144042969,443.87799072265625,443.87799072265625,465.3210144042969,83121104.0,6963784691.55,2015,12,December,15,21.443023681640625,21.443023681640625,4.830837331387005,Increased
962,Bitcoin,BTC,2015-12-16 23:59:59,465.2080078125,443.85101318359375,465.2080078125,454.9339904785156,107944000.0,6810202753.1,2015,12,December,16,21.35699462890625,-10.274017333984375,-2.2084781778144436,Decreased
963,Bitcoin,BTC,2015-12-17 23:59:59,457.8599853515625,448.8580017089844,454.7770080566406,456.0780029296875,47978400.0,6829095334.95,2015,12,December,17,9.001983642578125,1.300994873046875,0.2860731413415784,Increased
964,Bitcoin,BTC,2015-12-18 23:59:59,465.177001953125,454.9400024414063,455.8469848632813,463.6159973144531,60220100.0,6943912953.6,2015,12,December,18,10.236999511718693,7.769012451171818,1.7043026956736194,Increased
965,Bitcoin,BTC,2015-12-19 23:59:59,465.58099365234375,456.7650146484375,463.552001953125,462.3219909667969,47892700.0,6926346391.3,2015,12,December,19,8.81597900390625,-1.230010986328125,-0.26534476847162997,Decreased
966,Bitcoin,BTC,2015-12-20 23:59:59,462.6449890136719,434.3380126953125,462.2340087890625,442.68499755859375,75409400.0,6633988873.0,2015,12,December,20,28.306976318359375,-19.54901123046875,-4.229245546359142,Decreased
967,Bitcoin,BTC,2015-12-21 23:59:59,444.72900390625,427.31201171875,442.8380126953125,438.6390075683594,77639696.0,6574990256.48,2015,12,December,21,17.4169921875,-4.199005126953125,-0.9482034076966609,Decreased
968,Bitcoin,BTC,2015-12-22 23:59:59,443.68798828125,435.5159912109375,437.4360046386719,436.5719909667969,50840400.0,6545633139.0,2015,12,December,22,8.1719970703125,-0.864013671875,-0.197517731213892,Decreased
969,Bitcoin,BTC,2015-12-23 23:59:59,444.5289916992187,436.6189880371094,436.7200012207031,442.4010009765625,47161400.0,6634776277.2,2015,12,December,23,7.910003662109318,5.680999755859375,1.3008334264471655,Increased
970,Bitcoin,BTC,2015-12-24 23:59:59,458.45599365234375,443.0769958496094,443.0910034179687,454.9849853515625,57157200.0,6825070740.25,2015,12,December,24,15.378997802734375,11.893981933593807,2.684320340933257,Increased
971,Bitcoin,BTC,2015-12-25 23:59:59,458.3049926757813,452.0750122070313,454.8550109863281,455.6530151367187,39078500.0,6836936569.1,2015,12,December,25,6.22998046875,0.7980041503905682,0.17544143322949,Increased
972,Bitcoin,BTC,2015-12-26 23:59:59,457.489013671875,405.760009765625,455.7560119628906,417.2739868164063,116166000.0,6262844602.3,2015,12,December,26,51.72900390625,-38.48202514648432,-8.44355842520793,Decreased
973,Bitcoin,BTC,2015-12-27 23:59:59,424.0069885253906,408.8829956054687,416.5140075683594,422.822998046875,53591200.0,6348296233.72,2015,12,December,27,15.123992919921932,6.308990478515625,1.514712678055654,Increased
974,Bitcoin,BTC,2015-12-28 23:59:59,429.7690124511719,418.4809875488281,423.3429870605469,422.2789916992187,49638600.0,6341733237.12,2015,12,December,28,11.28802490234375,-1.0639953613281818,-0.25133175553844905,Decreased
975,Bitcoin,BTC,2015-12-29 23:59:59,432.9830017089844,420.62701416015625,422.0979919433594,432.9830017089844,51596500.0,6504194853.98,2015,12,December,29,12.355987548828125,10.885009765625,2.578787384301426,Increased
976,Bitcoin,BTC,2015-12-30 23:59:59,434.3869934082031,422.0840148925781,433.2999877929687,426.6199951171875,46889400.0,6410381454.5,2015,12,December,30,12.302978515625,-6.679992675781193,-1.5416554036398686,Decreased
977,Bitcoin,BTC,2015-12-31 23:59:59,432.9209899902344,418.7349853515625,425.875,430.5669860839844,45996600.0,6471217490.68,2015,12,December,31,14.186004638671875,4.691986083984375,1.1017284611645144,Increased
978,Bitcoin,BTC,2016-01-01 23:59:59,436.2460021972656,427.5150146484375,430.7210083007813,434.3340148925781,36278900.0,6529299588.6,2016,1,January,1,8.730987548828125,3.613006591796818,0.8388275756621051,Increased
979,Bitcoin,BTC,2016-01-02 23:59:59,436.06201171875,431.8699951171875,434.62200927734375,433.43798828125,30096600.0,6517390487.0,2016,1,January,2,4.1920166015625,-1.18402099609375,-0.27242545725248696,Decreased
980,Bitcoin,BTC,2016-01-03 23:59:59,433.7430114746094,424.70599365234375,433.5780029296875,430.010986328125,39633800.0,6467429941.65,2016,1,January,3,9.037017822265625,-3.5670166015625,-0.8226931665029502,Decreased
981,Bitcoin,BTC,2016-01-04 23:59:59,434.5169982910156,429.0840148925781,430.0610046386719,433.0910034179687,38477500.0,6515713340.43,2016,1,January,4,5.4329833984375,3.029998779296818,0.7045509233841275,Increased
982,Bitcoin,BTC,2016-01-05 23:59:59,434.1820068359375,429.6759948730469,433.0690002441406,431.9599914550781,34522600.0,6500393256.0,2016,1,January,5,4.506011962890625,-1.1090087890625,-0.25608131462591444,Decreased
983,Bitcoin,BTC,2016-01-06 23:59:59,431.8559875488281,426.3410034179687,431.8559875488281,429.1050109863281,34042500.0,6458942098.12,2016,1,January,6,5.514984130859432,-2.7509765625,-0.6370124860637619,Decreased
984,Bitcoin,BTC,2016-01-07 23:59:59,458.7659912109375,429.0769958496094,430.010986328125,458.0480041503906,87562200.0,6896279078.4,2016,1,January,7,29.688995361328125,28.037017822265625,6.520070117667097,Increased
985,Bitcoin,BTC,2016-01-08 23:59:59,462.9339904785156,447.93798828125,457.5379943847656,453.2300109863281,56993000.0,6825700453.75,2016,1,January,8,14.996002197265625,-4.3079833984375,-0.9415575211912806,Decreased
986,Bitcoin,BTC,2016-01-09 23:59:59,454.6400146484375,446.8890075683594,453.3829956054687,447.6109924316406,32278000.0,6742767342.9,2016,1,January,9,7.751007080078125,-5.772003173828068,-1.273096527610143,Decreased
987,Bitcoin,BTC,2016-01-10 23:59:59,448.3089904785156,440.35101318359375,448.2380065917969,447.9909973144531,35995900.0,6750440385.75,2016,1,January,10,7.957977294921875,-0.24700927734375,-0.05510672314958275,Decreased
988,Bitcoin,BTC,2016-01-11 23:59:59,450.6619873046875,443.8550109863281,448.697998046875,448.4280090332031,40450000.0,6758931030.0,2016,1,January,11,6.806976318359375,-0.269989013671875,-0.06017165551152505,Decreased
989,Bitcoin,BTC,2016-01-12 23:59:59,448.1820068359375,435.6900024414063,448.1820068359375,435.6900024414063,115607000.0,6568800099.75,2016,1,January,12,12.492004394531193,-12.492004394531193,-2.7872614705623477,Decreased
990,Bitcoin,BTC,2016-01-13 23:59:59,435.1860046386719,424.4429931640625,434.6650085449219,432.3710021972656,173888000.0,6520360056.22,2016,1,January,13,10.743011474609375,-2.29400634765625,-0.5277642098073713,Decreased
991,Bitcoin,BTC,2016-01-14 23:59:59,433.3240051269531,427.8450012207031,432.2879943847656,430.3059997558594,43945500.0,6490638885.15,2016,1,January,14,5.47900390625,-1.98199462890625,-0.45848939934754246,Decreased
992,Bitcoin,BTC,2016-01-15 23:59:59,430.2550048828125,364.33099365234375,430.2550048828125,364.33099365234375,153351008.0,5496598039.07,2016,1,January,15,65.92401123046875,-65.92401123046875,-15.322078879343731,Decreased
993,Bitcoin,BTC,2016-01-16 23:59:59,390.5570068359375,354.9140014648437,365.072998046875,387.5360107421875,120352000.0,5848063566.0,2016,1,January,16,35.64300537109381,22.4630126953125,6.153019482538742,Increased
994,Bitcoin,BTC,2016-01-17 23:59:59,390.9649963378906,380.0920104980469,387.1520080566406,382.2990112304687,45319600.0,5770478450.85,2016,1,January,17,10.87298583984375,-4.852996826171932,-1.2535119862950406,Decreased
995,Bitcoin,BTC,2016-01-18 23:59:59,388.10400390625,376.6650085449219,381.7330017089844,387.1679992675781,54403900.0,5845656048.0,2016,1,January,18,11.438995361328125,5.43499755859375,1.4237693713306825,Increased
996,Bitcoin,BTC,2016-01-19 23:59:59,387.7300109863281,378.9719848632813,387.0260009765625,380.1489868164063,46819800.0,5740934168.2,2016,1,January,19,8.758026123046818,-6.877014160156193,-1.776886861038737,Decreased
997,Bitcoin,BTC,2016-01-20 23:59:59,425.2669982910156,376.5989990234375,379.739990234375,420.2300109863281,121720000.0,6347836793.75,2016,1,January,20,48.667999267578125,40.490020751953125,10.662564331705687,Increased
998,Bitcoin,BTC,2016-01-21 23:59:59,422.87701416015625,406.2999877929687,419.6319885253906,410.2619934082031,68338000.0,6198658814.55,2016,1,January,21,16.577026367187557,-9.3699951171875,-2.232907731871006,Decreased
999,Bitcoin,BTC,2016-01-22 23:59:59,410.4100036621094,375.2820129394531,409.7510070800781,382.4920043945313,91546600.0,5780764155.1,2016,1,January,22,35.12799072265625,-27.259002685546818,-6.652577349302173,Decreased
1000,Bitcoin,BTC,2016-01-23 23:59:59,394.5429992675781,381.9809875488281,382.4339904785156,387.4909973144531,56247400.0,5858059876.18,2016,1,January,23,12.56201171875,5.0570068359375,1.3223214886338908,Increased
1001,Bitcoin,BTC,2016-01-24 23:59:59,405.4849853515625,387.510009765625,388.10198974609375,402.9710083007813,54824800.0,6093787907.65,2016,1,January,24,17.9749755859375,14.869018554687557,3.8312142033632055,Increased
1002,Bitcoin,BTC,2016-01-25 23:59:59,402.3169860839844,388.5539855957031,402.3169860839844,391.72601318359375,59062400.0,5925345407.5,2016,1,January,25,13.76300048828125,-10.590972900390625,-2.632494591759479,Decreased
1003,Bitcoin,BTC,2016-01-26 23:59:59,397.7659912109375,390.5750122070313,392.00201416015625,392.1530151367187,58147000.0,5933372928.25,2016,1,January,26,7.190979003906193,0.15100097656244316,0.03852045936191293,Increased
1004,Bitcoin,BTC,2016-01-27 23:59:59,396.8429870605469,391.7820129394531,392.4440002441406,394.9719848632813,47424400.0,5977545745.2,2016,1,January,27,5.06097412109375,2.527984619140682,0.6441644202913065,Increased
1005,Bitcoin,BTC,2016-01-28 23:59:59,395.50201416015625,379.7349853515625,395.14599609375,380.28900146484375,59247900.0,5756710302.52,2016,1,January,28,15.76702880859375,-14.85699462890625,-3.759874774330591,Decreased
1006,Bitcoin,BTC,2016-01-29 23:59:59,384.3789978027344,365.4519958496094,380.1080017089844,379.4739990234375,86125296.0,5745985821.15,2016,1,January,29,18.927001953125,-0.634002685546875,-0.16679540622569572,Decreased
1007,Bitcoin,BTC,2016-01-30 23:59:59,380.9169921875,376.4909973144531,378.864990234375,378.2550048828125,30284400.0,5729296095.75,2016,1,January,30,4.425994873046875,-0.6099853515625,-0.16100335667994775,Decreased
1008,Bitcoin,BTC,2016-01-31 23:59:59,380.3469848632813,367.8349914550781,378.2929992675781,368.7669982910156,37894300.0,5587253351.23,2016,1,January,31,12.511993408203182,-9.5260009765625,-2.518154180755661,Decreased
1009,Bitcoin,BTC,2016-02-01 23:59:59,378.0719909667969,367.9570007324219,369.3500061035156,373.0559997558594,51656700.0,5653747617.6,2016,2,February,1,10.114990234375,3.70599365234375,1.0033825886292507,Increased
1010,Bitcoin,BTC,2016-02-02 23:59:59,375.8829956054687,372.9200134277344,372.9200134277344,374.447998046875,40378700.0,5676528706.8,2016,2,February,2,2.962982177734318,1.527984619140625,0.4097352150923707,Increased
1011,Bitcoin,BTC,2016-02-03 23:59:59,374.9500122070313,368.0450134277344,374.64599609375,369.9490051269531,45933400.0,5609971377.07,2016,2,February,3,6.904998779296932,-4.696990966796875,-1.2537144439738035,Decreased
1012,Bitcoin,BTC,2016-02-04 23:59:59,391.6080017089844,369.9930114746094,370.1740112304687,389.593994140625,69285504.0,5909517629.6,2016,2,February,4,21.614990234375,19.419982910156307,5.246176749578865,Increased
1013,Bitcoin,BTC,2016-02-05 23:59:59,391.093994140625,385.5719909667969,388.8980102539063,386.5490112304687,43825000.0,5865136968.17,2016,2,February,5,5.522003173828125,-2.3489990234376137,-0.6040141531976426,Decreased
1014,Bitcoin,BTC,2016-02-06 23:59:59,386.6310119628906,372.3869934082031,386.5889892578125,376.5220031738281,49249300.0,5714879155.15,2016,2,February,6,14.2440185546875,-10.066986083984375,-2.60405401181015,Decreased
1015,Bitcoin,BTC,2016-02-07 23:59:59,380.8710021972656,374.9030151367187,376.5140075683594,376.6199951171875,37076300.0,5718023734.5,2016,2,February,7,5.967987060546932,0.105987548828125,0.028149696079735373,Increased
1016,Bitcoin,BTC,2016-02-08 23:59:59,379.8789978027344,373.3340148925781,376.7569885253906,373.4469909667969,47671100.0,5671240831.4,2016,2,February,8,6.54498291015625,-3.30999755859375,-0.8785497441066527,Decreased
1017,Bitcoin,BTC,2016-02-09 23:59:59,377.2460021972656,372.8980102539063,373.4230041503906,376.0289916992187,55318500.0,5712106127.4,2016,2,February,9,4.347991943359318,2.605987548828068,0.6978647592312083,Increased
1018,Bitcoin,BTC,2016-02-10 23:59:59,385.4830017089844,375.7829895019531,376.14599609375,381.6489868164063,85130896.0,5799042060.3,2016,2,February,10,9.70001220703125,5.502990722656307,1.4629933004217732,Increased
1019,Bitcoin,BTC,2016-02-11 23:59:59,383.1300048828125,376.3989868164063,382.114013671875,379.6539916992187,74375600.0,5770550973.0,2016,2,February,11,6.731018066406193,-2.460021972656307,-0.6437926599490673,Decreased
1020,Bitcoin,BTC,2016-02-12 23:59:59,384.9540100097656,379.6000061035156,379.6860046386719,384.2630004882813,67042800.0,5842238586.25,2016,2,February,12,5.35400390625,4.576995849609432,1.2054686750872288,Increased
1021,Bitcoin,BTC,2016-02-13 23:59:59,391.8599853515625,384.6409912109375,384.6409912109375,391.8599853515625,61911700.0,5959279525.5,2016,2,February,13,7.218994140625,7.218994140625,1.876813523669945,Increased
1022,Bitcoin,BTC,2016-02-14 23:59:59,407.2300109863281,392.9320068359375,392.9320068359375,407.2300109863281,74469800.0,6194711494.75,2016,2,February,14,14.298004150390625,14.298004150390625,3.6387985457139225,Increased
1023,Bitcoin,BTC,2016-02-15 23:59:59,410.3810119628906,397.7489929199219,407.5679931640625,400.18499755859375,74070496.0,6089064890.62,2016,2,February,15,12.63201904296875,-7.38299560546875,-1.8114758099998292,Decreased
1024,Bitcoin,BTC,2016-02-16 23:59:59,408.9450073242187,401.4320068359375,401.4320068359375,407.4880065917969,73093104.0,6201590433.6,2016,2,February,16,7.513000488281193,6.055999755859375,1.5085991283037927,Increased
1025,Bitcoin,BTC,2016-02-17 23:59:59,421.1669921875,406.7839965820313,407.656005859375,416.3219909667969,83193600.0,6337628173.8,2016,2,February,17,14.382995605468693,8.665985107421875,2.12580827532596,Increased
1026,Bitcoin,BTC,2016-02-18 23:59:59,425.9960021972656,415.6380004882813,416.5719909667969,422.37298583984375,76752600.0,6431547586.27,2016,2,February,18,10.358001708984318,5.800994873046875,1.392555188260184,Increased
1027,Bitcoin,BTC,2016-02-19 23:59:59,423.10400390625,417.60400390625,422.7300109863281,420.7850036621094,55711300.0,6408881658.38,2016,2,February,19,5.5,-1.94500732421875,-0.4601062791072231,Decreased
1028,Bitcoin,BTC,2016-02-20 23:59:59,441.9840087890625,421.60101318359375,421.60101318359375,437.16400146484375,93992096.0,6659985887.1,2016,2,February,20,20.38299560546875,15.56298828125,3.6914020115205024,Increased
1029,Bitcoin,BTC,2016-02-21 23:59:59,448.0459899902344,429.0769958496094,437.7730102539063,438.7980041503906,89820704.0,6686294224.5,2016,2,February,21,18.968994140625,1.0249938964843182,0.23413821146484717,Increased
1030,Bitcoin,BTC,2016-02-22 23:59:59,439.0450134277344,432.9169921875,438.989013671875,437.74798583984375,85385200.0,6671673493.2,2016,2,February,22,6.128021240234375,-1.24102783203125,-0.2827013418059851,Decreased
1031,Bitcoin,BTC,2016-02-23 23:59:59,439.8580017089844,417.8210144042969,438.2550048828125,420.7359924316406,85244896.0,6413836323.2,2016,2,February,23,22.0369873046875,-17.519012451171875,-3.9974472067595404,Decreased
1032,Bitcoin,BTC,2016-02-24 23:59:59,425.5499877929687,413.9070129394531,420.95599365234375,424.9549865722656,67743696.0,6479395123.75,2016,2,February,24,11.642974853515568,3.998992919921875,0.9499788529497779,Increased
1033,Bitcoin,BTC,2016-02-25 23:59:59,427.718994140625,420.4150085449219,425.0369873046875,424.54400634765625,70798000.0,6474784225.6,2016,2,February,25,7.303985595703125,-0.49298095703125,-0.11598542521144327,Decreased
1034,Bitcoin,BTC,2016-02-26 23:59:59,432.1520080566406,421.6199951171875,424.6289978027344,432.1520080566406,61486000.0,6592327506.8,2016,2,February,26,10.532012939453125,7.52301025390625,1.7716666296542327,Increased
1035,Bitcoin,BTC,2016-02-27 23:59:59,434.2309875488281,428.1029968261719,432.8389892578125,432.5190124511719,41893600.0,6599515470.68,2016,2,February,27,6.12799072265625,-0.319976806640625,-0.07392513488428759,Decreased
1036,Bitcoin,BTC,2016-02-28 23:59:59,435.6830139160156,423.8200073242187,432.5710144042969,433.5039978027344,53033400.0,6615986321.6,2016,2,February,28,11.863006591796932,0.9329833984375,0.21568329068981473,Increased
1037,Bitcoin,BTC,2016-02-29 23:59:59,441.5069885253906,431.6929931640625,433.43798828125,437.6969909667969,60694700.0,6681444705.0,2016,2,February,29,9.813995361328125,4.259002685546875,0.9826094621829238,Increased
1038,Bitcoin,BTC,2016-03-01 23:59:59,439.6530151367187,432.3190002441406,437.9169921875,435.12298583984375,74895800.0,6643686403.57,2016,3,March,1,7.334014892578068,-2.79400634765625,-0.6380219076906609,Decreased
1039,Bitcoin,BTC,2016-03-02 23:59:59,435.9169921875,423.989013671875,435.1310119628906,423.989013671875,74955296.0,6475329603.6,2016,3,March,2,11.927978515625,-11.141998291015625,-2.560607721512125,Decreased
1040,Bitcoin,BTC,2016-03-03 23:59:59,425.37298583984375,419.4110107421875,423.9119873046875,421.6510009765625,100484000.0,6441066887.07,2016,3,March,3,5.96197509765625,-2.260986328125,-0.5333622062685177,Decreased
1041,Bitcoin,BTC,2016-03-04 23:59:59,425.1780090332031,410.9389953613281,421.83599853515625,410.9389953613281,90856096.0,6279024638.3,2016,3,March,4,14.239013671875,-10.897003173828125,-2.5832321593388046,Decreased
1042,Bitcoin,BTC,2016-03-05 23:59:59,411.2569885253906,394.0350036621094,410.781005859375,400.5700073242187,135384992.0,6122091566.5,2016,3,March,5,17.22198486328125,-10.210998535156307,-2.4857523569753117,Decreased
1043,Bitcoin,BTC,2016-03-06 23:59:59,411.9070129394531,395.7780151367187,400.5249938964844,407.7070007324219,91212496.0,6232667872.38,2016,3,March,6,16.128997802734432,7.1820068359375,1.7931482292946963,Increased
1044,Bitcoin,BTC,2016-03-07 23:59:59,415.9169921875,406.3089904785156,407.7569885253906,414.3210144042969,85762400.0,6335164892.48,2016,3,March,7,9.608001708984375,6.56402587890625,1.6097886887590438,Increased
1045,Bitcoin,BTC,2016-03-08 23:59:59,416.2430114746094,411.093994140625,414.4649963378906,413.9719848632813,70311696.0,6331422308.9,2016,3,March,8,5.149017333984375,-0.49301147460931816,-0.11895129358702053,Decreased
1046,Bitcoin,BTC,2016-03-09 23:59:59,416.0320129394531,411.6059875488281,413.8940124511719,414.8599853515625,70012304.0,6346735710.0,2016,3,March,9,4.426025390625,0.965972900390625,0.23338653648790902,Increased
1047,Bitcoin,BTC,2016-03-10 23:59:59,417.5119934082031,413.2510070800781,414.7439880371094,417.1310119628906,81022896.0,6383105414.4,2016,3,March,10,4.260986328125,2.38702392578125,0.5755415375828594,Increased
1048,Bitcoin,BTC,2016-03-11 23:59:59,423.9259948730469,417.0130004882813,417.2380065917969,421.6900024414063,73969696.0,6454555816.0,2016,3,March,11,6.912994384765568,4.451995849609432,1.0670158948307469,Increased
1049,Bitcoin,BTC,2016-03-12 23:59:59,421.7950134277344,410.093994140625,421.6050109863281,411.6239929199219,92712896.0,6301963440.0,2016,3,March,12,11.701019287109375,-9.98101806640625,-2.367386014472659,Decreased
1050,Bitcoin,BTC,2016-03-13 23:59:59,416.60400390625,411.6419982910156,411.6480102539063,414.0650024414063,74322800.0,6340701564.5,2016,3,March,13,4.962005615234375,2.4169921875,0.5871502174902263,Increased
1051,Bitcoin,BTC,2016-03-14 23:59:59,416.6839904785156,414.2009887695313,414.2009887695313,416.43798828125,949979008.0,6378632900.75,2016,3,March,14,2.483001708984318,2.236999511718693,0.5400758502204829,Increased
1052,Bitcoin,BTC,2016-03-15 23:59:59,418.1310119628906,414.9849853515625,416.3880004882813,416.8299865722656,66781700.0,6386304533.75,2016,3,March,15,3.146026611328125,0.44198608398431816,0.10614765158122208,Increased
1053,Bitcoin,BTC,2016-03-16 23:59:59,417.6860046386719,415.9119873046875,416.8880004882813,417.010986328125,65185800.0,6390672724.45,2016,3,March,16,1.774017333984375,0.12298583984369316,0.029500930633562402,Increased
1054,Bitcoin,BTC,2016-03-17 23:59:59,420.99700927734375,417.8890075683594,417.8890075683594,420.6210021972656,83528600.0,6447467967.45,2016,3,March,17,3.108001708984375,2.73199462890625,0.6537608263025064,Increased
1055,Bitcoin,BTC,2016-03-18 23:59:59,420.5469970703125,406.1369934082031,420.5469970703125,409.5480041503906,104940000.0,6279128503.8,2016,3,March,18,14.410003662109375,-10.998992919921875,-2.6154016070843373,Decreased
1056,Bitcoin,BTC,2016-03-19 23:59:59,410.9840087890625,407.2300109863281,409.2650146484375,410.4440002441406,58423000.0,6294271612.1,2016,3,March,19,3.753997802734375,1.178985595703125,0.2880738771956564,Increased
1057,Bitcoin,BTC,2016-03-20 23:59:59,414.625,410.4010009765625,410.4010009765625,413.7550048828125,45947900.0,6346546569.5,2016,3,March,20,4.2239990234375,3.35400390625,0.8172504205080003,Increased
1058,Bitcoin,BTC,2016-03-21 23:59:59,413.4179992675781,410.3810119628906,413.4179992675781,413.3070068359375,61655400.0,6341110984.12,2016,3,March,21,3.0369873046875,-0.110992431640625,-0.026847508293606475,Decreased
1059,Bitcoin,BTC,2016-03-22 23:59:59,418.375,412.531005859375,413.1319885253906,418.0889892578125,66813300.0,6416025150.68,2016,3,March,22,5.843994140625,4.957000732421875,1.1998588514327118,Increased
1060,Bitcoin,BTC,2016-03-23 23:59:59,419.26800537109375,417.364013671875,418.1610107421875,418.0409851074219,61444200.0,6416845741.8,2016,3,March,23,1.90399169921875,-0.120025634765625,-0.02870321040993118,Decreased
1061,Bitcoin,BTC,2016-03-24 23:59:59,418.6799926757813,415.4859924316406,418.4240112304687,416.3940124511719,68346704.0,6393094869.15,2016,3,March,24,3.194000244140682,-2.029998779296818,-0.4851535105089108,Decreased
1062,Bitcoin,BTC,2016-03-25 23:59:59,418.0799865722656,415.5580139160156,416.5079956054687,417.177001953125,52560000.0,6406608047.85,2016,3,March,25,2.52197265625,0.6690063476563068,0.16062269025202908,Increased
1063,Bitcoin,BTC,2016-03-26 23:59:59,418.9869995117187,416.2590026855469,417.364990234375,417.9450073242187,44650400.0,6420042696.38,2016,3,March,26,2.727996826171818,0.5800170898436932,0.1389711891066808,Increased
1064,Bitcoin,BTC,2016-03-27 23:59:59,428.7969970703125,417.71099853515625,418.1400146484375,426.7650146484375,71229400.0,6557030842.5,2016,3,March,27,11.08599853515625,8.625,2.0627061983655643,Increased
1065,Bitcoin,BTC,2016-03-28 23:59:59,426.8569946289063,423.2929992675781,426.5480041503906,424.2309875488281,68522800.0,6519889575.48,2016,3,March,28,3.563995361328182,-2.3170166015625,-0.5432018387186206,Decreased
1066,Bitcoin,BTC,2016-03-29 23:59:59,426.2030029296875,412.6809997558594,424.3039855957031,416.5159912109375,75411504.0,6402954687.4,2016,3,March,29,13.522003173828125,-7.787994384765625,-1.8354751897585033,Decreased
1067,Bitcoin,BTC,2016-03-30 23:59:59,416.8340148925781,412.4960021972656,416.8340148925781,414.8160095214844,66034100.0,6378356001.6,2016,3,March,30,4.3380126953125,-2.01800537109375,-0.4841268464172263,Decreased
1068,Bitcoin,BTC,2016-03-31 23:59:59,418.3689880371094,415.2569885253906,415.2569885253906,416.72900390625,60215200.0,6409062819.05,2016,3,March,31,3.11199951171875,1.472015380859375,0.35448298801342615,Increased
1069,Bitcoin,BTC,2016-04-01 23:59:59,418.1730041503906,415.83099365234375,416.760009765625,417.9599914550781,51235700.0,6429593619.0,2016,4,April,1,2.342010498046875,1.199981689453125,0.2879311021534824,Increased
1070,Bitcoin,BTC,2016-04-02 23:59:59,422.08099365234375,418.4219970703125,418.4219970703125,420.87298583984375,45681200.0,6475857110.93,2016,4,April,2,3.65899658203125,2.45098876953125,0.5857695787249398,Increased
1071,Bitcoin,BTC,2016-04-03 23:59:59,421.5799865722656,419.6969909667969,421.1730041503906,420.9039916992187,38053700.0,6477828308.6,2016,4,April,3,1.88299560546875,-0.26901245117193184,-0.06387219705939987,Decreased
1072,Bitcoin,BTC,2016-04-04 23:59:59,422.3429870605469,419.60101318359375,421.2990112304687,421.4440002441406,50634300.0,6487898585.8,2016,4,April,4,2.741973876953125,0.14498901367193184,0.03441475289687224,Increased
1073,Bitcoin,BTC,2016-04-05 23:59:59,424.2569885253906,420.614013671875,421.0169982910156,424.0299987792969,60718000.0,6529351749.75,2016,4,April,5,3.642974853515625,3.01300048828125,0.71564818059878,Increased
1074,Bitcoin,BTC,2016-04-06 23:59:59,424.5270080566406,422.72900390625,424.2839965820313,423.4129943847656,59091000.0,6521491708.6,2016,4,April,6,1.798004150390625,-0.8710021972656818,-0.20528754425864418,Decreased
1075,Bitcoin,BTC,2016-04-07 23:59:59,423.6570129394531,420.51800537109375,423.6199951171875,422.7449951171875,57858600.0,6512693215.12,2016,4,April,7,3.139007568359375,-0.875,-0.20655304520220902,Decreased
1076,Bitcoin,BTC,2016-04-08 23:59:59,425.3609924316406,419.635009765625,422.9070129394531,420.3489990234375,63454700.0,6477294354.43,2016,4,April,8,5.725982666015625,-2.558013916015625,-0.6048643880922948,Decreased
1077,Bitcoin,BTC,2016-04-09 23:59:59,420.8909912109375,416.5150146484375,420.8110046386719,419.4110107421875,49792700.0,6464539022.12,2016,4,April,9,4.3759765625,-1.399993896484375,-0.33268946891882634,Decreased
1078,Bitcoin,BTC,2016-04-10 23:59:59,422.43499755859375,419.2569885253906,419.5920104980469,421.5639953613281,73478600.0,6499536743.7,2016,4,April,10,3.178009033203125,1.97198486328125,0.46997674263162104,Increased
1079,Bitcoin,BTC,2016-04-11 23:59:59,422.739013671875,420.5329895019531,421.87200927734375,422.4830017089844,50747500.0,6515321584.5,2016,4,April,11,2.206024169921875,0.610992431640625,0.1448288623573865,Increased
1080,Bitcoin,BTC,2016-04-12 23:59:59,427.2770080566406,422.8429870605469,422.8429870605469,425.1900024414063,70728800.0,6558651417.75,2016,4,April,12,4.43402099609375,2.347015380859432,0.5550560025069926,Increased
1081,Bitcoin,BTC,2016-04-13 23:59:59,426.6579895019531,422.9159851074219,425.6319885253906,423.7340087890625,69060400.0,6537929599.55,2016,4,April,13,3.74200439453125,-1.897979736328125,-0.44592036959057246,Decreased
1082,Bitcoin,BTC,2016-04-14 23:59:59,425.3710021972656,423.0130004882813,423.93499755859375,424.2820129394531,45281000.0,6548113818.8,2016,4,April,14,2.358001708984318,0.347015380859375,0.08185579932249228,Increased
1083,Bitcoin,BTC,2016-04-15 23:59:59,429.9280090332031,424.427001953125,424.427001953125,429.7130126953125,54801500.0,6633436609.7,2016,4,April,15,5.501007080078125,5.2860107421875,1.245446382502144,Increased
1084,Bitcoin,BTC,2016-04-16 23:59:59,432.625,428.9840087890625,429.5750122070313,430.5719909667969,39392800.0,6648182380.2,2016,4,April,16,3.6409912109375,0.9969787597655682,0.23208490518184044,Increased
1085,Bitcoin,BTC,2016-04-17 23:59:59,431.3710021972656,426.0790100097656,430.635986328125,427.3989868164063,52125900.0,6600878375.7,2016,4,April,17,5.2919921875,-3.236999511718693,-0.7516788225989658,Decreased
1086,Bitcoin,BTC,2016-04-18 23:59:59,429.2739868164063,427.08599853515625,427.6109924316406,428.5910034179687,55670900.0,6620723761.15,2016,4,April,18,2.187988281250057,0.9800109863280682,0.2291828329190429,Increased
1087,Bitcoin,BTC,2016-04-19 23:59:59,436.0199890136719,428.10400390625,428.7030029296875,435.5090026855469,52810500.0,6729223762.6,2016,4,April,19,7.915985107421875,6.805999755859375,1.5875792120298353,Increased
1088,Bitcoin,BTC,2016-04-20 23:59:59,443.0539855957031,434.406005859375,435.3240051269531,441.3890075683594,72890096.0,6821898724.23,2016,4,April,20,8.647979736328125,6.06500244140625,1.3932157128889595,Increased
1089,Bitcoin,BTC,2016-04-21 23:59:59,450.5480041503906,440.9519958496094,441.4159851074219,449.4249877929687,68204704.0,6947795902.5,2016,4,April,21,9.59600830078125,8.009002685546818,1.8143889110852585,Increased
1090,Bitcoin,BTC,2016-04-22 23:59:59,449.80999755859375,444.1499938964844,449.68798828125,445.7369995117187,58804400.0,6892364370.45,2016,4,April,22,5.660003662109375,-3.950988769531307,-0.8786066945288797,Decreased
1091,Bitcoin,BTC,2016-04-23 23:59:59,450.2820129394531,444.33099365234375,445.8609924316406,450.2820129394531,50485400.0,6964275295.95,2016,4,April,23,5.951019287109375,4.4210205078125,0.9915692520444768,Increased
1092,Bitcoin,BTC,2016-04-24 23:59:59,460.14599609375,448.9280090332031,450.55999755859375,458.5549926757813,68198400.0,7093731211.25,2016,4,April,24,11.217987060546875,7.994995117187557,1.774457377598826,Increased
1093,Bitcoin,BTC,2016-04-25 23:59:59,466.6199951171875,453.5920104980469,459.1210021972656,461.4259948730469,87091800.0,7139621426.7,2016,4,April,25,13.027984619140625,2.30499267578125,0.5020447038471327,Increased
1094,Bitcoin,BTC,2016-04-26 23:59:59,467.9649963378906,461.6210021972656,461.6480102539063,466.0889892578125,78971904.0,7213507974.07,2016,4,April,26,6.343994140625,4.440979003906193,0.9619837853224268,Increased
1095,Bitcoin,BTC,2016-04-27 23:59:59,467.0790100097656,444.1340026855469,466.2619934082031,444.68701171875,93564896.0,6883732525.65,2016,4,April,27,22.94500732421875,-21.574981689453125,-4.627222890664532,Decreased
1096,Bitcoin,BTC,2016-04-28 23:59:59,449.5509948730469,436.6499938964844,445.0379943847656,449.010986328125,74064704.0,6952183241.58,2016,4,April,28,12.9010009765625,3.972991943359375,0.8927309563426742,Increased
1097,Bitcoin,BTC,2016-04-29 23:59:59,455.3840026855469,446.0169982910156,449.4079895019531,455.0969848632813,49258500.0,7048201013.25,2016,4,April,29,9.36700439453125,5.688995361328182,1.265886565041465,Increased
1098,Bitcoin,BTC,2016-04-30 23:59:59,455.5870056152344,447.6969909667969,455.1780090332031,448.3179931640625,69322600.0,6944860514.15,2016,4,April,30,7.8900146484375,-6.860015869140625,-1.5071061723107582,Decreased
1099,Bitcoin,BTC,2016-05-01 23:59:59,452.47900390625,447.927001953125,448.4840087890625,451.875,40660100.0,7001712750.0,2016,5,May,1,4.552001953125,3.3909912109375,0.7561008072714583,Increased
1100,Bitcoin,BTC,2016-05-02 23:59:59,452.4450073242187,441.7760009765625,451.9330139160156,444.66900634765625,92127000.0,6891791430.3,2016,5,May,2,10.669006347656193,-7.264007568359375,-1.6073195240631994,Decreased
1101,Bitcoin,BTC,2016-05-03 23:59:59,451.0969848632813,442.6170043945313,444.72698974609375,450.3039855957031,59366400.0,6980826502.4,2016,5,May,3,8.47998046875,5.576995849609375,1.2540268475258107,Increased
1102,Bitcoin,BTC,2016-05-04 23:59:59,450.37799072265625,445.6300048828125,450.1830139160156,446.7219848632813,50407300.0,6927161701.3,2016,5,May,4,4.74798583984375,-3.461029052734318,-0.7688048961749574,Decreased
1103,Bitcoin,BTC,2016-05-05 23:59:59,448.5060119628906,445.8829956054687,446.71099853515625,447.97601318359375,50440800.0,6948331748.0,2016,5,May,5,2.623016357421932,1.2650146484375,0.28318412857209807,Increased
1104,Bitcoin,BTC,2016-05-06 23:59:59,461.375,447.0679931640625,447.9419860839844,459.6029968261719,72796800.0,7130556703.8,2016,5,May,6,14.3070068359375,11.6610107421875,2.603241291161571,Increased
1105,Bitcoin,BTC,2016-05-07 23:59:59,460.6749877929687,457.3240051269531,459.6390075683594,458.5360107421875,38364500.0,7115722135.6,2016,5,May,7,3.350982666015568,-1.102996826171875,-0.2399702392551687,Decreased
1106,Bitcoin,BTC,2016-05-08 23:59:59,459.4169921875,455.9830017089844,458.4289855957031,458.5480041503906,40315000.0,7117822793.7,2016,5,May,8,3.433990478515625,0.1190185546875,0.025962266441953267,Increased
1107,Bitcoin,BTC,2016-05-09 23:59:59,462.4809875488281,456.531005859375,458.20599365234375,460.4830017089844,55493100.0,7149827444.4,2016,5,May,9,5.949981689453125,2.277008056640625,0.49693982361310346,Increased
1108,Bitcoin,BTC,2016-05-10 23:59:59,461.9289855957031,448.9540100097656,460.51800537109375,450.8949890136719,58956100.0,7002714976.5,2016,5,May,10,12.9749755859375,-9.623016357421875,-2.0896069741437087,Decreased
1109,Bitcoin,BTC,2016-05-11 23:59:59,454.5759887695313,450.864013671875,450.864013671875,452.7279968261719,50605200.0,7032699388.4,2016,5,May,11,3.711975097656307,1.863983154296875,0.41342469076572275,Increased
1110,Bitcoin,BTC,2016-05-12 23:59:59,454.9490051269531,449.25,452.4469909667969,454.7659912109375,59849300.0,7065960832.45,2016,5,May,12,5.699005126953125,2.319000244140625,0.5125462850764779,Increased
1111,Bitcoin,BTC,2016-05-13 23:59:59,457.0549926757813,453.4530029296875,454.8500061035156,455.6700134277344,60845000.0,7081726954.5,2016,5,May,13,3.601989746093807,0.82000732421875,0.18028082075745452,Increased
1112,Bitcoin,BTC,2016-05-14 23:59:59,456.83599853515625,454.7860107421875,455.822998046875,455.6709899902344,37209000.0,7083394303.22,2016,5,May,14,2.04998779296875,-0.152008056640625,-0.03334804459010493,Decreased
1113,Bitcoin,BTC,2016-05-15 23:59:59,458.6919860839844,455.4590148925781,455.7590026855469,457.5679931640625,28514000.0,7114461730.4,2016,5,May,15,3.23297119140625,1.808990478515625,0.39691821068946537,Increased
1114,Bitcoin,BTC,2016-05-16 23:59:59,458.2000122070313,452.9450073242187,457.58599853515625,454.1629943847656,59171500.0,7063120267.85,2016,5,May,16,5.255004882812614,-3.423004150390625,-0.7480570125284627,Decreased
1115,Bitcoin,BTC,2016-05-17 23:59:59,455.0719909667969,453.6050109863281,454.0090026855469,453.7829895019531,64100300.0,7058821456.5,2016,5,May,17,1.46697998046875,-0.22601318359375,-0.04978165240267052,Decreased
1116,Bitcoin,BTC,2016-05-18 23:59:59,455.99798583984375,453.2990112304687,453.6910095214844,454.6189880371094,86850096.0,7073564772.18,2016,5,May,18,2.698974609375057,0.927978515625,0.2045397629994376,Increased
1117,Bitcoin,BTC,2016-05-19 23:59:59,454.6329956054687,438.7149963378906,454.5239868164063,438.7149963378906,96027400.0,6827425412.38,2016,5,May,19,15.917999267578068,-15.808990478515682,-3.478142174463794,Decreased
1118,Bitcoin,BTC,2016-05-20 23:59:59,444.0539855957031,437.3890075683594,437.7929992675781,442.6759948730469,81987904.0,6890716749.8,2016,5,May,20,6.66497802734375,4.88299560546875,1.1153663063680637,Increased
1119,Bitcoin,BTC,2016-05-21 23:59:59,443.7780151367187,441.70599365234375,442.9660034179687,443.18798828125,42762300.0,6900237725.4,2016,5,May,21,2.072021484374943,0.22198486328130684,0.05011329573115094,Increased
1120,Bitcoin,BTC,2016-05-22 23:59:59,443.427001953125,439.0350036621094,443.2179870605469,439.322998046875,39657600.0,6842082300.45,2016,5,May,22,4.391998291015625,-3.894989013671875,-0.8787975956264136,Decreased
1121,Bitcoin,BTC,2016-05-23 23:59:59,444.3450012207031,438.822998046875,439.3479919433594,444.1549987792969,50582500.0,6919346394.62,2016,5,May,23,5.522003173828125,4.8070068359375,1.0941228648103662,Increased
1122,Bitcoin,BTC,2016-05-24 23:59:59,447.1000061035156,443.9299926757813,444.2909851074219,445.9809875488281,65783100.0,6949432035.35,2016,5,May,24,3.170013427734318,1.69000244140625,0.380381888909503,Increased
1123,Bitcoin,BTC,2016-05-25 23:59:59,450.2980041503906,446.06201171875,446.06201171875,449.5989990234375,65231000.0,7007360094.2,2016,5,May,25,4.235992431640625,3.5369873046875,0.7929362312336146,Increased
1124,Bitcoin,BTC,2016-05-26 23:59:59,453.6440124511719,447.89599609375,449.6719970703125,453.3840026855469,65203800.0,7067871183.6,2016,5,May,26,5.748016357421875,3.712005615234375,0.8254918339186577,Increased
1125,Bitcoin,BTC,2016-05-27 23:59:59,478.1489868164063,453.52099609375,453.52099609375,473.4639892578125,164780992.0,7382558439.6,2016,5,May,27,24.627990722656307,19.9429931640625,4.39736932486803,Increased
1126,Bitcoin,BTC,2016-05-28 23:59:59,533.4730224609375,472.6990051269531,473.0289916992187,530.0399780273438,181199008.0,8266477338.0,2016,5,May,28,60.774017333984375,57.01098632812506,12.052323922753597,Increased
1127,Bitcoin,BTC,2016-05-29 23:59:59,553.9600219726562,512.1790161132812,527.4769897460938,526.2329711914062,148736992.0,8209050618.45,2016,5,May,29,41.781005859375,-1.2440185546875,-0.235843189157184,Decreased
1128,Bitcoin,BTC,2016-05-30 23:59:59,544.3489990234375,522.9630126953125,528.4710083007812,533.864013671875,87958704.0,8330000111.4,2016,5,May,30,21.385986328125,5.39300537109375,1.0204921909404538,Increased
1129,Bitcoin,BTC,2016-05-31 23:59:59,546.6179809570312,520.6619873046875,534.1909790039062,531.385986328125,138450000.0,8293035755.05,2016,5,May,31,25.95599365234375,-2.80499267578125,-0.525091734235508,Decreased
1130,Bitcoin,BTC,2016-06-01 23:59:59,543.0800170898438,525.635986328125,531.1069946289062,536.9199829101562,86061800.0,8381321200.0,2016,6,June,1,17.44403076171875,5.81298828125,1.0945041846627601,Increased
1131,Bitcoin,BTC,2016-06-02 23:59:59,540.3519897460938,533.0780029296875,536.5150146484375,537.9719848632812,60378200.0,8399598923.4,2016,6,June,2,7.27398681640625,1.45697021484375,0.2715618715346596,Increased
1132,Bitcoin,BTC,2016-06-03 23:59:59,574.6380004882812,536.9199829101562,537.6820068359375,569.1939697265625,122020000.0,8889102698.0,2016,6,June,3,37.718017578125,31.511962890625,5.860706233422503,Increased
1133,Bitcoin,BTC,2016-06-04 23:59:59,590.1320190429688,564.2379760742188,569.7050170898438,572.7269897460938,94925296.0,8945981421.82,2016,6,June,4,25.89404296875,3.02197265625,0.5304451541758897,Increased
1134,Bitcoin,BTC,2016-06-05 23:59:59,582.8079833984375,569.177978515625,573.3079833984375,574.9769897460938,68874096.0,8983555643.4,2016,6,June,5,13.6300048828125,1.66900634765625,0.2911186301231609,Increased
1135,Bitcoin,BTC,2016-06-06 23:59:59,586.469970703125,574.6019897460938,574.6019897460938,585.5369873046875,72138896.0,9151021089.23,2016,6,June,6,11.86798095703125,10.93499755859375,1.903055985487577,Increased
1136,Bitcoin,BTC,2016-06-07 23:59:59,590.2589721679688,567.5139770507812,585.4450073242188,576.5969848632812,107770000.0,9013335474.15,2016,6,June,7,22.7449951171875,-8.8480224609375,-1.51133280671014,Decreased
1137,Bitcoin,BTC,2016-06-08 23:59:59,582.8389892578125,573.1300048828125,577.1669921875,581.64501953125,80265800.0,9094354020.88,2016,6,June,8,9.708984375,4.47802734375,0.7758633817186926,Increased
1138,Bitcoin,BTC,2016-06-09 23:59:59,582.2030029296875,570.9509887695312,582.2030029296875,574.6300048828125,71301000.0,8987040811.0,2016,6,June,9,11.25201416015625,-7.572998046875,-1.3007487094307533,Decreased
1139,Bitcoin,BTC,2016-06-10 23:59:59,579.1270141601562,573.3250122070312,575.8369750976562,577.469970703125,66991900.0,9033522014.25,2016,6,June,10,5.802001953125,1.63299560546875,0.283586444790526,Increased
1140,Bitcoin,BTC,2016-06-11 23:59:59,607.1160278320312,578.6740112304688,578.6740112304688,606.7269897460938,82357000.0,9493578714.4,2016,6,June,11,28.4420166015625,28.052978515625,4.847803421476332,Increased
1141,Bitcoin,BTC,2016-06-12 23:59:59,684.843994140625,607.0390014648438,609.6840209960938,672.7839965820312,277084992.0,10529624646.8,2016,6,June,12,77.80499267578125,63.0999755859375,10.3496193787145,Increased
1142,Bitcoin,BTC,2016-06-13 23:59:59,716.0040283203125,664.4869995117188,671.6539916992188,704.3759765625,243295008.0,11026918233.0,2016,6,June,13,51.51702880859375,32.72198486328125,4.871851469310536,Increased
1143,Bitcoin,BTC,2016-06-14 23:59:59,704.5040283203125,662.8040161132812,704.5040283203125,685.5590209960938,186694000.0,10734585655.9,2016,6,June,14,41.70001220703125,-18.94500732421875,-2.6891268981651786,Decreased
1144,Bitcoin,BTC,2016-06-15 23:59:59,696.302978515625,672.5609741210938,685.6849975585938,694.468994140625,99223800.0,10876756116.3,2016,6,June,15,23.74200439453125,8.78399658203125,1.2810542177978208,Increased
1145,Bitcoin,BTC,2016-06-16 23:59:59,773.7219848632812,696.5230102539062,696.5230102539062,766.3079833984375,271633984.0,12004751235.6,2016,6,June,16,77.198974609375,69.78497314453125,10.019047772605855,Increased
1146,Bitcoin,BTC,2016-06-17 23:59:59,775.3560180664062,716.5560302734375,768.4869995117188,748.9089965820312,363320992.0,11734973407.3,2016,6,June,17,58.79998779296875,-19.5780029296875,-2.547603660455801,Decreased
1147,Bitcoin,BTC,2016-06-18 23:59:59,777.989990234375,733.9290161132812,748.7559814453125,756.2269897460938,252718000.0,11852610450.4,2016,6,June,18,44.06097412109375,7.47100830078125,0.9977894649148676,Increased
1148,Bitcoin,BTC,2016-06-19 23:59:59,766.6209716796875,745.6279907226562,756.68798828125,763.781005859375,136184992.0,11974386667.3,2016,6,June,19,20.99298095703125,7.093017578125,0.9373767904306454,Increased
1149,Bitcoin,BTC,2016-06-20 23:59:59,764.083984375,732.7269897460938,763.927001953125,737.2260131835938,174511008.0,11561085978.8,2016,6,June,20,31.35699462890625,-26.70098876953125,-3.495227777165237,Decreased
1150,Bitcoin,BTC,2016-06-21 23:59:59,735.8829956054688,639.0700073242188,735.8829956054688,666.6519775390625,309944000.0,10456853277.5,2016,6,June,21,96.81298828125,-69.23101806640625,-9.407883927178458,Decreased
1152,Bitcoin,BTC,2016-06-23 23:59:59,629.3270263671875,558.1389770507812,597.4429931640625,623.9769897460938,253462000.0,9791649876.52,2016,6,June,23,71.18804931640625,26.53399658203125,4.44125998390357,Increased
1153,Bitcoin,BTC,2016-06-24 23:59:59,681.7269897460938,625.27197265625,625.5750122070312,665.2990112304688,224316992.0,10442233719.4,2016,6,June,24,56.45501708984375,39.7239990234375,6.34999772182253,Increased
1154,Bitcoin,BTC,2016-06-25 23:59:59,691.7310180664062,646.5590209960938,665.281005859375,665.1229858398438,126656000.0,10442165050.8,2016,6,June,25,45.1719970703125,-0.15802001953125,-0.023752372026182838,Decreased
1155,Bitcoin,BTC,2016-06-26 23:59:59,665.97998046875,616.9340209960938,665.9310302734375,629.3670043945312,109225000.0,9883123076.92,2016,6,June,26,49.04595947265625,-36.56402587890625,-5.490662578659642,Decreased
1156,Bitcoin,BTC,2016-06-27 23:59:59,655.2750244140625,620.5239868164062,629.3489990234375,655.2750244140625,122134000.0,10292371661.2,2016,6,June,27,34.75103759765625,25.926025390625,4.119498947460706,Increased
1157,Bitcoin,BTC,2016-06-28 23:59:59,659.2479858398438,637.7730102539062,658.1019897460938,647.0009765625,138384992.0,10164806260.6,2016,6,June,28,21.4749755859375,-11.10101318359375,-1.686822613600773,Decreased
1158,Bitcoin,BTC,2016-06-29 23:59:59,644.6820068359375,628.2839965820312,644.1220092773438,639.8900146484375,142456000.0,10055423427.0,2016,6,June,29,16.39801025390625,-4.23199462890625,-0.6570175476000624,Decreased
1159,Bitcoin,BTC,2016-06-30 23:59:59,675.4030151367188,636.6079711914062,640.5910034179688,673.3369750976562,138980000.0,10583527799.4,2016,6,June,30,38.7950439453125,32.7459716796875,5.111837585130995,Increased
1160,Bitcoin,BTC,2016-07-01 23:59:59,686.1539916992188,669.593994140625,672.5150146484375,676.2960205078125,134431008.0,10632674989.8,2016,7,July,1,16.55999755859375,3.781005859375,0.5622188021112883,Increased
1161,Bitcoin,BTC,2016-07-02 23:59:59,703.7020263671875,676.3989868164062,676.7340087890625,703.7020263671875,112354000.0,11066171356.3,2016,7,July,2,27.30303955078125,26.968017578125,3.985024725797534,Increased
1162,Bitcoin,BTC,2016-07-03 23:59:59,704.968017578125,649.0089721679688,704.968017578125,658.6640014648438,129512000.0,10360455388.0,2016,7,July,3,55.95904541015625,-46.30401611328125,-6.568243517252867,Decreased
1163,Bitcoin,BTC,2016-07-04 23:59:59,683.6619873046875,650.5079956054688,658.8040161132812,683.6619873046875,92008400.0,10756225161.5,2016,7,July,4,33.15399169921875,24.85797119140625,3.77319666902758,Increased
1164,Bitcoin,BTC,2016-07-05 23:59:59,683.4910278320312,665.0659790039062,683.208984375,670.6270141601562,130476000.0,10553590036.3,2016,7,July,5,18.425048828125,-12.58197021484375,-1.8415990571836147,Decreased
1165,Bitcoin,BTC,2016-07-06 23:59:59,681.8980102539062,670.4180297851562,670.4180297851562,677.3309936523438,134960992.0,10661460872.4,2016,7,July,6,11.47998046875,6.9129638671875,1.0311422963077,Increased
1166,Bitcoin,BTC,2016-07-07 23:59:59,682.4320068359375,611.833984375,678.0900268554688,640.56201171875,258091008.0,10084880015.6,2016,7,July,7,70.5980224609375,-37.52801513671875,-5.534370607211075,Decreased
1167,Bitcoin,BTC,2016-07-08 23:59:59,666.7069702148438,636.4669799804688,640.68798828125,666.5230102539062,141970000.0,10496037616.4,2016,7,July,8,30.239990234375,25.83502197265625,4.032387440564151,Increased
1168,Bitcoin,BTC,2016-07-09 23:59:59,666.3839721679688,633.3989868164062,666.3839721679688,650.9600219726562,180536000.0,10252979329.9,2016,7,July,9,32.9849853515625,-15.4239501953125,-2.314574005304068,Decreased
1169,Bitcoin,BTC,2016-07-10 23:59:59,652.2940063476562,641.2639770507812,650.5989990234375,649.3599853515625,102532000.0,10229001841.0,2016,7,July,10,11.030029296875,-1.239013671875,-0.19044198864965747,Decreased
1170,Bitcoin,BTC,2016-07-11 23:59:59,659.6290283203125,644.97998046875,648.4840087890625,647.6589965820312,107910000.0,10203318330.2,2016,7,July,11,14.6490478515625,-0.82501220703125,-0.1272216732948936,Decreased
1171,Bitcoin,BTC,2016-07-12 23:59:59,675.2589721679688,646.7789916992188,648.2830200195312,664.551025390625,138172992.0,10470577835.3,2016,7,July,12,28.47998046875,16.26800537109375,2.509398652860541,Increased
1172,Bitcoin,BTC,2016-07-13 23:59:59,668.7000122070312,654.468017578125,664.7969970703125,654.468017578125,131449000.0,10312716681.1,2016,7,July,13,14.23199462890625,-10.3289794921875,-1.5537042943494301,Decreased
1173,Bitcoin,BTC,2016-07-14 23:59:59,662.9019775390625,652.9229736328125,652.9229736328125,658.0780029296875,98511400.0,10370714377.5,2016,7,July,14,9.97900390625,5.155029296875,0.7895310021322759,Increased
1174,Bitcoin,BTC,2016-07-15 23:59:59,667.0770263671875,659.0399780273438,659.1710205078125,663.2550048828125,81673104.0,10453381649.6,2016,7,July,15,8.03704833984375,4.083984375,0.6195637016708924,Increased
1175,Bitcoin,BTC,2016-07-16 23:59:59,666.4600219726562,659.333984375,663.781005859375,660.7670288085938,50330200.0,10415413843.4,2016,7,July,16,7.12603759765625,-3.01397705078125,-0.45406196082383454,Decreased
1176,Bitcoin,BTC,2016-07-17 23:59:59,682.364990234375,661.9929809570312,661.9929809570312,679.458984375,74407904.0,10711263459.6,2016,7,July,17,20.37200927734375,17.46600341796875,2.6383970707239928,Increased
1177,Bitcoin,BTC,2016-07-18 23:59:59,681.5549926757812,668.625,679.8090209960938,673.1060180664062,69465000.0,10612299585.4,2016,7,July,18,12.92999267578125,-6.7030029296875,-0.986012648061935,Decreased
1178,Bitcoin,BTC,2016-07-19 23:59:59,673.2769775390625,667.6320190429688,672.7379760742188,672.864013671875,61203300.0,10609525767.2,2016,7,July,19,5.64495849609375,0.12603759765625,0.018735020489217203,Increased
1179,Bitcoin,BTC,2016-07-20 23:59:59,672.9290161132812,663.3599853515625,672.8060302734375,665.6849975585938,94636400.0,10497527595.7,2016,7,July,20,9.56903076171875,-7.12103271484375,-1.0584079800755748,Decreased
1180,Bitcoin,BTC,2016-07-21 23:59:59,666.218994140625,660.4149780273438,665.22802734375,665.0120239257812,60491800.0,10487976073.3,2016,7,July,21,5.80401611328125,-0.21600341796875,-0.032470582881369246,Decreased
1181,Bitcoin,BTC,2016-07-22 23:59:59,666.5830078125,646.7219848632812,664.9219970703125,650.6190185546875,134169000.0,10261989674.1,2016,7,July,22,19.86102294921875,-14.302978515625,-2.151076153089356,Decreased
1182,Bitcoin,BTC,2016-07-23 23:59:59,656.3660278320312,648.5239868164062,650.7260131835938,655.5560302734375,69532200.0,10340881944.1,2016,7,July,23,7.842041015625,4.83001708984375,0.7422505005161095,Increased
1183,Bitcoin,BTC,2016-07-24 23:59:59,663.1099853515625,652.7930297851562,655.4099731445312,661.2849731445312,118184000.0,10432244355.1,2016,7,July,24,10.31695556640625,5.875,0.896385505367408,Increased
1184,Bitcoin,BTC,2016-07-25 23:59:59,661.8280029296875,653.39501953125,661.2630004882812,654.0969848632812,78176496.0,10319876748.9,2016,7,July,25,8.4329833984375,-7.166015625,-1.0836861611353672,Decreased
1185,Bitcoin,BTC,2016-07-26 23:59:59,656.2249755859375,645.8790283203125,654.2260131835938,651.7839965820312,225135008.0,10284392843.4,2016,7,July,26,10.345947265625,-2.4420166015625,-0.3732680377044566,Decreased
1186,Bitcoin,BTC,2016-07-27 23:59:59,657.4559936523438,648.447021484375,651.6270141601562,654.3519897460938,147460992.0,10325917978.9,2016,7,July,27,9.00897216796875,2.7249755859375,0.4181802667358045,Increased
1187,Bitcoin,BTC,2016-07-28 23:59:59,657.594970703125,654.4920043945312,654.4920043945312,655.0349731445312,86428400.0,10337749269.3,2016,7,July,28,3.10296630859375,0.54296875,0.08296033356470091,Increased
1188,Bitcoin,BTC,2016-07-29 23:59:59,657.7960205078125,654.7860107421875,655.1110229492188,656.9920043945312,60703500.0,10369809305.9,2016,7,July,29,3.010009765625,1.8809814453125,0.2871240720152415,Increased
1189,Bitcoin,BTC,2016-07-30 23:59:59,658.2230224609375,654.208984375,657.0120239257812,655.0469970703125,38456100.0,10340045284.2,2016,7,July,30,4.0140380859375,-1.96502685546875,-0.2990853719430145,Decreased
1190,Bitcoin,BTC,2016-07-31 23:59:59,655.2849731445312,624.364990234375,655.0999755859375,624.6810302734375,110818000.0,9861866432.96,2016,7,July,31,30.91998291015625,-30.4189453125,-4.643405044442652,Decreased
1191,Bitcoin,BTC,2016-08-01 23:59:59,626.1190185546875,605.8839721679688,624.6019897460938,606.27197265625,121887000.0,9572348580.1,2016,8,August,1,20.23504638671875,-18.33001708984375,-2.9346715813849817,Decreased
1192,Bitcoin,BTC,2016-08-02 23:59:59,612.8480224609375,531.333984375,606.39697265625,547.4650268554688,330932992.0,8644864334.94,2016,8,August,2,81.5140380859375,-58.93194580078125,-9.718377310268693,Decreased
1193,Bitcoin,BTC,2016-08-03 23:59:59,573.3599853515625,541.5469970703125,548.656005859375,566.35498046875,207982000.0,8944279139.34,2016,8,August,3,31.81298828125,17.698974609375,3.2258782224852545,Increased
1194,Bitcoin,BTC,2016-08-04 23:59:59,579.4959716796875,565.7769775390625,566.3289794921875,578.2890014648438,125292000.0,9133817994.68,2016,8,August,4,13.718994140625,11.96002197265625,2.111850603756935,Increased
1195,Bitcoin,BTC,2016-08-05 23:59:59,578.281005859375,569.9819946289062,578.281005859375,575.0430297851562,66127900.0,9083715053.11,2016,8,August,5,8.29901123046875,-3.23797607421875,-0.5599312516597084,Decreased
1196,Bitcoin,BTC,2016-08-06 23:59:59,588.39599609375,569.468994140625,575.030029296875,587.7780151367188,80797296.0,9286055404.13,2016,8,August,6,18.927001953125,12.74798583984375,2.21692523700571,Increased
1197,Bitcoin,BTC,2016-08-07 23:59:59,597.5130004882812,586.8159790039062,587.77099609375,592.6900024414062,82398400.0,9364710626.88,2016,8,August,7,10.697021484375,4.91900634765625,0.8368916432330499,Increased
1198,Bitcoin,BTC,2016-08-08 23:59:59,592.9940185546875,588.0469970703125,592.7360229492188,591.0540161132812,61194100.0,9339910962.91,2016,8,August,8,4.947021484375,-1.6820068359375,-0.2837699702421498,Decreased
1199,Bitcoin,BTC,2016-08-09 23:59:59,591.0910034179688,584.7930297851562,591.0380249023438,587.801025390625,92228096.0,9289374234.8,2016,8,August,9,6.2979736328125,-3.23699951171875,-0.5476804156980584,Decreased
1200,Bitcoin,BTC,2016-08-10 23:59:59,599.9840087890625,586.3709716796875,587.6480102539062,592.10302734375,102905000.0,9358441335.08,2016,8,August,10,13.613037109375,4.45501708984375,0.7581097888715495,Increased
1201,Bitcoin,BTC,2016-08-11 23:59:59,597.5419921875,589.1199951171875,592.1240234375,589.1199951171875,74514400.0,9312340020.48,2016,8,August,11,8.4219970703125,-3.0040283203125,-0.5073309309210255,Decreased
1202,Bitcoin,BTC,2016-08-12 23:59:59,589.9099731445312,583.8109741210938,588.7979736328125,587.5590209960938,69218000.0,9288722581.24,2016,8,August,12,6.0989990234375,-1.23895263671875,-0.21042066926191366,Decreased
1203,Bitcoin,BTC,2016-08-13 23:59:59,589.7739868164062,584.97900390625,587.3569946289062,585.5880126953125,43563000.0,9258715471.54,2016,8,August,13,4.79498291015625,-1.76898193359375,-0.3011766182696773,Decreased
1204,Bitcoin,BTC,2016-08-14 23:59:59,585.666015625,564.781005859375,585.5889892578125,570.4730224609375,60851100.0,9020848474.94,2016,8,August,14,20.885009765625,-15.115966796875,-2.5813270184661916,Decreased
1205,Bitcoin,BTC,2016-08-15 23:59:59,573.5800170898438,563.239990234375,570.4940185546875,567.239990234375,57262300.0,8970719083.2,2016,8,August,15,10.34002685546875,-3.2540283203125,-0.5703878067918023,Decreased
1206,Bitcoin,BTC,2016-08-16 23:59:59,581.7379760742188,566.7160034179688,567.2429809570312,577.4390258789062,58405200.0,9132941526.43,2016,8,August,16,15.02197265625,10.196044921875,1.7974739686813952,Increased
1207,Bitcoin,BTC,2016-08-17 23:59:59,580.8939819335938,571.4299926757812,577.760986328125,573.2160034179688,54443000.0,9066995409.02,2016,8,August,17,9.4639892578125,-4.54498291015625,-0.7866545193785445,Decreased
1208,Bitcoin,BTC,2016-08-18 23:59:59,577.7919921875,573.4299926757812,573.7069702148438,574.3179931640625,59896600.0,9085487924.62,2016,8,August,18,4.36199951171875,0.61102294921875,0.10650436214674751,Increased
1209,Bitcoin,BTC,2016-08-19 23:59:59,578.2379760742188,574.1820068359375,574.3389892578125,575.6300048828125,50631600.0,9107313927.36,2016,8,August,19,4.05596923828125,1.291015625,0.22478286328224215,Increased
1210,Bitcoin,BTC,2016-08-20 23:59:59,582.8179931640625,575.4569702148438,576.083984375,581.697021484375,45301400.0,9204384754.4,2016,8,August,20,7.36102294921875,5.613037109375,0.9743435439304301,Increased
1211,Bitcoin,BTC,2016-08-21 23:59:59,584.1580200195312,580.218017578125,581.9390258789062,581.3079833984375,38299400.0,9199366516.7,2016,8,August,21,3.94000244140625,-0.63104248046875,-0.10843790369887679,Decreased
1212,Bitcoin,BTC,2016-08-22 23:59:59,588.447998046875,580.593994140625,581.3109741210938,586.7529907226562,72844000.0,9286647693.55,2016,8,August,22,7.85400390625,5.4420166015625,0.9361627156257445,Increased
1213,Bitcoin,BTC,2016-08-23 23:59:59,589.4739990234375,581.6339721679688,586.77099609375,583.4149780273438,85349200.0,9234845697.42,2016,8,August,23,7.84002685546875,-3.35601806640625,-0.571946822311928,Decreased
1214,Bitcoin,BTC,2016-08-24 23:59:59,583.5900268554688,579.85498046875,583.4119873046875,580.1820068359375,56328200.0,9184728960.5,2016,8,August,24,3.73504638671875,-3.22998046875,-0.5536362877410572,Decreased
1215,Bitcoin,BTC,2016-08-25 23:59:59,580.4509887695312,575.1669921875,580.1799926757812,577.760986328125,136130000.0,9147297035.52,2016,8,August,25,5.28399658203125,-2.41900634765625,-0.41694066982555356,Decreased
1216,Bitcoin,BTC,2016-08-26 23:59:59,580.6229858398438,576.8579711914062,577.7529907226562,579.6510009765625,48856800.0,9178145243.32,2016,8,August,26,3.7650146484375,1.89801025390625,0.3285158682661615,Increased
1217,Bitcoin,BTC,2016-08-27 23:59:59,579.844970703125,568.6300048828125,579.4520263671875,569.947021484375,59698300.0,9025464112.14,2016,8,August,27,11.2149658203125,-9.5050048828125,-1.6403437127320293,Decreased
1218,Bitcoin,BTC,2016-08-28 23:59:59,574.0380249023438,569.739990234375,569.8300170898438,573.9119873046875,86301600.0,9089312934.82,2016,8,August,28,4.29803466796875,4.08197021484375,0.7163487518068314,Increased
1219,Bitcoin,BTC,2016-08-29 23:59:59,576.2780151367188,573.4650268554688,574.0709838867188,574.1069946289062,110398000.0,9093420855.11,2016,8,August,29,2.81298828125,0.0360107421875,0.006272872727984103,Increased
1220,Bitcoin,BTC,2016-08-30 23:59:59,578.3569946289062,574.114013671875,574.114013671875,577.5029907226562,70342400.0,9148340523.6,2016,8,August,30,4.24298095703125,3.38897705078125,0.5902968696246041,Increased
1221,Bitcoin,BTC,2016-08-31 23:59:59,577.8610229492188,573.6420288085938,577.5910034179688,575.4719848632812,75840896.0,9117106216.7,2016,8,August,31,4.218994140625,-2.1190185546875,-0.3668718075849409,Decreased
1222,Bitcoin,BTC,2016-09-01 23:59:59,576.3109741210938,571.8140258789062,575.5460205078125,572.302978515625,76923400.0,9067854883.5,2016,9,September,1,4.4969482421875,-3.2430419921875,-0.563472229262591,Decreased
1223,Bitcoin,BTC,2016-09-02 23:59:59,575.6430053710938,570.8109741210938,572.4099731445312,575.5369873046875,79910800.0,9120159588.88,2016,9,September,2,4.83203125,3.12701416015625,0.5462892519111807,Increased
1224,Bitcoin,BTC,2016-09-03 23:59:59,599.5,574.0560302734375,575.5549926757812,598.2119750976562,159014000.0,9480380026.32,2016,9,September,3,25.4439697265625,22.656982421875,3.936545197278485,Increased
1225,Bitcoin,BTC,2016-09-04 23:59:59,611.8369750976562,596.8480224609375,598.5900268554688,608.6339721679688,97942896.0,9646846465.46,2016,9,September,4,14.98895263671875,10.0439453125,1.6779339551083332,Increased
1226,Bitcoin,BTC,2016-09-05 23:59:59,609.0549926757812,602.2420043945312,608.989990234375,606.5900268554688,82446800.0,9615468144.84,2016,9,September,5,6.81298828125,-2.39996337890625,-0.39408913404021695,Decreased
1227,Bitcoin,BTC,2016-09-06 23:59:59,610.8300170898438,605.0910034179688,606.5059814453125,610.4359741210938,78529104.0,9677437247.52,2016,9,September,6,5.739013671875,3.92999267578125,0.6479726162660459,Increased
1228,Bitcoin,BTC,2016-09-07 23:59:59,614.5449829101562,608.5130004882812,610.572998046875,614.5440063476562,75032400.0,9743676239.81,2016,9,September,7,6.031982421875,3.97100830078125,0.6503740442967292,Increased
1229,Bitcoin,BTC,2016-09-08 23:59:59,628.77001953125,613.843994140625,614.635009765625,626.3159790039062,86713000.0,9931412643.55,2016,9,September,8,14.926025390625,11.68096923828125,1.9004724841065401,Increased
1230,Bitcoin,BTC,2016-09-09 23:59:59,626.8300170898438,620.2630004882812,626.3519897460938,622.8610229492188,64550200.0,9877681031.6,2016,9,September,9,6.5670166015625,-3.490966796875,-0.557349039202405,Decreased
1231,Bitcoin,BTC,2016-09-10 23:59:59,625.094970703125,622.39501953125,622.927001953125,623.5089721679688,45016800.0,9889124589.92,2016,9,September,10,2.699951171875,0.58197021484375,0.09342510647620683,Increased
1232,Bitcoin,BTC,2016-09-11 23:59:59,628.8179931640625,600.5059814453125,623.4240112304688,606.718994140625,73610800.0,9624021892.48,2016,9,September,11,28.31201171875,-16.70501708984375,-2.6795594633694986,Decreased
1233,Bitcoin,BTC,2016-09-12 23:59:59,608.458984375,605.4110107421875,607.0050048828125,608.2429809570312,72812304.0,9649385919.48,2016,9,September,12,3.0479736328125,1.23797607421875,0.20394824824512803,Increased
1234,Bitcoin,BTC,2016-09-13 23:59:59,611.1929931640625,606.9249877929688,608.0250244140625,609.2410278320312,86920600.0,9666424847.94,2016,9,September,13,4.26800537109375,1.21600341796875,0.19999233076641543,Increased
1235,Bitcoin,BTC,2016-09-14 23:59:59,611.9520263671875,608.4099731445312,608.8410034179688,610.6840209960938,47877700.0,9690463177.01,2016,9,September,14,3.54205322265625,1.843017578125,0.3027091749370517,Increased
1236,Bitcoin,BTC,2016-09-15 23:59:59,611.0859985351562,607.155029296875,610.5880126953125,607.155029296875,59464600.0,9635571707.58,2016,9,September,15,3.93096923828125,-3.4329833984375,-0.5622421873766102,Decreased
1237,Bitcoin,BTC,2016-09-16 23:59:59,609.260986328125,606.7349853515625,607.2459716796875,606.9730224609375,64963400.0,9633710359.34,2016,9,September,16,2.5260009765625,-0.27294921875,-0.04494870801612766,Decreased
1238,Bitcoin,BTC,2016-09-17 23:59:59,607.8599853515625,605.1920166015625,607.218017578125,605.9840087890625,37140300.0,9619198525.06,2016,9,September,17,2.66796875,-1.2340087890625,-0.20322334867208247,Decreased
1239,Bitcoin,BTC,2016-09-18 23:59:59,610.1580200195312,605.8560180664062,606.2830200195312,609.8740234375,48679400.0,9682008336.58,2016,9,September,18,4.302001953125,3.59100341796875,0.5922982005752143,Increased
1240,Bitcoin,BTC,2016-09-19 23:59:59,610.9320068359375,608.27001953125,609.8709716796875,609.2269897460938,54796400.0,9672709263.54,2016,9,September,19,2.6619873046875,-0.64398193359375,-0.10559314404161838,Decreased
1241,Bitcoin,BTC,2016-09-20 23:59:59,609.5250244140625,607.93798828125,609.2540283203125,608.31201171875,72710896.0,9659269452.1,2016,9,September,20,1.5870361328125,-0.9420166015625,-0.15461803414900674,Decreased
1242,Bitcoin,BTC,2016-09-21 23:59:59,603.5880126953125,595.8829956054688,603.5880126953125,597.1489868164062,82776200.0,9483211004.99,2016,9,September,21,7.70501708984375,-6.43902587890625,-1.0667915438136162,Decreased
1243,Bitcoin,BTC,2016-09-22 23:59:59,598.4869995117188,596.2130126953125,597.2789916992188,596.2979736328125,67085300.0,9470698214.62,2016,9,September,22,2.27398681640625,-0.98101806640625,-0.16424787746431851,Decreased
1244,Bitcoin,BTC,2016-09-23 23:59:59,603.2050170898438,595.7860107421875,596.198974609375,602.8419799804688,51067000.0,9575631548.62,2016,9,September,23,7.41900634765625,6.64300537109375,1.1142262321813277,Increased
1245,Bitcoin,BTC,2016-09-24 23:59:59,604.5800170898438,602.0449829101562,602.9609985351562,602.625,35359500.0,9573385117.5,2016,9,September,24,2.5350341796875,-0.33599853515625,-0.05572475433278945,Decreased
1246,Bitcoin,BTC,2016-09-25 23:59:59,603.3809814453125,599.7109985351562,602.7490234375,600.8259887695312,33977800.0,9546132575.45,2016,9,September,25,3.66998291015625,-1.92303466796875,-0.3190440122161646,Decreased
1247,Bitcoin,BTC,2016-09-26 23:59:59,608.1430053710938,600.3489990234375,600.8070068359375,608.0430297851562,59153800.0,9661922446.43,2016,9,September,26,7.79400634765625,7.23602294921875,1.2043839147825872,Increased
1248,Bitcoin,BTC,2016-09-27 23:59:59,608.2479858398438,604.1099853515625,608.02197265625,606.166015625,49422400.0,9633311305.2,2016,9,September,27,4.13800048828125,-1.85595703125,-0.30524505934249846,Decreased
1249,Bitcoin,BTC,2016-09-28 23:59:59,606.5900268554688,604.6069946289062,606.2429809570312,604.72802734375,48722600.0,9611532318.53,2016,9,September,28,1.9830322265625,-1.51495361328125,-0.24989214900100026,Decreased
1250,Bitcoin,BTC,2016-09-29 23:59:59,606.823974609375,604.8480224609375,605.0189819335938,605.6929931640625,55658600.0,9627902106.24,2016,9,September,29,1.9759521484375,0.67401123046875,0.11140331966356865,Increased
1251,Bitcoin,BTC,2016-09-30 23:59:59,609.7349853515625,604.1420288085938,605.7150268554688,609.7349853515625,56122400.0,9693198750.06,2016,9,September,30,5.59295654296875,4.01995849609375,0.6636715811663301,Increased
1252,Bitcoin,BTC,2016-10-01 23:59:59,615.2369995117188,609.9290161132812,609.9290161132812,613.9829711914062,56357000.0,9761887632.24,2016,10,October,1,5.3079833984375,4.053955078125,0.664660144217842,Increased
1253,Bitcoin,BTC,2016-10-02 23:59:59,614.0050048828125,609.6820068359375,613.947998046875,610.8920288085938,39249800.0,9713776587.02,2016,10,October,2,4.322998046875,-3.05596923828125,-0.4977570165556475,Decreased
1254,Bitcoin,BTC,2016-10-03 23:59:59,612.5679931640625,610.4550170898438,610.968017578125,612.1329956054688,46798300.0,9734618878.27,2016,10,October,3,2.11297607421875,1.16497802734375,0.19067741581003186,Increased
1255,Bitcoin,BTC,2016-10-04 23:59:59,612.0540161132812,609.47900390625,612.052001953125,610.2039794921875,49801600.0,9705099354.72,2016,10,October,4,2.57501220703125,-1.8480224609375,-0.3019387985073585,Decreased
1256,Bitcoin,BTC,2016-10-05 23:59:59,613.8140258789062,609.6170043945312,610.218017578125,612.510986328125,68077504.0,9743018923.52,2016,10,October,5,4.197021484375,2.29296875,0.3757622167730299,Increased
1257,Bitcoin,BTC,2016-10-06 23:59:59,613.8189697265625,611.468994140625,612.469970703125,613.02099609375,56812100.0,9752315688.94,2016,10,October,6,2.3499755859375,0.551025390625,0.08996773996811866,Increased
1258,Bitcoin,BTC,2016-10-07 23:59:59,617.9119873046875,611.8209838867188,612.6079711914062,617.1209716796875,64071400.0,9818599994.17,2016,10,October,7,6.09100341796875,4.51300048828125,0.7366865435172709,Increased
1259,Bitcoin,BTC,2016-10-08 23:59:59,619.8489990234375,617.3410034179688,617.3410034179688,619.1079711914062,42345900.0,9851461945.58,2016,10,October,8,2.50799560546875,1.7669677734375,0.28622232504475004,Increased
1260,Bitcoin,BTC,2016-10-09 23:59:59,619.197998046875,616.6069946289062,619.1719970703125,616.7520141601562,39243400.0,9815156617.54,2016,10,October,9,2.59100341796875,-2.41998291015625,-0.3908417889708664,Decreased
1261,Bitcoin,BTC,2016-10-10 23:59:59,621.3179931640625,616.197021484375,616.822021484375,618.9940185546875,67481104.0,9851764897.39,2016,10,October,10,5.1209716796875,2.1719970703125,0.3521270309198129,Increased
1262,Bitcoin,BTC,2016-10-11 23:59:59,642.0800170898438,618.5,619.2379760742188,641.072021484375,103590000.0,10204214838.5,2016,10,October,11,23.58001708984375,21.83404541015625,3.525953874563296,Increased
1263,Bitcoin,BTC,2016-10-12 23:59:59,641.3369750976562,635.9650268554688,640.8709716796875,636.1920166015625,92370200.0,10127644783.5,2016,10,October,12,5.3719482421875,-4.678955078125,-0.7300931521148034,Decreased
1264,Bitcoin,BTC,2016-10-13 23:59:59,638.8330078125,635.0289916992188,636.030029296875,636.7860107421875,61620700.0,10138078870.2,2016,10,October,13,3.80401611328125,0.7559814453125,0.11885939507419643,Increased
1265,Bitcoin,BTC,2016-10-14 23:59:59,641.2849731445312,637.0079956054688,637.0079956054688,640.3779907226562,58144600.0,10196303437.0,2016,10,October,14,4.2769775390625,3.3699951171875,0.529034979221,Increased
1266,Bitcoin,BTC,2016-10-15 23:59:59,642.1019897460938,637.3900146484375,640.3109741210938,638.64599609375,39035400.0,10169814231.5,2016,10,October,15,4.71197509765625,-1.66497802734375,-0.26002647067374396,Decreased
1267,Bitcoin,BTC,2016-10-16 23:59:59,642.8980102539062,638.9010009765625,639.0830078125,641.6309814453125,40298100.0,10218348387.5,2016,10,October,16,3.99700927734375,2.5479736328125,0.3986921263223521,Increased
1268,Bitcoin,BTC,2016-10-17 23:59:59,642.3280029296875,638.6630249023438,641.8179931640625,639.1929931640625,58063600.0,10180488273.5,2016,10,October,17,3.66497802734375,-2.625,-0.4089944544962287,Decreased
1269,Bitcoin,BTC,2016-10-18 23:59:59,640.7360229492188,635.9959716796875,639.4110107421875,637.9600219726562,65546700.0,10162029114.2,2016,10,October,18,4.74005126953125,-1.45098876953125,-0.2269258341120893,Decreased
1270,Bitcoin,BTC,2016-10-19 23:59:59,638.8740234375,628.0130004882812,638.1339721679688,630.52001953125,69381696.0,10044471117.1,2016,10,October,19,10.86102294921875,-7.61395263671875,-1.1931589554543596,Decreased
1271,Bitcoin,BTC,2016-10-20 23:59:59,631.9169921875,628.2579956054688,630.6630249023438,630.8569946289062,56957300.0,10050854098.8,2016,10,October,20,3.65899658203125,0.1939697265625,0.030756476740099934,Increased
1272,Bitcoin,BTC,2016-10-21 23:59:59,634.093994140625,630.6939697265625,630.8250122070312,632.8280029296875,55951000.0,10083501602.5,2016,10,October,21,3.4000244140625,2.00299072265625,0.3175192301980071,Increased
1273,Bitcoin,BTC,2016-10-22 23:59:59,658.197021484375,632.8499755859375,633.135986328125,657.2940063476562,78556496.0,10474463658.4,2016,10,October,22,25.3470458984375,24.15802001953125,3.815613160710671,Increased
1274,Bitcoin,BTC,2016-10-23 23:59:59,661.1290283203125,653.885986328125,657.6209716796875,657.0709838867188,54474600.0,10472100601.9,2016,10,October,23,7.2430419921875,-0.54998779296875,-0.08363294612761175,Decreased
1275,Bitcoin,BTC,2016-10-24 23:59:59,657.2520141601562,652.594970703125,657.1610107421875,653.760986328125,62218200.0,10420469171.9,2016,10,October,24,4.65704345703125,-3.4000244140625,-0.5173807268667027,Decreased
1276,Bitcoin,BTC,2016-10-25 23:59:59,664.4240112304688,653.697998046875,654.0020141601562,657.5880126953125,90378800.0,10482565592.0,2016,10,October,25,10.72601318359375,3.58599853515625,0.5483161301515637,Increased
1277,Bitcoin,BTC,2016-10-26 23:59:59,679.72802734375,657.677978515625,657.677978515625,678.3040161132812,88877104.0,10813913071.1,2016,10,October,26,22.050048828125,20.62603759765625,3.136191004024353,Increased
1278,Bitcoin,BTC,2016-10-27 23:59:59,688.593994140625,678.0399780273438,678.2139892578125,688.31298828125,96105296.0,10974828654.5,2016,10,October,27,10.55401611328125,10.0989990234375,1.4890579055275905,Increased
1279,Bitcoin,BTC,2016-10-28 23:59:59,690.4439697265625,684.1619873046875,688.0,689.6510009765625,81145504.0,10997420361.8,2016,10,October,28,6.281982421875,1.6510009765625,0.23997107217478197,Increased
1280,Bitcoin,BTC,2016-10-29 23:59:59,720.4019775390625,690.052001953125,690.2890014648438,714.47900390625,134760992.0,11394596829.5,2016,10,October,29,30.3499755859375,24.19000244140625,3.5043296923568676,Increased
1281,Bitcoin,BTC,2016-10-30 23:59:59,714.1179809570312,696.4749755859375,714.1179809570312,701.864013671875,100665000.0,11194834675.9,2016,10,October,30,17.64300537109375,-12.25396728515625,-1.7159583726955023,Decreased
1282,Bitcoin,BTC,2016-10-31 23:59:59,709.2890014648438,691.6820068359375,702.6400146484375,700.9719848632812,97064400.0,11181852070.1,2016,10,October,31,17.60699462890625,-1.66802978515625,-0.2373946473843851,Decreased
1283,Bitcoin,BTC,2016-11-01 23:59:59,736.4520263671875,701.3369750976562,701.3369750976562,729.7930297851562,130527000.0,11642863554.0,2016,11,November,1,35.11505126953125,28.4560546875,4.057401177734525,Increased
1284,Bitcoin,BTC,2016-11-02 23:59:59,740.8289794921875,722.3489990234375,730.0659790039062,740.8289794921875,84865200.0,11820110420.6,2016,11,November,2,18.47998046875,10.76300048828125,1.4742503825429814,Increased
1285,Bitcoin,BTC,2016-11-03 23:59:59,745.7730102539062,678.156005859375,742.3460083007812,688.7000122070312,172808000.0,10989660279.6,2016,11,November,3,67.61700439453125,-53.64599609375,-7.226548737905235,Decreased
1286,Bitcoin,BTC,2016-11-04 23:59:59,706.9299926757812,685.56298828125,689.1240234375,703.2349853515625,99907696.0,11222575747.5,2016,11,November,4,21.36700439453125,14.1109619140625,2.0476665207046425,Increased
1287,Bitcoin,BTC,2016-11-05 23:59:59,707.510009765625,697.739013671875,703.5250244140625,703.4180297851562,53752300.0,11226736982.4,2016,11,November,5,9.77099609375,-0.10699462890625,-0.015208361492949237,Decreased
1288,Bitcoin,BTC,2016-11-06 23:59:59,714.2579956054688,699.5599975585938,703.81201171875,711.52197265625,59902200.0,11357385316.2,2016,11,November,6,14.697998046875,7.7099609375,1.0954574245858388,Increased
1289,Bitcoin,BTC,2016-11-07 23:59:59,710.7360229492188,699.9030151367188,710.7360229492188,703.1309814453125,65047100.0,11224670783.0,2016,11,November,7,10.8330078125,-7.60504150390625,-1.070023364279317,Decreased
1290,Bitcoin,BTC,2016-11-08 23:59:59,712.9869995117188,702.3900146484375,703.0889892578125,709.8480224609375,79660800.0,11333339468.1,2016,11,November,8,10.59698486328125,6.759033203125,0.9613339572078778,Increased
1291,Bitcoin,BTC,2016-11-09 23:59:59,740.0460205078125,708.6099853515625,709.8250122070312,723.2730102539062,132429000.0,11548965778.8,2016,11,November,9,31.43603515625,13.447998046875,1.8945511662179477,Increased
1292,Bitcoin,BTC,2016-11-10 23:59:59,723.0180053710938,711.2100219726562,722.843994140625,715.5339965820312,68807800.0,11426817525.6,2016,11,November,10,11.8079833984375,-7.30999755859375,-1.0112828795491982,Decreased
1293,Bitcoin,BTC,2016-11-11 23:59:59,718.3179931640625,714.4099731445312,715.5549926757812,716.4110107421875,63119700.0,11442241390.2,2016,11,November,11,3.90802001953125,0.85601806640625,0.11962994810576531,Increased
1294,Bitcoin,BTC,2016-11-12 23:59:59,717.1480102539062,704.0349731445312,716.7520141601562,705.0540161132812,64622500.0,11262273136.1,2016,11,November,12,13.113037109375,-11.697998046875,-1.6320844330771724,Decreased
1295,Bitcoin,BTC,2016-11-13 23:59:59,705.2570190429688,687.3150024414062,705.1959838867188,702.031005859375,80318096.0,11215181107.4,2016,11,November,13,17.9420166015625,-3.16497802734375,-0.4488082887114351,Decreased
1296,Bitcoin,BTC,2016-11-14 23:59:59,706.2839965820312,699.8079833984375,701.9970092773438,705.02099609375,62993000.0,11271073434.1,2016,11,November,14,6.47601318359375,3.02398681640625,0.43076918796552,Increased
1297,Bitcoin,BTC,2016-11-15 23:59:59,715.718017578125,705.260009765625,705.7940063476562,711.6190185546875,72038496.0,11377924616.2,2016,11,November,15,10.4580078125,5.82501220703125,0.8253133569629658,Increased
1298,Bitcoin,BTC,2016-11-16 23:59:59,747.614990234375,709.0390014648438,711.1669921875,744.197998046875,141294000.0,11900441938.5,2016,11,November,16,38.57598876953125,33.031005859375,4.644620211882153,Increased
1299,Bitcoin,BTC,2016-11-17 23:59:59,755.64501953125,739.510986328125,744.8759765625,740.9769897460938,108579000.0,11850398479.4,2016,11,November,17,16.134033203125,-3.89898681640625,-0.523441074633597,Decreased
1300,Bitcoin,BTC,2016-11-18 23:59:59,752.8820190429688,736.8900146484375,740.7050170898438,751.5850219726562,87363104.0,12021432968.4,2016,11,November,18,15.99200439453125,10.8800048828125,1.4688714983407234,Increased
1301,Bitcoin,BTC,2016-11-19 23:59:59,756.2369995117188,744.4669799804688,751.8330078125,751.6160278320312,110608000.0,12023262924.8,2016,11,November,19,11.77001953125,-0.21697998046875,-0.02886012960511874,Decreased
1302,Bitcoin,BTC,2016-11-20 23:59:59,755.47998046875,717.9439697265625,751.8790283203125,731.0260009765625,154116000.0,11695081877.5,2016,11,November,20,37.5360107421875,-20.85302734375,-2.7734551115670003,Decreased
1303,Bitcoin,BTC,2016-11-21 23:59:59,741.7219848632812,730.510009765625,731.2650146484375,739.2479858398438,60802400.0,11827902946.2,2016,11,November,21,11.21197509765625,7.98297119140625,1.0916659530394925,Increased
1304,Bitcoin,BTC,2016-11-22 23:59:59,753.8699951171875,736.5269775390625,739.6430053710938,751.3469848632812,129906000.0,12022735371.5,2016,11,November,22,17.343017578125,11.7039794921875,1.5823822313191995,Increased
1305,Bitcoin,BTC,2016-11-23 23:59:59,752.25,738.9240112304688,751.7410278320312,744.593994140625,76543800.0,11916054234.5,2016,11,November,23,13.32598876953125,-7.14703369140625,-0.9507308270798785,Decreased
1306,Bitcoin,BTC,2016-11-24 23:59:59,746.8319702148438,733.489990234375,744.6199951171875,740.2890014648438,85919296.0,11848658575.0,2016,11,November,24,13.34197998046875,-4.33099365234375,-0.5816381081281793,Decreased
1307,Bitcoin,BTC,2016-11-25 23:59:59,741.6489868164062,734.5910034179688,740.4420166015625,741.6489868164062,67807600.0,11871816578.9,2016,11,November,25,7.0579833984375,1.20697021484375,0.16300671595912822,Increased
1308,Bitcoin,BTC,2016-11-26 23:59:59,742.2139892578125,729.625,741.510986328125,735.3820190429688,54962700.0,11772895898.9,2016,11,November,26,12.5889892578125,-6.12896728515625,-0.8265511095804762,Decreased
1309,Bitcoin,BTC,2016-11-27 23:59:59,739.0180053710938,731.0850219726562,735.43701171875,732.0349731445312,52601800.0,11720648986.8,2016,11,November,27,7.9329833984375,-3.40203857421875,-0.4625873487476555,Decreased
1310,Bitcoin,BTC,2016-11-28 23:59:59,738.0059814453125,732.4840087890625,732.4840087890625,735.81298828125,61888600.0,11782628755.0,2016,11,November,28,5.52197265625,3.3289794921875,0.4544781117735179,Increased
1311,Bitcoin,BTC,2016-11-29 23:59:59,737.4710083007812,734.5590209960938,736.3289794921875,735.60400390625,68511104.0,11780661279.8,2016,11,November,29,2.9119873046875,-0.7249755859375,-0.098458108553256,Decreased
1312,Bitcoin,BTC,2016-11-30 23:59:59,747.9290161132812,736.2650146484375,736.2839965820312,745.6909790039062,84070800.0,11943536630.3,2016,11,November,30,11.66400146484375,9.406982421875,1.2776296192154089,Increased
1313,Bitcoin,BTC,2016-12-01 23:59:59,758.2750244140625,746.0460205078125,746.0460205078125,756.7739868164062,80461904.0,12122431239.0,2016,12,December,1,12.22900390625,10.72796630859375,1.4379764804980162,Increased
1314,Bitcoin,BTC,2016-12-02 23:59:59,781.2960205078125,757.5449829101562,757.5449829101562,777.9439697265625,127605000.0,12462935160.4,2016,12,December,2,23.75103759765625,20.39898681640625,2.6927756472021334,Increased
1315,Bitcoin,BTC,2016-12-03 23:59:59,778.2479858398438,764.8560180664062,778.2479858398438,771.155029296875,69547296.0,12355811708.6,2016,12,December,3,13.3919677734375,-7.09295654296875,-0.911400565375625,Decreased
1316,Bitcoin,BTC,2016-12-04 23:59:59,773.8720092773438,768.1610107421875,771.6380004882812,773.8720092773438,60557900.0,12400766376.1,2016,12,December,4,5.71099853515625,2.2340087890625,0.28951513373484095,Increased
1317,Bitcoin,BTC,2016-12-05 23:59:59,773.468017578125,751.7130126953125,773.3939819335938,758.7000122070312,106363000.0,12159115875.0,2016,12,December,5,21.7550048828125,-14.6939697265625,-1.899933290122779,Decreased
1318,Bitcoin,BTC,2016-12-06 23:59:59,765.6220092773438,758.719970703125,758.719970703125,764.2239990234375,116218000.0,12249086970.7,2016,12,December,6,6.90203857421875,5.5040283203125,0.725436067698571,Increased
1319,Bitcoin,BTC,2016-12-07 23:59:59,771.5430297851562,759.75,764.2109985351562,768.1320190429688,96426096.0,12313376413.9,2016,12,December,7,11.79302978515625,3.9210205078125,0.5130808788840168,Increased
1320,Bitcoin,BTC,2016-12-08 23:59:59,774.697998046875,765.9459838867188,768.0759887695312,770.8099975585938,80111904.0,12357837892.8,2016,12,December,8,8.75201416015625,2.7340087890625,0.35595550818382193,Increased
1321,Bitcoin,BTC,2016-12-09 23:59:59,774.5280151367188,769.6489868164062,769.9439697265625,772.7940063476562,68705296.0,12390863076.9,2016,12,December,9,4.8790283203125,2.85003662109375,0.370161561510237,Increased
1322,Bitcoin,BTC,2016-12-10 23:59:59,777.0919799804688,772.9099731445312,773.0230102539062,774.6500244140625,53843100.0,12421967469.5,2016,12,December,10,4.1820068359375,1.62701416015625,0.21047422115181832,Increased
1323,Bitcoin,BTC,2016-12-11 23:59:59,774.7979736328125,765.4119873046875,774.7520141601562,769.7310180664062,57313400.0,12344888048.2,2016,12,December,11,9.385986328125,-5.02099609375,-0.6480778367763059,Decreased
1324,Bitcoin,BTC,2016-12-12 23:59:59,781.9219970703125,770.0399780273438,770.0399780273438,780.0869750976562,76571000.0,12512497969.1,2016,12,December,12,11.88201904296875,10.0469970703125,1.3047370730089205,Increased
1325,Bitcoin,BTC,2016-12-13 23:59:59,788.4600219726562,777.9619750976562,780.64697265625,780.5560302734375,81645600.0,12521776921.5,2016,12,December,13,10.498046875,-0.0909423828125,-0.011649617048159047,Decreased
1326,Bitcoin,BTC,2016-12-14 23:59:59,782.0339965820312,776.8389892578125,780.0050048828125,781.4810180664062,75979000.0,12534369129.2,2016,12,December,14,5.19500732421875,1.47601318359375,0.18923124522970278,Increased
1327,Bitcoin,BTC,2016-12-15 23:59:59,781.4349975585938,777.802001953125,780.0700073242188,778.0880126953125,81580096.0,12484761984.5,2016,12,December,15,3.63299560546875,-1.98199462890625,-0.25407907114706924,Decreased
1328,Bitcoin,BTC,2016-12-16 23:59:59,785.031982421875,778.9630126953125,778.9630126953125,784.906982421875,83608200.0,12595490538.6,2016,12,December,16,6.0689697265625,5.9439697265625,0.7630618693942345,Increased
1329,Bitcoin,BTC,2016-12-17 23:59:59,792.5089721679688,784.864013671875,785.166015625,790.8289794921875,78989800.0,12691945028.0,2016,12,December,17,7.64495849609375,5.6629638671875,0.7212441387544931,Increased
1330,Bitcoin,BTC,2016-12-18 23:59:59,794.7369995117188,788.0260009765625,791.0079956054688,790.530029296875,60524400.0,12688510067.6,2016,12,December,18,6.71099853515625,-0.47796630859375,-0.060424965518571745,Decreased
1331,Bitcoin,BTC,2016-12-19 23:59:59,793.6110229492188,790.3200073242188,790.6920166015625,792.7139892578125,74886400.0,37415031060.8,2016,12,December,19,3.291015625,2.02197265625,0.2557219010431583,Increased
1332,Bitcoin,BTC,2016-12-20 23:59:59,801.3369750976562,791.4970092773438,792.2470092773438,800.8759765625,99629296.0,12857473133.5,2016,12,December,20,9.8399658203125,8.62896728515625,1.0891763785927386,Increased
1333,Bitcoin,BTC,2016-12-21 23:59:59,834.281005859375,799.405029296875,800.6439819335938,834.281005859375,155576000.0,13395445163.3,2016,12,December,21,34.8759765625,33.63702392578125,4.2012460825030145,Increased
1334,Bitcoin,BTC,2016-12-22 23:59:59,875.781982421875,834.1489868164062,834.1799926757812,864.5399780273438,200027008.0,13882988216.0,2016,12,December,22,41.63299560546875,30.3599853515625,3.639500541625007,Increased
1335,Bitcoin,BTC,2016-12-23 23:59:59,925.1170043945312,864.677001953125,864.8880004882812,921.9840087890624,275564000.0,14807189351.8,2016,12,December,23,60.44000244140625,57.096008300781136,6.601549364605244,Increased
1336,Bitcoin,BTC,2016-12-24 23:59:59,923.47900390625,886.3350219726562,922.1799926757812,898.822021484375,137727008.0,14436754926.6,2016,12,December,24,37.14398193359375,-23.35797119140625,-2.5329080414801854,Decreased
1337,Bitcoin,BTC,2016-12-25 23:59:59,899.6519775390625,862.4240112304688,899.6519775390625,896.1829833984375,143664992.0,14396194093.7,2016,12,December,25,37.22796630859375,-3.468994140625,-0.38559289894679055,Decreased
1338,Bitcoin,BTC,2016-12-26 23:59:59,913.1840209960938,896.8980102539062,896.905029296875,907.6099853515624,123771000.0,14581389977.0,2016,12,December,26,16.2860107421875,10.704956054687386,1.193543987938109,Increased
1339,Bitcoin,BTC,2016-12-27 23:59:59,940.0479736328124,904.2550048828124,908.35400390625,933.197998046875,167308000.0,14994286713.1,2016,12,December,27,35.79296875,24.843994140625,2.735056380418522,Increased
1340,Bitcoin,BTC,2016-12-28 23:59:59,975.9210205078124,934.8309936523438,934.8309936523438,975.9210205078124,236630000.0,15682769404.8,2016,12,December,28,41.090026855468636,41.090026855468636,4.395449780171676,Increased
1341,Bitcoin,BTC,2016-12-29 23:59:59,979.39697265625,954.5029907226562,975.125,973.4970092773438,199320000.0,15645617392.3,2016,12,December,29,24.89398193359375,-1.62799072265625,-0.16695200334892962,Decreased
1342,Bitcoin,BTC,2016-12-30 23:59:59,972.5349731445312,934.8330078125,972.5349731445312,961.2379760742188,187474000.0,15450507054.9,2016,12,December,30,37.70196533203125,-11.2969970703125,-1.1616031692706665,Decreased
1343,Bitcoin,BTC,2016-12-31 23:59:59,963.7429809570312,947.2360229492188,960.6270141601562,963.7429809570312,99135104.0,15492554222.2,2016,12,December,31,16.5069580078125,3.115966796875,0.32436801702887613,Increased
1344,Bitcoin,BTC,2017-01-01 23:59:59,1003.0800170898438,958.698974609375,963.6580200195312,998.3250122070312,147775008.0,16050407460.5,2017,1,January,1,44.38104248046875,34.6669921875,3.597437209809905,Increased
1345,Bitcoin,BTC,2017-01-02 23:59:59,1031.3900146484375,996.7020263671876,998.6170043945312,1021.75,222184992.0,16429024775.0,2017,1,January,2,34.687988281249886,23.13299560546875,2.316503274395418,Increased
1346,Bitcoin,BTC,2017-01-03 23:59:59,1044.0799560546875,1021.5999755859376,1021.5999755859376,1043.8399658203125,185168000.0,16786368910.1,2017,1,January,3,22.479980468749886,22.239990234374886,2.1769763866350096,Increased
1347,Bitcoin,BTC,2017-01-04 23:59:59,1159.4200439453125,1044.4000244140625,1044.4000244140625,1154.72998046875,344945984.0,18571869009.0,2017,1,January,4,115.02001953125,110.3299560546875,10.563955713864107,Increased
1348,Bitcoin,BTC,2017-01-05 23:59:59,1191.0999755859375,910.4169921875,1156.72998046875,1013.3800048828124,510199008.0,16300254795.1,2017,1,January,5,280.6829833984375,-143.3499755859376,-12.392691294112293,Decreased
1349,Bitcoin,BTC,2017-01-06 23:59:59,1046.81005859375,883.9439697265625,1014.239990234375,902.2009887695312,351876000.0,14513695758.4,2017,1,January,6,162.8660888671875,-112.03900146484375,-11.046596717109654,Decreased
1350,Bitcoin,BTC,2017-01-07 23:59:59,908.5850219726562,823.5560302734375,903.4869995117188,908.5850219726562,279550016.0,14618030536.4,2017,1,January,7,85.02899169921875,5.0980224609375,0.5642607435073974,Increased
1351,Bitcoin,BTC,2017-01-08 23:59:59,942.7239990234376,887.2490234375,908.1749877929688,911.198974609375,158715008.0,14661966429.1,2017,1,January,8,55.474975585937614,3.02398681640625,0.33297402560657285,Increased
1352,Bitcoin,BTC,2017-01-09 23:59:59,913.6859741210938,879.8070068359375,913.2440185546876,902.8280029296876,141876992.0,14528815565.3,2017,1,January,9,33.87896728515625,-10.416015625,-1.1405512013628656,Decreased
1353,Bitcoin,BTC,2017-01-10 23:59:59,914.8729858398438,901.0599975585938,902.4400024414062,907.6790161132812,115808000.0,14608685049.4,2017,1,January,10,13.81298828125,5.239013671875,0.5805387236494052,Increased
1354,Bitcoin,BTC,2017-01-11 23:59:59,919.447998046875,762.7650146484375,908.114990234375,777.7570190429688,310928992.0,12519135995.7,2017,1,January,11,156.6829833984375,-130.35797119140625,-14.354786848938836,Decreased
1355,Bitcoin,BTC,2017-01-12 23:59:59,826.2459716796875,755.7559814453125,775.177978515625,804.833984375,222326000.0,12956730411.3,2017,1,January,12,70.489990234375,29.656005859375,3.8257028297118008,Increased
1356,Bitcoin,BTC,2017-01-13 23:59:59,829.0009765625,780.0029907226562,803.7369995117188,823.9840087890625,168968000.0,13266554392.0,2017,1,January,13,48.99798583984375,20.24700927734375,2.5191087743433593,Increased
1357,Bitcoin,BTC,2017-01-14 23:59:59,835.0850219726562,812.4559936523438,825.1420288085938,818.4119873046875,93063296.0,13178601991.8,2017,1,January,14,22.6290283203125,-6.73004150390625,-0.8156221921726159,Decreased
1358,Bitcoin,BTC,2017-01-15 23:59:59,823.3070068359375,812.8709716796875,818.1420288085938,821.7979736328125,71013600.0,13234840657.1,2017,1,January,15,10.43603515625,3.65594482421875,0.4468594321627335,Increased
1359,Bitcoin,BTC,2017-01-16 23:59:59,834.530029296875,820.27099609375,821.7830200195312,831.5339965820312,82755200.0,13393372619.5,2017,1,January,16,14.259033203125,9.7509765625,1.1865634023769742,Increased
1360,Bitcoin,BTC,2017-01-17 23:59:59,910.5609741210938,830.7960205078125,830.9459838867188,907.93798828125,155095008.0,14625779851.2,2017,1,January,17,79.76495361328125,76.99200439453125,9.265584753704932,Increased
1361,Bitcoin,BTC,2017-01-18 23:59:59,917.4990234375,858.3040161132812,909.3729858398438,886.6179809570312,225676992.0,14284036612.6,2017,1,January,18,59.19500732421875,-22.7550048828125,-2.5022741204256587,Decreased
1362,Bitcoin,BTC,2017-01-19 23:59:59,904.614013671875,884.3380126953125,888.3350219726562,899.072998046875,105625000.0,14486616700.1,2017,1,January,19,20.2760009765625,10.73797607421875,1.2087754967009816,Increased
1363,Bitcoin,BTC,2017-01-20 23:59:59,899.3980102539062,887.0079956054688,898.1719970703125,895.0260009765625,86728400.0,14423545370.8,2017,1,January,20,12.3900146484375,-3.14599609375,-0.35026655295552694,Decreased
1364,Bitcoin,BTC,2017-01-21 23:59:59,927.3670043945312,895.5349731445312,895.5490112304688,921.7890014648438,111158000.0,14856911162.8,2017,1,January,21,31.83203125,26.239990234375,2.930045134919161,Increased
1365,Bitcoin,BTC,2017-01-22 23:59:59,937.5250244140624,897.5640258789062,922.2050170898438,924.6729736328124,116573000.0,14905439337.4,2017,1,January,22,39.960998535156136,2.4679565429686363,0.2676147382885254,Increased
1366,Bitcoin,BTC,2017-01-23 23:59:59,928.2659912109376,916.7379760742188,925.4990234375,921.0120239257812,73588600.0,14848013908.9,2017,1,January,23,11.528015136718864,-4.48699951171875,-0.48481947555742205,Decreased
1367,Bitcoin,BTC,2017-01-24 23:59:59,924.14501953125,892.2860107421875,910.677001953125,892.68701171875,111349000.0,14393026385.0,2017,1,January,24,31.8590087890625,-17.989990234375,-1.9754523498223788,Decreased
1368,Bitcoin,BTC,2017-01-25 23:59:59,903.2520141601562,891.68701171875,891.9240112304688,901.5419921875,120831000.0,14537488261.3,2017,1,January,25,11.56500244140625,9.61798095703125,1.0783408492123228,Increased
1369,Bitcoin,BTC,2017-01-26 23:59:59,919.3259887695312,902.2239990234376,902.39501953125,917.5859985351562,131958000.0,14797955301.3,2017,1,January,26,17.101989746093636,15.19097900390625,1.6834067869520402,Increased
1370,Bitcoin,BTC,2017-01-27 23:59:59,923.2230224609376,915.8460083007812,918.3590087890624,919.75,125594000.0,14834831700.0,2017,1,January,27,7.377014160156364,1.3909912109376137,0.1514648626109476,Increased
1371,Bitcoin,BTC,2017-01-28 23:59:59,923.9110107421876,919.8109741210938,919.8109741210938,921.5900268554688,68979600.0,14866260449.0,2017,1,January,28,4.100036621093864,1.779052734375,0.19341503683133776,Increased
1372,Bitcoin,BTC,2017-01-29 23:59:59,923.4180297851562,919.1480102539062,922.0670166015624,919.4959716796876,60851700.0,14834377926.4,2017,1,January,29,4.27001953125,-2.5710449218747726,-0.27883493017143196,Decreased
1373,Bitcoin,BTC,2017-01-30 23:59:59,923.0479736328124,919.4739990234376,920.1510009765624,920.3820190429688,78227296.0,14850351605.0,2017,1,January,30,3.5739746093747726,0.2310180664063637,0.025106538618246646,Increased
1374,Bitcoin,BTC,2017-01-31 23:59:59,972.0189819335938,920.958984375,920.958984375,970.4030151367188,164582000.0,15659186515.2,2017,1,January,31,51.05999755859375,49.44403076171875,5.3687549174921685,Increased
1375,Bitcoin,BTC,2017-02-01 23:59:59,989.114013671875,970.7420043945312,970.9409790039062,989.0230102539062,150110000.0,15962015276.0,2017,2,February,1,18.37200927734375,18.08203125,1.8623203305880094,Increased
1376,Bitcoin,BTC,2017-02-02 23:59:59,1013.52001953125,983.2210083007812,990.0009765625,1011.7999877929688,145820992.0,16331615570.0,2017,2,February,2,30.29901123046875,21.79901123046875,2.201918154278967,Increased
1377,Bitcoin,BTC,2017-02-03 23:59:59,1033.8699951171875,1008.7899780273438,1011.4600219726562,1029.9100341796875,201278000.0,16625849488.9,2017,2,February,3,25.08001708984375,18.45001220703125,1.824097028674261,Increased
1378,Bitcoin,BTC,2017-02-04 23:59:59,1045.9000244140625,1015.1599731445312,1031.3299560546875,1042.9000244140625,155064000.0,16837411920.0,2017,2,February,4,30.74005126953125,11.570068359375,1.1218590414687308,Increased
1379,Bitcoin,BTC,2017-02-05 23:59:59,1043.6300048828125,1022.3699951171876,1043.52001953125,1027.3399658203125,114208000.0,16588240156.6,2017,2,February,5,21.260009765624886,-16.1800537109375,-1.5505264305523907,Decreased
1380,Bitcoin,BTC,2017-02-06 23:59:59,1044.6400146484375,1028.1600341796875,1028.4000244140625,1038.1500244140625,111762000.0,16764422010.3,2017,2,February,6,16.47998046875,9.75,0.9480746566060346,Increased
1381,Bitcoin,BTC,2017-02-07 23:59:59,1061.9300537109375,1040.1400146484375,1040.1400146484375,1061.3499755859375,146007008.0,17141080573.7,2017,2,February,7,21.7900390625,21.2099609375,2.0391447919315815,Increased
1382,Bitcoin,BTC,2017-02-08 23:59:59,1078.969970703125,1037.489990234375,1062.3199462890625,1063.0699462890625,201855008.0,17170799127.1,2017,2,February,8,41.47998046875,0.75,0.07060019936742497,Increased
1383,Bitcoin,BTC,2017-02-09 23:59:59,1088.989990234375,953.343994140625,1064.699951171875,994.3829956054688,407220000.0,16063448931.6,2017,2,February,9,135.64599609375,-70.31695556640625,-6.60439173393509,Decreased
1384,Bitcoin,BTC,2017-02-10 23:59:59,998.905029296875,946.6909790039062,995.6320190429688,988.6740112304688,190452000.0,15973053724.9,2017,2,February,10,52.21405029296875,-6.9580078125,-0.698853359415685,Decreased
1385,Bitcoin,BTC,2017-02-11 23:59:59,1009.2899780273438,982.8300170898438,988.8980102539062,1004.4500122070312,102261000.0,16229677098.8,2017,2,February,11,26.4599609375,15.552001953125,1.572659848828285,Increased
1386,Bitcoin,BTC,2017-02-12 23:59:59,1004.760009765625,996.9210205078124,1003.52001953125,999.1810302734376,67530000.0,16146290349.0,2017,2,February,12,7.838989257812614,-4.338989257812386,-0.43237695047071933,Decreased
1387,Bitcoin,BTC,2017-02-13 23:59:59,1002.0999755859376,976.0020141601562,998.885009765625,990.6420288085938,100607000.0,16010322102.8,2017,2,February,13,26.097961425781364,-8.24298095703125,-0.8252182059439809,Decreased
1388,Bitcoin,BTC,2017-02-14 23:59:59,1011.510009765625,986.4710083007812,991.7349853515624,1004.5499877929688,137946000.0,16237219721.2,2017,2,February,14,25.03900146484375,12.815002441406364,1.29218013185887,Increased
1389,Bitcoin,BTC,2017-02-15 23:59:59,1008.8400268554688,1001.5800170898438,1006.2100219726562,1007.47998046875,89759400.0,16286329281.8,2017,2,February,15,7.260009765625,1.26995849609375,0.12621206988219216,Increased
1390,Bitcoin,BTC,2017-02-16 23:59:59,1033.3699951171875,1007.6500244140624,1007.6500244140624,1027.43994140625,122277000.0,16610905026.0,2017,2,February,16,25.719970703125114,19.789916992187614,1.9639673014145203,Increased
1391,Bitcoin,BTC,2017-02-17 23:59:59,1053.1700439453125,1025.6400146484375,1026.1199951171875,1046.2099609375,136474000.0,16916338976.0,2017,2,February,17,27.530029296875,20.0899658203125,1.9578573574154097,Increased
1392,Bitcoin,BTC,2017-02-18 23:59:59,1061.0999755859375,1046.9599609375,1049.2099609375,1054.4200439453125,99073504.0,17051064833.5,2017,2,February,18,14.1400146484375,5.2100830078125,0.4965720114930226,Increased
1393,Bitcoin,BTC,2017-02-19 23:59:59,1056.81005859375,1043.4599609375,1054.760009765625,1047.8699951171875,77423296.0,16946913345.7,2017,2,February,19,13.35009765625,-6.8900146484375,-0.6532305533624193,Decreased
1394,Bitcoin,BTC,2017-02-20 23:59:59,1080.489990234375,1041.68994140625,1048.68994140625,1079.97998046875,109478000.0,17468244508.0,2017,2,February,20,38.800048828125,31.2900390625,2.983726440680965,Increased
1395,Bitcoin,BTC,2017-02-21 23:59:59,1117.25,1076.9300537109375,1079.280029296875,1115.300048828125,186868992.0,18041455272.5,2017,2,February,21,40.3199462890625,36.02001953125,3.3374118443307226,Increased
1396,Bitcoin,BTC,2017-02-22 23:59:59,1125.3900146484375,1100.550048828125,1114.800048828125,1117.43994140625,136100000.0,18077985665.3,2017,2,February,22,24.8399658203125,2.639892578125,0.23680413190688754,Increased
1397,Bitcoin,BTC,2017-02-23 23:59:59,1176.6199951171875,1116.9599609375,1117.27001953125,1166.719970703125,189454000.0,18877442096.0,2017,2,February,23,59.6600341796875,49.449951171875,4.425962417985734,Increased
1398,Bitcoin,BTC,2017-02-24 23:59:59,1200.3900146484375,1131.9599609375,1172.7099609375,1173.6800537109375,330759008.0,18992415818.2,2017,2,February,24,68.4300537109375,0.9700927734375,0.08272231035387287,Increased
1399,Bitcoin,BTC,2017-02-25 23:59:59,1174.8499755859375,1124.5899658203125,1170.4100341796875,1143.8399658203125,139960992.0,18511906560.0,2017,2,February,25,50.260009765625,-26.570068359375,-2.2701504245046333,Decreased
1400,Bitcoin,BTC,2017-02-26 23:59:59,1167.469970703125,1130.199951171875,1144.27001953125,1165.199951171875,116486000.0,18860247630.0,2017,2,February,26,37.27001953125,20.929931640625,1.8291077528360782,Increased
1401,Bitcoin,BTC,2017-02-27 23:59:59,1181.97998046875,1163.3800048828125,1163.780029296875,1179.969970703125,131570000.0,19101427518.1,2017,2,February,27,18.5999755859375,16.18994140625,1.3911513343317579,Increased
1402,Bitcoin,BTC,2017-02-28 23:59:59,1193.25,1171.8199462890625,1180.719970703125,1179.969970703125,184956000.0,19103684800.8,2017,2,February,28,21.4300537109375,-0.75,-0.06352056529994754,Decreased
1403,Bitcoin,BTC,2017-03-01 23:59:59,1222.5,1179.68994140625,1180.0400390625,1222.5,229056992.0,19794459607.5,2017,3,March,1,42.81005859375,42.4599609375,3.5981796830582913,Increased
1404,Bitcoin,BTC,2017-03-02 23:59:59,1262.1300048828125,1215.6199951171875,1224.6800537109375,1251.010009765625,368275008.0,20258543187.5,2017,3,March,2,46.510009765625,26.3299560546875,2.1499456919302604,Increased
1405,Bitcoin,BTC,2017-03-03 23:59:59,1280.31005859375,1250.7099609375,1250.7099609375,1274.989990234375,315739008.0,20649259918.8,2017,3,March,3,29.60009765625,24.280029296875,1.9412997461597983,Increased
1406,Bitcoin,BTC,2017-03-04 23:59:59,1279.4000244140625,1230.510009765625,1277.4300537109375,1255.1500244140625,183270000.0,20329978337.5,2017,3,March,4,48.8900146484375,-22.280029296875,-1.7441290998400625,Decreased
1407,Bitcoin,BTC,2017-03-05 23:59:59,1267.2900390625,1238.06005859375,1254.2900390625,1267.1199951171875,134127000.0,20526235270.0,2017,3,March,5,29.22998046875,12.8299560546875,1.0228859079736499,Increased
1408,Bitcoin,BTC,2017-03-06 23:59:59,1276.0,1264.5999755859375,1267.469970703125,1272.8299560546875,153656992.0,20620991547.0,2017,3,March,6,11.4000244140625,5.3599853515625,0.4228885476938807,Increased
1409,Bitcoin,BTC,2017-03-07 23:59:59,1275.550048828125,1204.800048828125,1273.2099609375,1223.5400390625,291256000.0,19824773912.0,2017,3,March,7,70.75,-49.669921875,-3.9011571852946116,Decreased
1410,Bitcoin,BTC,2017-03-08 23:59:59,1232.1600341796875,1148.0799560546875,1223.22998046875,1150.0,332603008.0,18635275050.0,2017,3,March,8,84.080078125,-73.22998046875,-5.986607722015428,Decreased
1411,Bitcoin,BTC,2017-03-09 23:59:59,1197.4599609375,1141.22998046875,1150.3499755859375,1188.489990234375,212283008.0,19261188310.1,2017,3,March,9,56.22998046875,38.1400146484375,3.315514013812245,Increased
1412,Bitcoin,BTC,2017-03-10 23:59:59,1270.469970703125,1077.25,1189.3599853515625,1116.719970703125,563795968.0,18100188612.0,2017,3,March,10,193.219970703125,-72.6400146484375,-6.107487686073941,Decreased
1413,Bitcoin,BTC,2017-03-11 23:59:59,1193.8299560546875,1116.3199462890625,1116.3199462890625,1175.8299560546875,283320000.0,19060468861.8,2017,3,March,11,77.510009765625,59.510009765625,5.330909831312406,Increased
1414,Bitcoin,BTC,2017-03-12 23:59:59,1226.97998046875,1175.3599853515625,1176.6199951171875,1221.3800048828125,227176000.0,19801195767.0,2017,3,March,12,51.6199951171875,44.760009765625,3.8041177229158887,Increased
1415,Bitcoin,BTC,2017-03-13 23:59:59,1237.3699951171875,1217.030029296875,1221.780029296875,1231.9200439453125,380276992.0,19974334865.0,2017,3,March,13,20.3399658203125,10.1400146484375,0.8299378288473908,Increased
1416,Bitcoin,BTC,2017-03-14 23:59:59,1244.81005859375,1220.719970703125,1232.1600341796875,1240.0,245306000.0,20107761880.0,2017,3,March,14,24.090087890625,7.8399658203125,0.636278210852048,Increased
1417,Bitcoin,BTC,2017-03-15 23:59:59,1251.6099853515625,1239.75,1240.1600341796875,1249.6099853515625,297804992.0,20265831337.2,2017,3,March,15,11.8599853515625,9.449951171875,0.7619944935675771,Increased
1418,Bitcoin,BTC,2017-03-16 23:59:59,1257.97998046875,1152.43994140625,1251.3299560546875,1187.81005859375,638568000.0,19265847025.0,2017,3,March,16,105.5400390625,-63.5198974609375,-5.076190908208503,Decreased
1419,Bitcoin,BTC,2017-03-17 23:59:59,1180.1600341796875,1099.5699462890625,1180.1600341796875,1100.22998046875,706598976.0,17847435956.5,2017,3,March,17,80.590087890625,-79.9300537109375,-6.772814821381047,Decreased
1420,Bitcoin,BTC,2017-03-18 23:59:59,1114.0699462890625,957.655029296875,1099.68994140625,973.8179931640624,621302016.0,15798760668.4,2017,3,March,18,156.4149169921875,-125.87194824218761,-11.446130723104224,Decreased
1421,Bitcoin,BTC,2017-03-19 23:59:59,1069.9100341796875,976.72998046875,976.72998046875,1036.739990234375,406648000.0,16821676707.0,2017,3,March,19,93.1800537109375,60.010009765625,6.14397130892052,Increased
1422,Bitcoin,BTC,2017-03-20 23:59:59,1063.030029296875,1036.6800537109375,1037.239990234375,1054.22998046875,286529984.0,17107266418.3,2017,3,March,20,26.3499755859375,16.989990234375,1.6379999223261665,Increased
1423,Bitcoin,BTC,2017-03-21 23:59:59,1122.4300537109375,1055.3599853515625,1055.3599853515625,1120.5400390625,337391008.0,18185299687.0,2017,3,March,21,67.070068359375,65.1800537109375,6.176096745720813,Increased
1424,Bitcoin,BTC,2017-03-22 23:59:59,1120.6500244140625,1014.2100219726562,1120.6500244140625,1049.1400146484375,380840992.0,17028630158.2,2017,3,March,22,106.44000244140625,-71.510009765625,-6.381118833510432,Decreased
1425,Bitcoin,BTC,2017-03-23 23:59:59,1058.010009765625,1028.9300537109375,1050.050048828125,1038.5899658203125,248540000.0,16859314109.3,2017,3,March,23,29.0799560546875,-11.4600830078125,-1.0913844554935417,Decreased
1426,Bitcoin,BTC,2017-03-24 23:59:59,1040.469970703125,934.3579711914062,1038.449951171875,937.52001953125,491038016.0,15220718764.2,2017,3,March,24,106.11199951171875,-100.929931640625,-9.719287051506633,Decreased
1427,Bitcoin,BTC,2017-03-25 23:59:59,975.760986328125,903.7130126953124,936.5399780273438,972.7789916992188,435803008.0,15794781101.6,2017,3,March,25,72.04797363281261,36.239013671875,3.869457206536563,Increased
1428,Bitcoin,BTC,2017-03-26 23:59:59,1007.9600219726562,954.1859741210938,974.0150146484376,966.7249755859376,303668000.0,15698465530.7,2017,3,March,26,53.7740478515625,-7.2900390625,-0.7484524317247078,Decreased
1429,Bitcoin,BTC,2017-03-27 23:59:59,1046.4000244140625,971.9840087890624,972.0549926757812,1045.77001953125,372535008.0,16983801540.8,2017,3,March,27,74.41601562500011,73.71502685546875,7.583421453610663,Increased
1430,Bitcoin,BTC,2017-03-28 23:59:59,1064.6500244140625,1027.72998046875,1044.5799560546875,1047.1500244140625,326332000.0,17008241725.8,2017,3,March,28,36.9200439453125,2.570068359375,0.2460384525356954,Increased
1431,Bitcoin,BTC,2017-03-29 23:59:59,1055.1300048828125,1015.8800048828124,1046.0799560546875,1039.969970703125,298457984.0,16893415155.9,2017,3,March,29,39.250000000000114,-6.1099853515625,-0.5840839714209264,Decreased
1432,Bitcoin,BTC,2017-03-30 23:59:59,1049.2900390625,1020.0399780273438,1042.2099609375,1026.4300537109375,352968992.0,16675587066.0,2017,3,March,30,29.25006103515625,-15.7799072265625,-1.5140814056668568,Decreased
1433,Bitcoin,BTC,2017-03-31 23:59:59,1074.9200439453125,1026.6400146484375,1026.6400146484375,1071.7900390625,447287008.0,17414322807.7,2017,3,March,31,48.280029296875,45.1500244140625,4.39784381768167,Increased
1434,Bitcoin,BTC,2017-04-01 23:59:59,1091.719970703125,1061.0899658203125,1071.7099609375,1080.5,289633984.0,17557597716.0,2017,4,April,1,30.6300048828125,8.7900390625,0.820188239625088,Increased
1435,Bitcoin,BTC,2017-04-02 23:59:59,1107.5899658203125,1075.449951171875,1080.6099853515625,1102.1700439453125,514187008.0,17911915755.0,2017,4,April,2,32.1400146484375,21.56005859375,1.9951748443945494,Increased
1436,Bitcoin,BTC,2017-04-03 23:59:59,1151.739990234375,1102.949951171875,1102.949951171875,1143.81005859375,580444032.0,18591158322.7,2017,4,April,3,48.7900390625,40.860107421875,3.7046202666278267,Increased
1437,Bitcoin,BTC,2017-04-04 23:59:59,1156.43994140625,1120.52001953125,1145.52001953125,1133.25,436310016.0,18421262062.5,2017,4,April,4,35.919921875,-12.27001953125,-1.071130955552477,Decreased
1438,Bitcoin,BTC,2017-04-05 23:59:59,1135.0899658203125,1113.6300048828125,1134.1400146484375,1124.780029296875,414784000.0,18285857774.5,2017,4,April,5,21.4599609375,-9.3599853515625,-0.8252936348836896,Decreased
1439,Bitcoin,BTC,2017-04-06 23:59:59,1188.3699951171875,1125.81005859375,1125.81005859375,1182.6800537109375,511222016.0,19229356147.2,2017,4,April,6,62.5599365234375,56.8699951171875,5.051473353171479,Increased
1440,Bitcoin,BTC,2017-04-07 23:59:59,1186.5799560546875,1163.3900146484375,1178.93994140625,1176.9000244140625,317022016.0,19137747435.0,2017,4,April,7,23.18994140625,-2.0399169921875,-0.17302976348008609,Decreased
1441,Bitcoin,BTC,2017-04-08 23:59:59,1184.97998046875,1162.5799560546875,1172.6500244140625,1175.949951171875,209312000.0,19124327856.2,2017,4,April,8,22.4000244140625,3.2999267578125,0.2814076398848303,Increased
1442,Bitcoin,BTC,2017-04-09 23:59:59,1197.2099609375,1171.8599853515625,1176.5699462890625,1187.8699951171875,242343008.0,19320511927.2,2017,4,April,9,25.3499755859375,11.300048828125,0.960423038491311,Increased
1443,Bitcoin,BTC,2017-04-10 23:59:59,1190.3399658203125,1179.0400390625,1187.300048828125,1187.1300048828125,215883008.0,19310642460.1,2017,4,April,10,11.2999267578125,-0.1700439453125,-0.014321901652436953,Decreased
1444,Bitcoin,BTC,2017-04-11 23:59:59,1208.0699462890625,1187.4599609375,1187.4599609375,1205.010009765625,216182000.0,19604036562.8,2017,4,April,11,20.6099853515625,17.550048828125,1.4779486808354558,Increased
1445,Bitcoin,BTC,2017-04-12 23:59:59,1207.1400146484375,1196.760009765625,1204.81005859375,1200.3699951171875,288702016.0,19530680103.5,2017,4,April,12,10.3800048828125,-4.4400634765625,-0.36852808829841,Decreased
1446,Bitcoin,BTC,2017-04-13 23:59:59,1205.8900146484375,1156.43994140625,1201.02001953125,1169.280029296875,351968992.0,19026699552.0,2017,4,April,13,49.4500732421875,-31.739990234375,-2.6427528033015553,Decreased
1447,Bitcoin,BTC,2017-04-14 23:59:59,1190.800048828125,1159.7900390625,1170.3299560546875,1167.5400390625,254827008.0,19000400017.5,2017,4,April,14,31.010009765625,-2.7899169921875,-0.23838721531085305,Decreased
1448,Bitcoin,BTC,2017-04-15 23:59:59,1188.0,1164.9599609375,1167.300048828125,1172.52001953125,203559008.0,19083656460.2,2017,4,April,15,23.0400390625,5.219970703125,0.44718328491165826,Increased
1449,Bitcoin,BTC,2017-04-16 23:59:59,1187.219970703125,1172.6099853515625,1172.6099853515625,1182.93994140625,183231008.0,19255408765.8,2017,4,April,16,14.6099853515625,10.3299560546875,0.8809370706143574,Increased
1450,Bitcoin,BTC,2017-04-17 23:59:59,1194.9000244140625,1172.6500244140625,1183.25,1193.9100341796875,253206000.0,19436033389.9,2017,4,April,17,22.25,10.6600341796875,0.9009114033118529,Increased
1451,Bitcoin,BTC,2017-04-18 23:59:59,1217.5699462890625,1193.77001953125,1193.77001953125,1211.6700439453125,270524000.0,19727334977.0,2017,4,April,18,23.7999267578125,17.9000244140625,1.4994533386833744,Increased
1452,Bitcoin,BTC,2017-04-19 23:59:59,1215.510009765625,1205.0799560546875,1212.1300048828125,1210.2900390625,288060992.0,19707045564.5,2017,4,April,19,10.4300537109375,-1.8399658203125,-0.15179607904272496,Decreased
1453,Bitcoin,BTC,2017-04-20 23:59:59,1240.7900390625,1208.4100341796875,1211.0799560546875,1229.0799560546875,315108000.0,20015137622.0,2017,4,April,20,32.3800048828125,18.0,1.486276765626463,Increased
1454,Bitcoin,BTC,2017-04-21 23:59:59,1235.93994140625,1215.56005859375,1229.4200439453125,1222.050048828125,272167008.0,19903192286.2,2017,4,April,21,20.3798828125,-7.3699951171875,-0.5994692500324433,Decreased
1455,Bitcoin,BTC,2017-04-22 23:59:59,1235.56005859375,1208.469970703125,1222.7099609375,1231.7099609375,249320000.0,20062753908.3,2017,4,April,22,27.090087890625,9.0,0.7360699010826202,Increased
1456,Bitcoin,BTC,2017-04-23 23:59:59,1232.199951171875,1203.93994140625,1231.9200439453125,1207.2099609375,258951008.0,19665994144.5,2017,4,April,23,28.260009765625,-24.7100830078125,-2.0058187322512167,Decreased
1457,Bitcoin,BTC,2017-04-24 23:59:59,1250.93994140625,1209.6300048828125,1209.6300048828125,1250.1500244140625,235806000.0,20367443800.0,2017,4,April,24,41.3099365234375,40.52001953125,3.3497862460162375,Increased
1458,Bitcoin,BTC,2017-04-25 23:59:59,1267.5799560546875,1249.969970703125,1250.449951171875,1265.489990234375,242556000.0,20619704236.5,2017,4,April,25,17.6099853515625,15.0400390625,1.2027701747203108,Increased
1459,Bitcoin,BTC,2017-04-26 23:59:59,1294.8299560546875,1265.9300537109375,1265.989990234375,1281.0799560546875,329631008.0,20876159410.0,2017,4,April,26,28.89990234375,15.0899658203125,1.191949852424889,Increased
1460,Bitcoin,BTC,2017-04-27 23:59:59,1319.699951171875,1281.300048828125,1281.8800048828125,1317.72998046875,449196992.0,21475836448.0,2017,4,April,27,38.39990234375,35.8499755859375,2.7966717203935834,Increased
1461,Bitcoin,BTC,2017-04-28 23:59:59,1331.280029296875,1292.3699951171875,1317.739990234375,1316.47998046875,527488992.0,21457669552.0,2017,4,April,28,38.9100341796875,-1.260009765625,-0.09561899729558128,Decreased
1462,Bitcoin,BTC,2017-04-29 23:59:59,1327.199951171875,1315.2099609375,1317.8399658203125,1321.7900390625,422705984.0,21547126640.2,2017,4,April,29,11.989990234375,3.9500732421875,0.2997384617735969,Increased
1463,Bitcoin,BTC,2017-04-30 23:59:59,1347.9100341796875,1314.9200439453125,1321.8699951171875,1347.8900146484375,413115008.0,21975104908.9,2017,4,April,30,32.989990234375,26.02001953125,1.968425006041782,Increased
1464,Bitcoin,BTC,2017-05-01 23:59:59,1434.3199462890625,1348.300048828125,1348.300048828125,1421.5999755859375,713624000.0,23179524919.2,2017,5,May,1,86.0198974609375,73.2999267578125,5.436469932751329,Increased
1465,Bitcoin,BTC,2017-05-02 23:59:59,1473.9000244140625,1415.68994140625,1421.030029296875,1452.8199462890625,477337984.0,23691443737.8,2017,5,May,2,58.2100830078125,31.7899169921875,2.2371038146123583,Increased
1466,Bitcoin,BTC,2017-05-03 23:59:59,1492.77001953125,1447.489990234375,1453.780029296875,1490.0899658203125,583795968.0,24301634925.3,2017,5,May,3,45.280029296875,36.3099365234375,2.497622459499523,Increased
1467,Bitcoin,BTC,2017-05-04 23:59:59,1608.9100341796875,1490.719970703125,1490.719970703125,1537.6700439453125,933548992.0,25080858486.5,2017,5,May,4,118.1900634765625,46.9500732421875,3.1494897878132435,Increased
1468,Bitcoin,BTC,2017-05-05 23:59:59,1618.030029296875,1530.31005859375,1540.8699951171875,1555.449951171875,946035968.0,25373374562.9,2017,5,May,5,87.719970703125,14.5799560546875,0.9462158456514467,Increased
1469,Bitcoin,BTC,2017-05-06 23:59:59,1578.800048828125,1542.5,1556.81005859375,1578.800048828125,582529984.0,25757608890.0,2017,5,May,6,36.300048828125,21.989990234375,1.4125030932956795,Increased
1470,Bitcoin,BTC,2017-05-07 23:59:59,1596.719970703125,1559.760009765625,1579.469970703125,1596.7099609375,1080029952.0,26053077974.8,2017,5,May,7,36.9599609375,17.239990234375,1.0915047803473183,Increased
1471,Bitcoin,BTC,2017-05-08 23:59:59,1723.3499755859375,1596.9200439453125,1596.9200439453125,1723.3499755859375,1340320000.0,28123369330.2,2017,5,May,8,126.429931640625,126.429931640625,7.9171109486652975,Increased
1472,Bitcoin,BTC,2017-05-09 23:59:59,1833.489990234375,1716.300048828125,1723.8900146484375,1755.3599853515625,1167920000.0,28649119972.3,2017,5,May,9,117.18994140625,31.469970703125,1.8255207951617984,Increased
1473,Bitcoin,BTC,2017-05-10 23:59:59,1788.43994140625,1719.0999755859375,1756.52001953125,1787.1300048828125,915723008.0,29170965564.0,2017,5,May,10,69.3399658203125,30.6099853515625,1.742649386924219,Increased
1474,Bitcoin,BTC,2017-05-11 23:59:59,1873.9300537109373,1755.3499755859375,1780.3699951171875,1848.5699462890625,799489984.0,30176934750.8,2017,5,May,11,118.58007812499977,68.199951171875,3.8306616803764966,Increased
1475,Bitcoin,BTC,2017-05-12 23:59:59,1856.1500244140625,1694.010009765625,1845.760009765625,1724.239990234375,740984000.0,28150631936.0,2017,5,May,12,162.1400146484375,-121.52001953125,-6.583738887412596,Decreased
1476,Bitcoin,BTC,2017-05-13 23:59:59,1812.989990234375,1651.0799560546875,1723.1199951171875,1804.9100341796875,579635008.0,29471223857.4,2017,5,May,13,161.9100341796875,81.7900390625,4.74662468628237,Increased
1477,Bitcoin,BTC,2017-05-14 23:59:59,1831.4200439453125,1776.6199951171875,1800.8599853515625,1808.9100341796875,437196000.0,29540290793.7,2017,5,May,14,54.800048828125,8.050048828125,0.4470113664363238,Increased
1478,Bitcoin,BTC,2017-05-15 23:59:59,1812.800048828125,1708.5400390625,1808.43994140625,1738.4300537109375,731529024.0,28392885375.4,2017,5,May,15,104.260009765625,-70.0098876953125,-3.8712862999958153,Decreased
1479,Bitcoin,BTC,2017-05-16 23:59:59,1785.93994140625,1686.5400390625,1741.699951171875,1734.449951171875,959044992.0,28330874003.4,2017,5,May,16,99.39990234375,-7.25,-0.4162599875553739,Decreased
1480,Bitcoin,BTC,2017-05-17 23:59:59,1864.050048828125,1661.9100341796875,1726.72998046875,1839.0899658203125,1064729984.0,30043626195.3,2017,5,May,17,202.1400146484375,112.3599853515625,6.507096455292939,Increased
1481,Bitcoin,BTC,2017-05-18 23:59:59,1904.47998046875,1807.1199951171875,1818.699951171875,1888.6500244140625,894321024.0,30856574835.0,2017,5,May,18,97.3599853515625,69.9500732421875,3.84615797658736,Increased
1482,Bitcoin,BTC,2017-05-19 23:59:59,2004.52001953125,1890.25,1897.3699951171875,1987.7099609375,1157289984.0,32479082014.5,2017,5,May,19,114.27001953125,90.3399658203125,4.761325732608775,Increased
1483,Bitcoin,BTC,2017-05-20 23:59:59,2084.72998046875,1974.9200439453125,1984.239990234375,2084.72998046875,961336000.0,34068630558.5,2017,5,May,20,109.8099365234375,100.489990234375,5.0644070641125065,Increased
1484,Bitcoin,BTC,2017-05-21 23:59:59,2119.080078125,2037.5,2067.030029296875,2041.199951171875,1147859968.0,33361091114.4,2017,5,May,21,81.580078125,-25.830078125,-1.2496227804579312,Decreased
1485,Bitcoin,BTC,2017-05-22 23:59:59,2303.89990234375,2017.8699951171875,2043.18994140625,2173.39990234375,1942220032.0,35525744380.0,2017,5,May,22,286.0299072265625,130.2099609375,6.372875976860058,Increased
1486,Bitcoin,BTC,2017-05-23 23:59:59,2320.820068359375,2178.5,2191.56005859375,2320.419921875,1378749952.0,37933704065.5,2017,5,May,23,142.320068359375,128.85986328125,5.879823497236714,Increased
1487,Bitcoin,BTC,2017-05-24 23:59:59,2523.719970703125,2321.3701171875,2321.3701171875,2443.639892578125,1725379968.0,39952841999.0,2017,5,May,24,202.349853515625,122.269775390625,5.267138337197313,Increased
1488,Bitcoin,BTC,2017-05-25 23:59:59,2763.7099609375,2285.300048828125,2446.239990234375,2304.97998046875,2406700032.0,37690456715.0,2017,5,May,25,478.409912109375,-141.260009765625,-5.774576915165664,Decreased
1489,Bitcoin,BTC,2017-05-26 23:59:59,2573.7900390625,2071.989990234375,2320.889892578125,2202.419921875,1763480064.0,36017660893.5,2017,5,May,26,501.800048828125,-118.469970703125,-5.104506296570771,Decreased
1490,Bitcoin,BTC,2017-05-27 23:59:59,2260.199951171875,1855.8299560546875,2196.27001953125,2038.8699951171875,1700480000.0,33347170525.4,2017,5,May,27,404.3699951171875,-157.4000244140625,-7.166697310181213,Decreased
1491,Bitcoin,BTC,2017-05-28 23:59:59,2267.340087890625,2054.080078125,2054.080078125,2155.800048828125,1147139968.0,35264171109.6,2017,5,May,28,213.260009765625,101.719970703125,4.952093727328136,Increased
1492,Bitcoin,BTC,2017-05-29 23:59:59,2307.050048828125,2107.169921875,2159.429931640625,2255.610107421875,994625024.0,36901102917.0,2017,5,May,29,199.880126953125,96.18017578125,4.45396140768398,Increased
1493,Bitcoin,BTC,2017-05-30 23:59:59,2301.9599609375,2124.570068359375,2255.360107421875,2175.469970703125,1443970048.0,35594903085.4,2017,5,May,30,177.389892578125,-79.89013671875,-3.542234184946776,Decreased
1494,Bitcoin,BTC,2017-05-31 23:59:59,2311.080078125,2145.570068359375,2187.18994140625,2286.409912109375,1544829952.0,37414813240.0,2017,5,May,31,165.510009765625,99.219970703125,4.536413085336872,Increased
1495,Bitcoin,BTC,2017-06-01 23:59:59,2448.389892578125,2288.330078125,2288.330078125,2407.8798828125,1653180032.0,39407633762.6,2017,6,June,1,160.059814453125,119.5498046875,5.224325189373733,Increased
1496,Bitcoin,BTC,2017-06-02 23:59:59,2488.550048828125,2373.320068359375,2404.030029296875,2488.550048828125,1317030016.0,40732491835.1,2017,6,June,2,115.22998046875,84.52001953125,3.5157638840297776,Increased
1497,Bitcoin,BTC,2017-06-03 23:59:59,2581.909912109375,2423.570068359375,2493.719970703125,2515.35009765625,1514950016.0,41177190056.7,2017,6,June,3,158.33984375,21.630126953125,0.86738395678911,Increased
1498,Bitcoin,BTC,2017-06-04 23:59:59,2585.889892578125,2452.5400390625,2547.7900390625,2511.81005859375,1355120000.0,41124262595.2,2017,6,June,4,133.349853515625,-35.97998046875,-1.4122035143048681,Decreased
1499,Bitcoin,BTC,2017-06-05 23:59:59,2686.81005859375,2510.219970703125,2512.39990234375,2686.81005859375,1369309952.0,43994968834.2,2017,6,June,5,176.590087890625,174.41015625,6.941974328501504,Increased
1500,Bitcoin,BTC,2017-06-06 23:59:59,2999.909912109375,2690.840087890625,2690.840087890625,2863.199951171875,2089609984.0,46888622160.0,2017,6,June,6,309.06982421875,172.35986328125,6.405429444020381,Increased
1501,Bitcoin,BTC,2017-06-07 23:59:59,2869.3798828125,2700.56005859375,2869.3798828125,2732.159912109375,1517709952.0,44748237217.9,2017,6,June,7,168.81982421875,-137.219970703125,-4.782216935619732,Decreased
1502,Bitcoin,BTC,2017-06-08 23:59:59,2815.300048828125,2670.949951171875,2720.489990234375,2805.6201171875,1281170048.0,45957247988.5,2017,6,June,8,144.35009765625,85.130126953125,3.1292203705476926,Increased
1503,Bitcoin,BTC,2017-06-09 23:59:59,2901.7099609375,2795.6201171875,2807.43994140625,2823.81005859375,1348950016.0,46260465853.5,2017,6,June,9,106.08984375,16.3701171875,0.5830976807753254,Increased
1504,Bitcoin,BTC,2017-06-10 23:59:59,2950.989990234375,2746.550048828125,2828.139892578125,2947.7099609375,2018889984.0,48295501718.2,2017,6,June,10,204.43994140625,119.570068359375,4.227869656418418,Increased
1505,Bitcoin,BTC,2017-06-11 23:59:59,2996.60009765625,2840.530029296875,2942.409912109375,2958.110107421875,1752400000.0,48471330146.3,2017,6,June,11,156.070068359375,15.7001953125,0.5335828719134764,Increased
1506,Bitcoin,BTC,2017-06-12 23:59:59,2997.260009765625,2518.56005859375,2953.219970703125,2659.6298828125,2569530112.0,43585351532.5,2017,6,June,12,478.699951171875,-293.590087890625,-9.94135522592734,Decreased
1507,Bitcoin,BTC,2017-06-13 23:59:59,2789.0400390625,2650.3798828125,2680.909912109375,2717.02001953125,1781200000.0,44530631894.2,2017,6,June,13,138.66015625,36.110107421875,1.3469347574407338,Increased
1508,Bitcoin,BTC,2017-06-14 23:59:59,2786.830078125,2412.93994140625,2716.8798828125,2506.3701171875,1696560000.0,41082567338.9,2017,6,June,14,373.89013671875,-210.509765625,-7.748217613768091,Decreased
1509,Bitcoin,BTC,2017-06-15 23:59:59,2534.7099609375,2212.9599609375,2499.580078125,2464.580078125,2026259968.0,40402259202.0,2017,6,June,15,321.75,-35.0,-1.4002351957555372,Decreased
1510,Bitcoin,BTC,2017-06-16 23:59:59,2539.919921875,2385.14990234375,2469.570068359375,2518.56005859375,1195190016.0,41291821422.7,2017,6,June,16,154.77001953125,48.989990234375,1.9837457078883705,Increased
1511,Bitcoin,BTC,2017-06-17 23:59:59,2685.18994140625,2484.9599609375,2514.010009765625,2655.8798828125,1534509952.0,43548031451.6,2017,6,June,17,200.22998046875,141.869873046875,5.643170571946179,Increased
1512,Bitcoin,BTC,2017-06-18 23:59:59,2662.10009765625,2516.330078125,2655.35009765625,2548.2900390625,1178659968.0,41788418973.5,2017,6,June,18,145.77001953125,-107.06005859375,-4.031862265101945,Decreased
1513,Bitcoin,BTC,2017-06-19 23:59:59,2662.85009765625,2549.030029296875,2549.030029296875,2589.60009765625,1446840064.0,42470734800.0,2017,6,June,19,113.820068359375,40.570068359375,1.591588482406614,Increased
1514,Bitcoin,BTC,2017-06-20 23:59:59,2763.449951171875,2589.820068359375,2591.260009765625,2721.7900390625,1854189952.0,44643512689.0,2017,6,June,20,173.6298828125,130.530029296875,5.037318864372905,Increased
1515,Bitcoin,BTC,2017-06-21 23:59:59,2772.010009765625,2660.39990234375,2709.429931640625,2689.10009765625,1626579968.0,44111929172.5,2017,6,June,21,111.610107421875,-20.329833984375,-0.7503362145285225,Decreased
1516,Bitcoin,BTC,2017-06-22 23:59:59,2723.739990234375,2642.360107421875,2691.030029296875,2705.409912109375,1097939968.0,44384244937.2,2017,6,June,22,81.3798828125,14.3798828125,0.5343635208804133,Increased
1517,Bitcoin,BTC,2017-06-23 23:59:59,2765.169921875,2706.3701171875,2707.340087890625,2744.909912109375,961318976.0,45037797052.5,2017,6,June,23,58.7998046875,37.56982421875,1.387702431134976,Increased
1518,Bitcoin,BTC,2017-06-24 23:59:59,2757.93994140625,2583.18994140625,2738.52001953125,2608.719970703125,982750016.0,42807952580.6,2017,6,June,24,174.75,-129.800048828125,-4.739788203204108,Decreased
1519,Bitcoin,BTC,2017-06-25 23:59:59,2682.260009765625,2552.1201171875,2607.25,2589.409912109375,1161100032.0,42495001715.8,2017,6,June,25,130.139892578125,-17.840087890625,-0.68424922391888,Decreased
1520,Bitcoin,BTC,2017-06-26 23:59:59,2615.25,2376.2900390625,2590.570068359375,2478.449951171875,1663280000.0,40677994353.8,2017,6,June,26,238.9599609375,-112.1201171875,-4.328009443053065,Decreased
1521,Bitcoin,BTC,2017-06-27 23:59:59,2552.449951171875,2332.989990234375,2478.449951171875,2552.449951171875,1489789952.0,41897190525.0,2017,6,June,27,219.4599609375,74.0,2.9857371122225365,Increased
1522,Bitcoin,BTC,2017-06-28 23:59:59,2603.97998046875,2484.419921875,2553.030029296875,2574.7900390625,1183869952.0,42268942193.0,2017,6,June,28,119.56005859375,21.760009765625,0.8523209486735995,Increased
1523,Bitcoin,BTC,2017-06-29 23:59:59,2588.830078125,2510.47998046875,2567.56005859375,2539.320068359375,949979008.0,41690395782.8,2017,6,June,29,78.35009765625,-28.239990234375,-1.0998765205064769,Decreased
1524,Bitcoin,BTC,2017-06-30 23:59:59,2559.25,2478.429931640625,2539.239990234375,2480.840087890625,860273024.0,40735082695.0,2017,6,June,30,80.820068359375,-58.39990234375,-2.29989692066718,Decreased
1525,Bitcoin,BTC,2017-07-01 23:59:59,2515.27001953125,2419.22998046875,2492.60009765625,2434.550048828125,779913984.0,39980058372.5,2017,7,July,1,96.0400390625,-58.050048828125,-2.3288953925143665,Decreased
1526,Bitcoin,BTC,2017-07-02 23:59:59,2514.280029296875,2394.840087890625,2436.39990234375,2506.469970703125,803747008.0,41167015221.0,2017,7,July,2,119.43994140625,70.070068359375,2.8759674588711612,Increased
1527,Bitcoin,BTC,2017-07-03 23:59:59,2595.0,2480.469970703125,2498.56005859375,2564.06005859375,964112000.0,42118211082.5,2017,7,July,3,114.530029296875,65.5,2.6215099282770487,Increased
1528,Bitcoin,BTC,2017-07-04 23:59:59,2631.590087890625,2559.35009765625,2561.0,2601.639892578125,985516032.0,42740618672.7,2017,7,July,4,72.239990234375,40.639892578125,1.5868759304226865,Increased
1529,Bitcoin,BTC,2017-07-05 23:59:59,2622.64990234375,2538.550048828125,2602.8701171875,2601.989990234375,941566016.0,42751085998.5,2017,7,July,5,84.099853515625,-0.880126953125,-0.033813710000866685,Decreased
1530,Bitcoin,BTC,2017-07-06 23:59:59,2616.719970703125,2581.68994140625,2608.10009765625,2608.56005859375,761956992.0,42863758794.7,2017,7,July,6,35.030029296875,0.4599609375,0.017635862132490257,Increased
1531,Bitcoin,BTC,2017-07-07 23:59:59,2916.139892578125,2498.8701171875,2608.590087890625,2518.659912109375,917411968.0,41391217674.5,2017,7,July,7,417.269775390625,-89.93017578125,-3.4474629110459407,Decreased
1532,Bitcoin,BTC,2017-07-08 23:59:59,2571.340087890625,2492.31005859375,2520.27001953125,2571.340087890625,733329984.0,42262222822.5,2017,7,July,8,79.030029296875,51.070068359375,2.026372887174749,Increased
1533,Bitcoin,BTC,2017-07-09 23:59:59,2635.489990234375,2517.590087890625,2572.610107421875,2518.43994140625,527856000.0,41397076604.3,2017,7,July,9,117.89990234375,-54.170166015625,-2.10565005009295,Decreased
1534,Bitcoin,BTC,2017-07-10 23:59:59,2537.159912109375,2321.1298828125,2525.25,2372.56005859375,1111200000.0,39005033498.7,2017,7,July,10,216.030029296875,-152.68994140625,-6.046527726215226,Decreased
1535,Bitcoin,BTC,2017-07-11 23:59:59,2413.469970703125,2296.81005859375,2385.889892578125,2337.7900390625,1329760000.0,38438497236.2,2017,7,July,11,116.659912109375,-48.099853515625,-2.0160131305828894,Decreased
1536,Bitcoin,BTC,2017-07-12 23:59:59,2423.7099609375,2275.139892578125,2332.77001953125,2398.840087890625,1117410048.0,39447604438.0,2017,7,July,12,148.570068359375,66.070068359375,2.832258122583863,Increased
1537,Bitcoin,BTC,2017-07-13 23:59:59,2425.219970703125,2340.830078125,2402.699951171875,2357.89990234375,835769984.0,38778935907.3,2017,7,July,13,84.389892578125,-44.800048828125,-1.8645710966229703,Decreased
1538,Bitcoin,BTC,2017-07-14 23:59:59,2363.25,2183.219970703125,2360.590087890625,2233.340087890625,882502976.0,36734255487.5,2017,7,July,14,180.030029296875,-127.25,-5.3906013014613645,Decreased
1539,Bitcoin,BTC,2017-07-15 23:59:59,2231.139892578125,1990.4100341796875,2230.1201171875,1998.8599853515625,993608000.0,32880721299.8,2017,7,July,15,240.7298583984375,-231.2601318359375,-10.369850935544655,Decreased
1540,Bitcoin,BTC,2017-07-16 23:59:59,2058.77001953125,1843.030029296875,1991.97998046875,1929.8199462890625,1182870016.0,31748939342.8,2017,7,July,16,215.739990234375,-62.1600341796875,-3.1205150046267076,Decreased
1541,Bitcoin,BTC,2017-07-17 23:59:59,2230.489990234375,1932.6199951171875,1932.6199951171875,2228.409912109375,1201760000.0,36665393516.9,2017,7,July,17,297.8699951171875,295.7899169921875,15.305125567339056,Increased
1542,Bitcoin,BTC,2017-07-18 23:59:59,2387.610107421875,2164.77001953125,2233.52001953125,2318.8798828125,1512450048.0,38158677672.0,2017,7,July,18,222.840087890625,85.35986328125,3.821763966063063,Increased
1543,Bitcoin,BTC,2017-07-19 23:59:59,2397.169921875,2260.22998046875,2323.080078125,2273.429931640625,1245100032.0,37415031060.8,2017,7,July,19,136.93994140625,-49.650146484375,-2.1372550585707115,Decreased
1544,Bitcoin,BTC,2017-07-20 23:59:59,2900.699951171875,2269.889892578125,2269.889892578125,2817.60009765625,2249260032.0,46376428080.0,2017,7,July,20,630.81005859375,547.710205078125,24.129373273522074,Increased
1545,Bitcoin,BTC,2017-07-21 23:59:59,2838.409912109375,2621.85009765625,2838.409912109375,2667.760009765625,1489449984.0,43915296559.1,2017,7,July,21,216.559814453125,-170.64990234375,-6.012165530275043,Decreased
1546,Bitcoin,BTC,2017-07-22 23:59:59,2862.419921875,2657.7099609375,2668.6298828125,2810.1201171875,1177129984.0,46264340367.0,2017,7,July,22,204.7099609375,141.490234375,5.301980438961502,Increased
1547,Bitcoin,BTC,2017-07-23 23:59:59,2832.179931640625,2653.93994140625,2808.10009765625,2730.39990234375,1072840000.0,44957775264.8,2017,7,July,23,178.239990234375,-77.7001953125,-2.767002336467693,Decreased
1548,Bitcoin,BTC,2017-07-24 23:59:59,2777.260009765625,2699.18994140625,2732.699951171875,2754.860107421875,866473984.0,45366654309.3,2017,7,July,24,78.070068359375,22.16015625,0.8109253356006747,Increased
1549,Bitcoin,BTC,2017-07-25 23:59:59,2768.080078125,2480.9599609375,2757.5,2576.47998046875,1460089984.0,42433788244.0,2017,7,July,25,287.1201171875,-181.02001953125,-6.56464259406165,Decreased
1550,Bitcoin,BTC,2017-07-26 23:59:59,2610.760009765625,2450.800048828125,2577.77001953125,2529.449951171875,937404032.0,41663929264.6,2017,7,July,26,159.9599609375,-48.320068359375,-1.8744910520823606,Decreased
1551,Bitcoin,BTC,2017-07-27 23:59:59,2693.320068359375,2155.1700439453125,2538.7099609375,2671.780029296875,789104000.0,44013533096.9,2017,7,July,27,538.1500244140625,133.070068359375,5.24164124326493,Increased
1552,Bitcoin,BTC,2017-07-28 23:59:59,2897.449951171875,2679.72998046875,2679.72998046875,2809.010009765625,1380099968.0,46279316161.1,2017,7,July,28,217.719970703125,129.280029296875,4.824367762391522,Increased
1553,Bitcoin,BTC,2017-07-29 23:59:59,2808.760009765625,2692.800048828125,2807.02001953125,2726.449951171875,803745984.0,44924534585.0,2017,7,July,29,115.9599609375,-80.570068359375,-2.870306153813237,Decreased
1554,Bitcoin,BTC,2017-07-30 23:59:59,2758.530029296875,2644.85009765625,2724.389892578125,2757.179931640625,705942976.0,45435913867.5,2017,7,July,30,113.679931640625,32.7900390625,1.2035736570535565,Increased
1555,Bitcoin,BTC,2017-07-31 23:59:59,2889.6201171875,2720.610107421875,2763.239990234375,2875.340087890625,860574976.0,47388334773.0,2017,7,July,31,169.010009765625,112.10009765625,4.056835383550663,Increased
1556,Bitcoin,BTC,2017-08-01 23:59:59,2921.35009765625,2685.610107421875,2871.300048828125,2718.260009765625,1324669952.0,44804603884.5,2017,8,August,1,235.739990234375,-153.0400390625,-5.329991169852166,Decreased
1557,Bitcoin,BTC,2017-08-02 23:59:59,2762.530029296875,2668.590087890625,2727.1298828125,2710.669921875,1094950016.0,44684649515.8,2017,8,August,2,93.93994140625,-16.4599609375,-0.6035635134665744,Decreased
1558,Bitcoin,BTC,2017-08-03 23:59:59,2813.31005859375,2685.139892578125,2709.56005859375,2804.72998046875,804796992.0,46239970790.2,2017,8,August,3,128.170166015625,95.169921875,3.512375434275953,Increased
1559,Bitcoin,BTC,2017-08-04 23:59:59,2899.330078125,2743.719970703125,2806.929931640625,2895.889892578125,1002120000.0,47749461443.0,2017,8,August,4,155.610107421875,88.9599609375,3.1692975280470828,Increased
1560,Bitcoin,BTC,2017-08-05 23:59:59,3290.010009765625,2874.830078125,2897.6298828125,3252.909912109375,1945699968.0,53643452553.9,2017,8,August,5,415.179931640625,355.280029296875,12.261056230964625,Increased
1561,Bitcoin,BTC,2017-08-06 23:59:59,3293.2900390625,3155.60009765625,3257.610107421875,3213.93994140625,1105030016.0,53006426108.3,2017,8,August,6,137.68994140625,-43.670166015625,-1.340558402496678,Decreased
1562,Bitcoin,BTC,2017-08-07 23:59:59,3397.679931640625,3180.889892578125,3212.780029296875,3378.93994140625,1482279936.0,55734179250.5,2017,8,August,7,216.7900390625,166.159912109375,5.171842161436104,Increased
1563,Bitcoin,BTC,2017-08-08 23:59:59,3484.85009765625,3345.830078125,3370.219970703125,3419.93994140625,1752760064.0,56417337744.8,2017,8,August,8,139.02001953125,49.719970703125,1.4752737546906167,Increased
1564,Bitcoin,BTC,2017-08-09 23:59:59,3422.760009765625,3247.669921875,3420.39990234375,3342.469970703125,1468960000.0,55145196472.4,2017,8,August,9,175.090087890625,-77.929931640625,-2.278386559046073,Decreased
1565,Bitcoin,BTC,2017-08-10 23:59:59,3453.449951171875,3319.469970703125,3341.840087890625,3381.280029296875,1515110016.0,55791120000.0,2017,8,August,10,133.97998046875,39.43994140625,1.180186375439184,Increased
1566,Bitcoin,BTC,2017-08-11 23:59:59,3679.719970703125,3372.1201171875,3373.820068359375,3650.6201171875,2021190016.0,60241844923.4,2017,8,August,11,307.599853515625,276.800048828125,8.204351246352259,Increased
1567,Bitcoin,BTC,2017-08-12 23:59:59,3949.919921875,3613.699951171875,3650.6298828125,3884.7099609375,2219589888.0,64111163866.0,2017,8,August,12,336.219970703125,234.080078125,6.412046294451006,Increased
1568,Bitcoin,BTC,2017-08-13 23:59:59,4208.39013671875,3857.800048828125,3880.0400390625,4073.260009765625,3159089920.0,67230528988.6,2017,8,August,13,350.590087890625,193.219970703125,4.979844763401232,Increased
1569,Bitcoin,BTC,2017-08-14 23:59:59,4325.1298828125,3989.159912109375,4066.10009765625,4325.1298828125,2463089920.0,71394704653.5,2017,8,August,14,335.969970703125,259.02978515625,6.370472416691314,Increased
1570,Bitcoin,BTC,2017-08-15 23:59:59,4455.97021484375,3906.179931640625,4326.990234375,4181.93017578125,3258050048.0,69038855080.5,2017,8,August,15,549.790283203125,-145.06005859375,-3.352447099171759,Decreased
1571,Bitcoin,BTC,2017-08-16 23:59:59,4381.22998046875,3994.419921875,4200.33984375,4376.6298828125,2272039936.0,72260183303.1,2017,8,August,16,386.81005859375,176.2900390625,4.197042278015078,Increased
1572,Bitcoin,BTC,2017-08-17 23:59:59,4484.7001953125,4243.7099609375,4384.43994140625,4331.68994140625,2553359872.0,71527949443.3,2017,8,August,17,240.990234375,-52.75,-1.2031183162491024,Decreased
1573,Bitcoin,BTC,2017-08-18 23:59:59,4370.1298828125,4015.39990234375,4324.33984375,4160.6201171875,2941710080.0,68710871036.5,2017,8,August,18,354.72998046875,-163.7197265625,-3.786005089288376,Decreased
1574,Bitcoin,BTC,2017-08-19 23:59:59,4243.259765625,3970.550048828125,4137.75,4193.7001953125,2975820032.0,69265141207.5,2017,8,August,19,272.709716796875,55.9501953125,1.3521888783155096,Increased
1575,Bitcoin,BTC,2017-08-20 23:59:59,4196.2900390625,4069.8798828125,4189.31005859375,4087.659912109375,2109769984.0,67520478837.5,2017,8,August,20,126.41015625,-101.650146484375,-2.4264173590077145,Decreased
1576,Bitcoin,BTC,2017-08-21 23:59:59,4109.14013671875,3988.60009765625,4090.47998046875,4001.739990234375,2800890112.0,66106992037.9,2017,8,August,21,120.5400390625,-88.739990234375,-2.1694273204633996,Decreased
1577,Bitcoin,BTC,2017-08-22 23:59:59,4128.759765625,3674.580078125,3998.35009765625,4100.52001953125,3764239872.0,67743202431.2,2017,8,August,22,454.1796875,102.169921875,2.555302046583912,Increased
1578,Bitcoin,BTC,2017-08-23 23:59:59,4255.77978515625,4078.409912109375,4089.010009765625,4151.52001953125,2369819904.0,68593954170.2,2017,8,August,23,177.369873046875,62.510009765625,1.528732128714157,Increased
1579,Bitcoin,BTC,2017-08-24 23:59:59,4376.39013671875,4130.259765625,4137.60009765625,4334.68017578125,2037750016.0,71625870868.2,2017,8,August,24,246.13037109375,197.080078125,4.763149494235471,Increased
1580,Bitcoin,BTC,2017-08-25 23:59:59,4455.7001953125,4307.35009765625,4332.81982421875,4371.60009765625,1727970048.0,72241507489.2,2017,8,August,25,148.35009765625,38.7802734375,0.8950354506027137,Increased
1581,Bitcoin,BTC,2017-08-26 23:59:59,4379.27978515625,4269.52001953125,4372.06005859375,4352.39990234375,1511609984.0,71929882018.8,2017,8,August,26,109.759765625,-19.66015625,-0.449677177040509,Decreased
1582,Bitcoin,BTC,2017-08-27 23:59:59,4416.58984375,4317.2900390625,4345.10009765625,4382.8798828125,1537459968.0,72441993792.0,2017,8,August,27,99.2998046875,37.77978515625,0.8694802031517858,Increased
1583,Bitcoin,BTC,2017-08-28 23:59:59,4403.93017578125,4224.64013671875,4384.4501953125,4382.66015625,1959330048.0,72445588933.0,2017,8,August,28,179.2900390625,-1.7900390625,-0.04082699044942431,Decreased
1584,Bitcoin,BTC,2017-08-29 23:59:59,4625.68017578125,4352.1298828125,4389.2099609375,4579.02001953125,2486080000.0,75699786262.5,2017,8,August,29,273.55029296875,189.81005859375,4.3244697857472305,Increased
1585,Bitcoin,BTC,2017-08-30 23:59:59,4626.52001953125,4471.41015625,4570.35986328125,4565.2998046875,1937849984.0,75482724983.6,2017,8,August,30,155.10986328125,-5.06005859375,-0.1107146646023006,Decreased
1586,Bitcoin,BTC,2017-08-31 23:59:59,4736.0498046875,4549.39990234375,4555.58984375,4703.39013671875,1944930048.0,77775374624.8,2017,8,August,31,186.64990234375,147.80029296875,3.2443722555822987,Increased
1587,Bitcoin,BTC,2017-09-01 23:59:59,4892.009765625,4678.52978515625,4701.759765625,4892.009765625,2599079936.0,80905039782.0,2017,9,September,1,213.47998046875,190.25,4.046357310531587,Increased
1588,Bitcoin,BTC,2017-09-02 23:59:59,4975.0400390625,4469.240234375,4901.419921875,4578.77001953125,2722139904.0,75734114961.8,2017,9,September,2,505.7998046875,-322.64990234375,-6.582784325492414,Decreased
1589,Bitcoin,BTC,2017-09-03 23:59:59,4714.080078125,4417.58984375,4585.27001953125,4582.9599609375,1933190016.0,75812181333.5,2017,9,September,3,296.490234375,-2.31005859375,-0.050379990358477435,Decreased
1590,Bitcoin,BTC,2017-09-04 23:59:59,4591.6298828125,4108.39990234375,4591.6298828125,4236.31005859375,2987330048.0,70087101256.2,2017,9,September,4,483.22998046875,-355.31982421875,-7.738424770445714,Decreased
1591,Bitcoin,BTC,2017-09-05 23:59:59,4427.83984375,3998.110107421875,4228.2900390625,4376.52978515625,2697969920.0,72417728535.6,2017,9,September,5,429.729736328125,148.23974609375,3.50590297080514,Increased
1592,Bitcoin,BTC,2017-09-06 23:59:59,4617.25,4376.58984375,4376.58984375,4597.1201171875,2172100096.0,76077049312.0,2017,9,September,6,240.66015625,220.5302734375,5.038860878234427,Increased
1593,Bitcoin,BTC,2017-09-07 23:59:59,4655.0400390625,4491.330078125,4589.14013671875,4599.8798828125,1844620032.0,76132843874.0,2017,9,September,7,163.7099609375,10.73974609375,0.23402523727307556,Increased
1594,Bitcoin,BTC,2017-09-08 23:59:59,4661.0,4075.179931640625,4605.16015625,4228.75,2700890112.0,69999555937.5,2017,9,September,8,585.820068359375,-376.41015625,-8.173660491245808,Decreased
1595,Bitcoin,BTC,2017-09-09 23:59:59,4308.81982421875,4114.10986328125,4229.81005859375,4226.06005859375,1386230016.0,69963847482.2,2017,9,September,9,194.7099609375,-3.75,-0.08865646324664356,Decreased
1596,Bitcoin,BTC,2017-09-10 23:59:59,4245.43994140625,3951.0400390625,4229.33984375,4122.93994140625,1679090048.0,68263826800.5,2017,9,September,10,294.39990234375,-106.39990234375,-2.5157567439510635,Decreased
1597,Bitcoin,BTC,2017-09-11 23:59:59,4261.669921875,4099.39990234375,4122.47021484375,4161.27001953125,1557330048.0,68907352119.2,2017,9,September,11,162.27001953125,38.7998046875,0.9411785329047087,Increased
1598,Bitcoin,BTC,2017-09-12 23:59:59,4344.64990234375,4085.219970703125,4168.8798828125,4130.81005859375,1864530048.0,68412822896.0,2017,9,September,12,259.429931640625,-38.06982421875,-0.9131907200230127,Decreased
1599,Bitcoin,BTC,2017-09-13 23:59:59,4131.97998046875,3789.919921875,4131.97998046875,3882.590087890625,2219409920.0,64311123695.2,2017,9,September,13,342.06005859375,-249.389892578125,-6.035602634982591,Decreased
1600,Bitcoin,BTC,2017-09-14 23:59:59,3920.60009765625,3153.860107421875,3875.3701171875,3154.949951171875,2716310016.0,52265453816.2,2017,9,September,14,766.739990234375,-720.420166015625,-18.589712575336176,Decreased
1601,Bitcoin,BTC,2017-09-15 23:59:59,3733.449951171875,2946.6201171875,3166.300048828125,3637.52001953125,4148069888.0,60267886368.0,2017,9,September,15,786.829833984375,471.219970703125,14.882353644201457,Increased
1602,Bitcoin,BTC,2017-09-16 23:59:59,3808.840087890625,3487.7900390625,3637.75,3625.0400390625,1818400000.0,60068678194.5,2017,9,September,16,321.050048828125,-12.7099609375,-0.3493907205690331,Decreased
1603,Bitcoin,BTC,2017-09-17 23:59:59,3664.81005859375,3445.639892578125,3606.280029296875,3582.8798828125,1239149952.0,59377995376.0,2017,9,September,17,219.170166015625,-23.400146484375,-0.6488721423260463,Decreased
1604,Bitcoin,BTC,2017-09-18 23:59:59,4079.22998046875,3591.090087890625,3591.090087890625,4065.199951171875,1943209984.0,67377945990.0,2017,9,September,18,488.139892578125,474.10986328125,13.20239402737284,Increased
1605,Bitcoin,BTC,2017-09-19 23:59:59,4094.070068359375,3868.8701171875,4073.7900390625,3924.969970703125,1563980032.0,65061185838.2,2017,9,September,19,225.199951171875,-148.820068359375,-3.6531109098009114,Decreased
1606,Bitcoin,BTC,2017-09-20 23:59:59,4031.389892578125,3857.72998046875,3916.360107421875,3905.949951171875,1213830016.0,64751811835.1,2017,9,September,20,173.659912109375,-10.41015625,-0.2658120286301498,Decreased
1607,Bitcoin,BTC,2017-09-21 23:59:59,3916.419921875,3613.6298828125,3901.469970703125,3631.0400390625,1411480064.0,60202370872.0,2017,9,September,21,302.7900390625,-270.429931640625,-6.931488225497939,Decreased
1608,Bitcoin,BTC,2017-09-22 23:59:59,3758.27001953125,3553.530029296875,3628.02001953125,3630.699951171875,1194829952.0,60203040223.4,2017,9,September,22,204.739990234375,2.679931640625,0.07386760894917152,Increased
1609,Bitcoin,BTC,2017-09-23 23:59:59,3819.2099609375,3594.580078125,3629.919921875,3792.39990234375,928113984.0,62892069388.8,2017,9,September,23,224.6298828125,162.47998046875,4.476131263656708,Increased
1610,Bitcoin,BTC,2017-09-24 23:59:59,3796.14990234375,3666.89990234375,3796.14990234375,3682.840087890625,768014976.0,61081971156.1,2017,9,September,24,129.25,-113.309814453125,-2.9848614350863043,Decreased
1611,Bitcoin,BTC,2017-09-25 23:59:59,3950.25,3681.580078125,3681.580078125,3926.070068359375,1374210048.0,65122213848.8,2017,9,September,25,268.669921875,244.489990234375,6.640898338381161,Increased
1612,Bitcoin,BTC,2017-09-26 23:59:59,3969.889892578125,3869.89990234375,3928.409912109375,3892.35009765625,1043740032.0,64569365079.4,2017,9,September,26,99.989990234375,-36.059814453125,-0.9179239249440379,Decreased
1613,Bitcoin,BTC,2017-09-27 23:59:59,4210.0498046875,3884.820068359375,3892.93994140625,4200.669921875,1686880000.0,69691950752.2,2017,9,September,27,325.229736328125,307.72998046875,7.9048221935216505,Increased
1614,Bitcoin,BTC,2017-09-28 23:59:59,4279.31005859375,4109.7001953125,4197.1298828125,4174.72998046875,1712320000.0,69270823145.5,2017,9,September,28,169.60986328125,-22.39990234375,-0.5336957151476048,Decreased
1615,Bitcoin,BTC,2017-09-29 23:59:59,4214.6298828125,4039.2900390625,4171.6201171875,4163.06982421875,1367049984.0,69086146650.0,2017,9,September,29,175.33984375,-8.55029296875,-0.20496336503704932,Decreased
1616,Bitcoin,BTC,2017-09-30 23:59:59,4358.43017578125,4160.85986328125,4166.10986328125,4338.7099609375,1207449984.0,72008428789.3,2017,9,September,30,197.5703125,172.60009765625,4.142955978609486,Increased
1617,Bitcoin,BTC,2017-10-01 23:59:59,4403.740234375,4269.81005859375,4341.0498046875,4403.740234375,1208210048.0,73094870673.9,2017,10,October,1,133.93017578125,62.6904296875,1.444130625265031,Increased
1618,Bitcoin,BTC,2017-10-02 23:59:59,4470.22998046875,4377.4599609375,4395.81005859375,4409.31982421875,1431730048.0,73195646775.8,2017,10,October,2,92.77001953125,13.509765625,0.3073327883808034,Increased
1619,Bitcoin,BTC,2017-10-03 23:59:59,4432.47021484375,4258.89013671875,4408.4599609375,4317.47998046875,1288019968.0,71681069637.0,2017,10,October,3,173.580078125,-90.97998046875,-2.063758801824351,Decreased
1620,Bitcoin,BTC,2017-10-04 23:59:59,4352.31005859375,4210.419921875,4319.3701171875,4229.35986328125,1116770048.0,70225033578.0,2017,10,October,4,141.89013671875,-90.01025390625,-2.0838745341151497,Decreased
1621,Bitcoin,BTC,2017-10-05 23:59:59,4362.64013671875,4164.0498046875,4229.8798828125,4328.41015625,1161769984.0,71876277937.0,2017,10,October,5,198.59033203125,98.5302734375,2.329387031481991,Increased
1622,Bitcoin,BTC,2017-10-06 23:59:59,4413.27001953125,4320.52978515625,4324.4599609375,4370.81005859375,1069939968.0,72589262957.0,2017,10,October,6,92.740234375,46.35009765625,1.0718123898689482,Increased
1623,Bitcoin,BTC,2017-10-07 23:59:59,4443.8798828125,4321.0498046875,4369.35009765625,4426.89013671875,906928000.0,73529314833.0,2017,10,October,7,122.830078125,57.5400390625,1.3169015477465373,Increased
1624,Bitcoin,BTC,2017-10-08 23:59:59,4624.14013671875,4405.64013671875,4429.669921875,4610.47998046875,1313869952.0,76589293760.0,2017,10,October,8,218.5,180.81005859375,4.08179529812949,Increased
1625,Bitcoin,BTC,2017-10-09 23:59:59,4878.7099609375,4564.25,4614.52001953125,4772.02001953125,1968739968.0,79282158943.2,2017,10,October,9,314.4599609375,157.5,3.4131393803336256,Increased
1626,Bitcoin,BTC,2017-10-10 23:59:59,4922.169921875,4765.10009765625,4776.2099609375,4781.990234375,1597139968.0,79457603223.9,2017,10,October,10,157.06982421875,5.7802734375,0.1210221804479763,Increased
1627,Bitcoin,BTC,2017-10-11 23:59:59,4873.72998046875,4751.6298828125,4789.25,4826.47998046875,1222279936.0,80205238020.0,2017,10,October,11,122.10009765625,37.22998046875,0.777365568069113,Increased
1628,Bitcoin,BTC,2017-10-12 23:59:59,5446.91015625,4822.0,4829.580078125,5446.91015625,2791610112.0,90525666971.7,2017,10,October,12,624.91015625,617.330078125,12.782272332974085,Increased
1629,Bitcoin,BTC,2017-10-13 23:59:59,5840.2998046875,5436.85009765625,5464.16015625,5647.2099609375,3615480064.0,93864253933.5,2017,10,October,13,403.44970703125,183.0498046875,3.3500080424642107,Increased
1630,Bitcoin,BTC,2017-10-14 23:59:59,5837.7001953125,5591.64013671875,5643.52978515625,5831.7900390625,1669030016.0,96942498330.5,2017,10,October,14,246.06005859375,188.26025390625,3.3358600215315017,Increased
1631,Bitcoin,BTC,2017-10-15 23:59:59,5852.47998046875,5478.60986328125,5835.9599609375,5678.18994140625,1976039936.0,94403031754.5,2017,10,October,15,373.8701171875,-157.77001953125,-2.7034116167223585,Decreased
1632,Bitcoin,BTC,2017-10-16 23:59:59,5776.22998046875,5544.2099609375,5687.56982421875,5725.58984375,2008070016.0,95203392843.0,2017,10,October,16,232.02001953125,38.02001953125,0.6684756531577608,Increased
1633,Bitcoin,BTC,2017-10-17 23:59:59,5800.35009765625,5472.72021484375,5741.580078125,5605.509765625,1821570048.0,93218297188.6,2017,10,October,17,327.6298828125,-136.0703125,-2.369910558565889,Decreased
1634,Bitcoin,BTC,2017-10-18 23:59:59,5603.81982421875,5151.43994140625,5603.81982421875,5590.68994140625,2399269888.0,92982539105.8,2017,10,October,18,452.3798828125,-13.1298828125,-0.23430237274501392,Decreased
1635,Bitcoin,BTC,2017-10-19 23:59:59,5744.35009765625,5531.06005859375,5583.740234375,5708.52001953125,1780540032.0,94954808115.0,2017,10,October,19,213.2900390625,124.77978515625,2.2346989637532246,Increased
1636,Bitcoin,BTC,2017-10-20 23:59:59,6060.10986328125,5627.22998046875,5708.10986328125,6011.4501953125,2354429952.0,100007083345.0,2017,10,October,20,432.8798828125,303.34033203125,5.314199258541913,Increased
1637,Bitcoin,BTC,2017-10-21 23:59:59,6194.8798828125,5965.06982421875,5996.7900390625,6031.60009765625,2207099904.0,100353682389.0,2017,10,October,21,229.81005859375,34.81005859375,0.580478195284489,Increased
1638,Bitcoin,BTC,2017-10-22 23:59:59,6076.259765625,5792.33984375,6036.66015625,6008.419921875,2034630016.0,99981911326.0,2017,10,October,22,283.919921875,-28.240234375,-0.46781222802084915,Decreased
1639,Bitcoin,BTC,2017-10-23 23:59:59,6075.58984375,5732.47021484375,6006.0,5930.31982421875,2401840128.0,98695054084.0,2017,10,October,23,343.11962890625,-75.68017578125,-1.2600761868339994,Decreased
1640,Bitcoin,BTC,2017-10-24 23:59:59,5935.52001953125,5504.18017578125,5935.52001953125,5526.64013671875,2735699968.0,91988225799.7,2017,10,October,24,431.33984375,-408.8798828125,-6.888695202224097,Decreased
1641,Bitcoin,BTC,2017-10-25 23:59:59,5754.330078125,5397.8798828125,5524.60009765625,5750.7998046875,1966989952.0,95732630219.6,2017,10,October,25,356.4501953125,226.19970703125,4.094408699866126,Increased
1642,Bitcoin,BTC,2017-10-26 23:59:59,5976.7998046875,5721.22021484375,5747.9501953125,5904.830078125,1905040000.0,98310176011.0,2017,10,October,26,255.57958984375,156.8798828125,2.7293187568054575,Increased
1643,Bitcoin,BTC,2017-10-27 23:59:59,5988.39013671875,5728.81982421875,5899.740234375,5780.89990234375,1710130048.0,96254297360.0,2017,10,October,27,259.5703125,-118.84033203125,-2.014331602920812,Decreased
1644,Bitcoin,BTC,2017-10-28 23:59:59,5876.72021484375,5689.18994140625,5787.81982421875,5753.08984375,1403920000.0,95797359517.6,2017,10,October,28,187.5302734375,-34.72998046875,-0.6000528959699936,Decreased
1645,Bitcoin,BTC,2017-10-29 23:59:59,6255.7099609375,5724.580078125,5754.43994140625,6153.85009765625,2859040000.0,102482445590.0,2017,10,October,29,531.1298828125,399.41015625,6.9409040726280224,Increased
1646,Bitcoin,BTC,2017-10-30 23:59:59,6214.990234375,6040.85009765625,6114.85009765625,6130.52978515625,1772150016.0,102105356519.0,2017,10,October,30,174.14013671875,15.6796875,0.2564198181409196,Increased
1647,Bitcoin,BTC,2017-10-31 23:59:59,6470.43017578125,6103.330078125,6132.02001953125,6468.39990234375,2311379968.0,107743731291.0,2017,10,October,31,367.10009765625,336.3798828125,5.485629233777582,Increased
1648,Bitcoin,BTC,2017-11-01 23:59:59,6767.31005859375,6377.8798828125,6440.97021484375,6767.31005859375,2870320128.0,112735345036.0,2017,11,November,1,389.43017578125,326.33984375,5.0666255682711085,Increased
1649,Bitcoin,BTC,2017-11-02 23:59:59,7367.330078125,6758.72021484375,6777.77001953125,7078.5,4653770240.0,117933380780.0,2017,11,November,2,608.60986328125,300.72998046875,4.437004790692919,Increased
1650,Bitcoin,BTC,2017-11-03 23:59:59,7461.2900390625,7002.93994140625,7087.52978515625,7207.759765625,3369860096.0,120097405359.0,2017,11,November,3,458.35009765625,120.22998046875,1.696359438524736,Increased
1651,Bitcoin,BTC,2017-11-04 23:59:59,7492.85986328125,7031.27978515625,7164.47998046875,7379.9501953125,2483800064.0,37415031060.8,2017,11,November,4,461.580078125,215.47021484375,3.0074787762845063,Increased
1652,Bitcoin,BTC,2017-11-05 23:59:59,7617.47998046875,7333.18994140625,7404.52001953125,7407.41015625,2380410112.0,123449206170.0,2017,11,November,5,284.2900390625,2.89013671875,0.03903206029731232,Increased
1653,Bitcoin,BTC,2017-11-06 23:59:59,7445.77001953125,7007.31005859375,7403.22021484375,7022.759765625,3111899904.0,117050623317.0,2017,11,November,6,438.4599609375,-380.46044921875,-5.13912106053406,Decreased
1654,Bitcoin,BTC,2017-11-07 23:59:59,7253.31982421875,7023.10009765625,7023.10009765625,7144.3798828125,2326340096.0,119091456315.0,2017,11,November,7,230.2197265625,121.27978515625,1.7268696653878466,Increased
1655,Bitcoin,BTC,2017-11-08 23:59:59,7776.419921875,7114.02001953125,7141.3798828125,7459.68994140625,4602200064.0,124360767999.0,2017,11,November,8,662.39990234375,318.31005859375,4.457262655356593,Increased
1656,Bitcoin,BTC,2017-11-09 23:59:59,7446.830078125,7101.52001953125,7446.830078125,7143.580078125,3226249984.0,119104730750.0,2017,11,November,9,345.31005859375,-303.25,-4.072202491779613,Decreased
1657,Bitcoin,BTC,2017-11-10 23:59:59,7312.0,6436.8701171875,7173.72998046875,6618.14013671875,5208249856.0,110354089394.0,2017,11,November,10,875.1298828125,-555.58984375,-7.744783331163188,Decreased
1658,Bitcoin,BTC,2017-11-11 23:59:59,6873.14990234375,6204.22021484375,6618.60986328125,6357.60009765625,4908680192.0,106016076151.0,2017,11,November,11,668.9296875,-261.009765625,-3.9435738171097077,Decreased
1659,Bitcoin,BTC,2017-11-12 23:59:59,6625.0498046875,5519.009765625,6295.4501953125,5950.06982421875,8957349888.0,99226193603.2,2017,11,November,12,1106.0400390625,-345.38037109375,-5.486190190987694,Decreased
1660,Bitcoin,BTC,2017-11-13 23:59:59,6811.18994140625,5844.2900390625,5938.25,6559.490234375,6263249920.0,109400650105.0,2017,11,November,13,966.89990234375,621.240234375,10.461671946701468,Increased
1661,Bitcoin,BTC,2017-11-14 23:59:59,6764.97998046875,6461.75,6561.47998046875,6635.75,3197110016.0,110683148744.0,2017,11,November,14,303.22998046875,74.27001953125,1.131909565407897,Increased
1662,Bitcoin,BTC,2017-11-15 23:59:59,7342.25,6634.759765625,6634.759765625,7315.5400390625,4200880128.0,122035826506.0,2017,11,November,15,707.490234375,680.7802734375,10.26081271193351,Increased
1663,Bitcoin,BTC,2017-11-16 23:59:59,7967.3798828125,7176.580078125,7323.240234375,7871.68994140625,5123809792.0,131328418537.0,2017,11,November,16,790.7998046875,548.44970703125,7.48916721940718,Increased
1664,Bitcoin,BTC,2017-11-17 23:59:59,8004.58984375,7561.08984375,7853.56982421875,7708.990234375,4651670016.0,128621507062.0,2017,11,November,17,443.5,-144.57958984375,-1.8409410380219335,Decreased
1665,Bitcoin,BTC,2017-11-18 23:59:59,7884.990234375,7463.43994140625,7697.2099609375,7790.14990234375,3667190016.0,129997247838.0,2017,11,November,18,421.55029296875,92.93994140625,1.2074497366956345,Increased
1666,Bitcoin,BTC,2017-11-19 23:59:59,8101.91015625,7694.10009765625,7766.02978515625,8036.490234375,3149319936.0,134124196206.0,2017,11,November,19,407.81005859375,270.46044921875,3.482608961089742,Increased
1667,Bitcoin,BTC,2017-11-20 23:59:59,8336.8603515625,7949.35986328125,8039.06982421875,8200.6396484375,3488450048.0,136881802624.0,2017,11,November,20,387.50048828125,161.56982421875,2.009807449762406,Increased
1668,Bitcoin,BTC,2017-11-21 23:59:59,8348.66015625,7762.7099609375,8205.740234375,8071.259765625,4277609984.0,134739693480.0,2017,11,November,21,585.9501953125,-134.48046875,-1.6388584686929573,Decreased
1669,Bitcoin,BTC,2017-11-22 23:59:59,8302.259765625,8075.47021484375,8077.9501953125,8253.5498046875,3633530112.0,137797862084.0,2017,11,November,22,226.78955078125,175.599609375,2.17381396430121,Increased
1670,Bitcoin,BTC,2017-11-23 23:59:59,8267.400390625,8038.77001953125,8232.3798828125,8038.77001953125,4225179904.0,134227860479.0,2017,11,November,23,228.63037109375,-193.60986328125,-2.3518091492044384,Decreased
1671,Bitcoin,BTC,2017-11-24 23:59:59,8374.16015625,7940.93017578125,8074.02001953125,8253.6904296875,5058610176.0,137831976173.0,2017,11,November,24,433.22998046875,179.67041015625,2.225290620058198,Increased
1672,Bitcoin,BTC,2017-11-25 23:59:59,8790.919921875,8191.14990234375,8241.7099609375,8790.919921875,4342060032.0,146820557006.0,2017,11,November,25,599.77001953125,549.2099609375,6.663786562989253,Increased
1673,Bitcoin,BTC,2017-11-26 23:59:59,9522.9296875,8775.58984375,8789.0400390625,9330.5498046875,5475579904.0,155850742551.0,2017,11,November,26,747.33984375,541.509765625,6.161193523050114,Increased
1674,Bitcoin,BTC,2017-11-27 23:59:59,9818.349609375,9352.7197265625,9352.7197265625,9818.349609375,5653320192.0,164019464090.0,2017,11,November,27,465.6298828125,465.6298828125,4.9785505866285344,Increased
1675,Bitcoin,BTC,2017-11-28 23:59:59,10125.7001953125,9736.2998046875,9823.4296875,10058.7998046875,6348819968.0,168056012886.0,2017,11,November,28,389.400390625,235.3701171875,2.396007552097624,Increased
1676,Bitcoin,BTC,2017-11-29 23:59:59,11517.400390625,9601.0302734375,10077.400390625,9888.6103515625,11568799744.0,165233728795.0,2017,11,November,29,1916.3701171875,-188.7900390625,-1.8734001998980934,Decreased
1677,Bitcoin,BTC,2017-11-30 23:59:59,10801.0,9202.0498046875,9906.7900390625,10233.599609375,8310689792.0,171020085600.0,2017,11,November,30,1598.9501953125,326.8095703125,3.2988442171872925,Increased
1678,Bitcoin,BTC,2017-12-01 23:59:59,11046.7001953125,9694.650390625,10198.599609375,10975.599609375,6783119872.0,183444663767.0,2017,12,December,1,1352.0498046875,777.0,7.618693053561467,Increased
1679,Bitcoin,BTC,2017-12-02 23:59:59,11320.2001953125,10905.099609375,10978.2998046875,11074.599609375,5138500096.0,185122039035.0,2017,12,December,2,415.1005859375,96.2998046875,0.877183228739864,Increased
1680,Bitcoin,BTC,2017-12-03 23:59:59,11858.7001953125,10862.0,11082.7001953125,11323.2001953125,6608309760.0,189302389920.0,2017,12,December,3,996.7001953125,240.5,2.170048776576317,Increased
1681,Bitcoin,BTC,2017-12-04 23:59:59,11657.2001953125,11081.7998046875,11315.400390625,11657.2001953125,6132409856.0,194912755450.0,2017,12,December,4,575.400390625,341.7998046875,3.020660276155026,Increased
1682,Bitcoin,BTC,2017-12-05 23:59:59,12032.0,11604.599609375,11685.7001953125,11916.7001953125,6895260160.0,199278350420.0,2017,12,December,5,427.400390625,231.0,1.9767749996928838,Increased
1683,Bitcoin,BTC,2017-12-06 23:59:59,14369.099609375,11923.400390625,11923.400390625,14291.5,12656300032.0,239024437136.0,2017,12,December,6,2445.69921875,2368.099609375,19.860941776617373,Increased
1684,Bitcoin,BTC,2017-12-07 23:59:59,17899.69921875,14057.2998046875,14266.099609375,17899.69921875,17950699520.0,299405364249.0,2017,12,December,7,3842.3994140625,3633.599609375,25.47016850343013,Increased
1685,Bitcoin,BTC,2017-12-08 23:59:59,18353.400390625,14336.900390625,17802.900390625,16569.400390625,21135998976.0,277185764485.0,2017,12,December,8,4016.5,-1233.5,-6.92864630445026,Decreased
1686,Bitcoin,BTC,2017-12-09 23:59:59,16783.0,13674.900390625,16523.30078125,15178.2001953125,13911300096.0,253946084745.0,2017,12,December,9,3108.099609375,-1345.1005859375,-8.140628823169932,Decreased
1687,Bitcoin,BTC,2017-12-10 23:59:59,15850.599609375,13226.599609375,15168.400390625,15455.400390625,13433299968.0,258615393665.0,2017,12,December,10,2624.0,287.0,1.8920914045582788,Increased
1688,Bitcoin,BTC,2017-12-11 23:59:59,17513.900390625,15404.7998046875,15427.400390625,16936.80078125,12153900032.0,283439888520.0,2017,12,December,11,2109.1005859375,1509.400390625,9.783893283422138,Increased
1689,Bitcoin,BTC,2017-12-12 23:59:59,17781.80078125,16571.599609375,16919.80078125,17415.400390625,14603799552.0,291483935710.0,2017,12,December,12,1210.201171875,495.599609375,2.929110193331639,Increased
1690,Bitcoin,BTC,2017-12-13 23:59:59,17653.099609375,16039.7001953125,17500.0,16408.19921875,12976900096.0,274663619978.0,2017,12,December,13,1613.3994140625,-1091.80078125,-6.238861607142857,Decreased
1691,Bitcoin,BTC,2017-12-14 23:59:59,17085.80078125,16185.900390625,16384.599609375,16564.0,13777399808.0,277310347000.0,2017,12,December,14,899.900390625,179.400390625,1.094933015771408,Increased
1692,Bitcoin,BTC,2017-12-15 23:59:59,18154.099609375,16601.30078125,16601.30078125,17706.900390625,14309999616.0,296482120238.0,2017,12,December,15,1552.798828125,1105.599609375,6.6597167531817565,Increased
1693,Bitcoin,BTC,2017-12-16 23:59:59,19716.69921875,17515.30078125,17760.30078125,19497.400390625,12740599808.0,326502485530.0,2017,12,December,16,2201.3984375,1737.099609375,9.780800622526057,Increased
1694,Bitcoin,BTC,2017-12-17 23:59:59,20089.0,18974.099609375,19475.80078125,19140.80078125,13314599936.0,320576568850.0,2017,12,December,17,1114.900390625,-335.0,-1.7200833165356446,Decreased
1695,Bitcoin,BTC,2017-12-18 23:59:59,19371.0,18355.900390625,19106.400390625,19114.19921875,14839499776.0,320174318520.0,2017,12,December,18,1015.099609375,7.798828125,0.04081788283274267,Increased
1696,Bitcoin,BTC,2017-12-19 23:59:59,19177.80078125,17275.400390625,19118.30078125,17776.69921875,16894499840.0,297801055828.0,2017,12,December,19,1902.400390625,-1341.6015625,-7.017368216195011,Decreased
1697,Bitcoin,BTC,2017-12-20 23:59:59,17934.69921875,16077.7001953125,17760.30078125,16624.599609375,22149699584.0,278528964015.0,2017,12,December,20,1856.9990234375,-1135.701171875,-6.394605507323325,Decreased
1698,Bitcoin,BTC,2017-12-21 23:59:59,17567.69921875,15342.7001953125,16642.400390625,15802.900390625,16516599808.0,264788651530.0,2017,12,December,21,2224.9990234375,-839.5,-5.044344447288429,Decreased
1699,Bitcoin,BTC,2017-12-22 23:59:59,15943.400390625,11833.0,15898.0,13831.7998046875,22197999616.0,231788283457.0,2017,12,December,22,4110.400390625,-2066.2001953125,-12.996604574867906,Decreased
1700,Bitcoin,BTC,2017-12-23 23:59:59,15603.2001953125,13828.7998046875,13948.7001953125,14699.2001953125,13086000128.0,246349213910.0,2017,12,December,23,1774.400390625,750.5,5.3804296421268525,Increased
1701,Bitcoin,BTC,2017-12-24 23:59:59,14626.0,12747.7001953125,14608.2001953125,13925.7998046875,11572299776.0,233414163395.0,2017,12,December,24,1878.2998046875,-682.400390625,-4.671351579943226,Decreased
1702,Bitcoin,BTC,2017-12-25 23:59:59,14593.0,13448.900390625,13995.900390625,14026.599609375,10664699904.0,235126843805.0,2017,12,December,25,1144.099609375,30.69921875,0.21934436437232385,Increased
1703,Bitcoin,BTC,2017-12-26 23:59:59,16461.19921875,14028.900390625,14036.599609375,16099.7998046875,13454300160.0,269908107763.0,2017,12,December,26,2432.298828125,2063.2001953125,14.698718013830753,Increased
1704,Bitcoin,BTC,2017-12-27 23:59:59,16930.900390625,15114.2998046875,16163.5,15838.5,12487600128.0,265559172050.0,2017,12,December,27,1816.6005859375,-325.0,-2.010703127416711,Decreased
1705,Bitcoin,BTC,2017-12-28 23:59:59,15888.400390625,13937.2998046875,15864.099609375,14606.5,12336499712.0,244929825575.0,2017,12,December,28,1951.1005859375,-1257.599609375,-7.927330515699818,Decreased
1706,Bitcoin,BTC,2017-12-29 23:59:59,15279.0,14307.0,14695.7998046875,14656.2001953125,13025500160.0,245793634125.0,2017,12,December,29,972.0,-39.599609375,-0.2694620905380663,Decreased
1707,Bitcoin,BTC,2017-12-30 23:59:59,14681.900390625,12350.099609375,14681.900390625,12952.2001953125,14452599808.0,217239803085.0,2017,12,December,30,2331.80078125,-1729.7001953125,-11.781173753344525,Decreased
1708,Bitcoin,BTC,2017-12-31 23:59:59,14377.400390625,12755.599609375,12897.7001953125,14156.400390625,12136299520.0,237465823980.0,2017,12,December,31,1621.80078125,1258.7001953125,9.759105702968334,Increased
1709,Bitcoin,BTC,2018-01-01 23:59:59,14112.2001953125,13154.7001953125,14112.2001953125,13657.2001953125,10291200000.0,229119155396.0,2018,1,January,1,957.5,-455.0,-3.224160610697208,Decreased
1710,Bitcoin,BTC,2018-01-02 23:59:59,15444.599609375,13163.599609375,13625.0,14982.099609375,16846600192.0,251377913955.0,2018,1,January,2,2281.0,1357.099609375,9.960364105504588,Increased
1711,Bitcoin,BTC,2018-01-03 23:59:59,15572.7998046875,14844.5,14978.2001953125,15201.0,16871900160.0,255080562912.0,2018,1,January,3,728.2998046875,222.7998046875,1.4874938362569508,Increased
1712,Bitcoin,BTC,2018-01-04 23:59:59,15739.7001953125,14522.2001953125,15270.7001953125,15599.2001953125,21783199744.0,261795321110.0,2018,1,January,4,1217.5,328.5,2.1511783729526464,Increased
1713,Bitcoin,BTC,2018-01-05 23:59:59,17705.19921875,15202.7998046875,15477.2001953125,17429.5,23840899072.0,292544135538.0,2018,1,January,5,2502.3994140625,1952.2998046875,12.614037293894945,Increased
1714,Bitcoin,BTC,2018-01-06 23:59:59,17712.400390625,16764.599609375,17462.099609375,17527.0,18314600448.0,294217423675.0,2018,1,January,6,947.80078125,64.900390625,0.3716643019843758,Increased
1715,Bitcoin,BTC,2018-01-07 23:59:59,17579.599609375,16087.7001953125,17527.30078125,16477.599609375,15866000384.0,276634797271.0,2018,1,January,7,1491.8994140625,-1049.701171875,-5.988949382314064,Decreased
1716,Bitcoin,BTC,2018-01-08 23:59:59,16537.900390625,14208.2001953125,16476.19921875,15170.099609375,18413899776.0,254715263101.0,2018,1,January,8,2329.7001953125,-1306.099609375,-7.92718995463864,Decreased
1717,Bitcoin,BTC,2018-01-09 23:59:59,15497.5,14424.0,15123.7001953125,14595.400390625,16659999744.0,245095808695.0,2018,1,January,9,1073.5,-528.2998046875,-3.4931914668028354,Decreased
1718,Bitcoin,BTC,2018-01-10 23:59:59,14973.2998046875,13691.2001953125,14588.5,14973.2998046875,18500800512.0,251472635522.0,2018,1,January,10,1282.099609375,384.7998046875,2.6376927352880695,Increased
1719,Bitcoin,BTC,2018-01-11 23:59:59,15018.7998046875,13105.900390625,14968.2001953125,13405.7998046875,16534099968.0,225178724050.0,2018,1,January,11,1912.8994140625,-1562.400390625,-10.438131306623541,Decreased
1720,Bitcoin,BTC,2018-01-12 23:59:59,14229.900390625,13158.099609375,13453.900390625,13980.599609375,12065699840.0,234865160377.0,2018,1,January,12,1071.80078125,526.69921875,3.914844048622633,Increased
1721,Bitcoin,BTC,2018-01-13 23:59:59,14659.5,13952.400390625,13952.400390625,14360.2001953125,12763599872.0,241268592240.0,2018,1,January,13,707.099609375,407.7998046875,2.9227931629708093,Increased
1722,Bitcoin,BTC,2018-01-14 23:59:59,14511.7998046875,13268.0,14370.7998046875,13772.0,11084099584.0,231413491364.0,2018,1,January,14,1243.7998046875,-598.7998046875,-4.166781340118468,Decreased
1723,Bitcoin,BTC,2018-01-15 23:59:59,14445.5,13641.7001953125,13767.2998046875,13819.7998046875,12750799872.0,232242775485.0,2018,1,January,15,803.7998046875,52.5,0.3813383942007623,Increased
1724,Bitcoin,BTC,2018-01-16 23:59:59,13843.099609375,10194.900390625,13836.099609375,11490.5,18853799936.0,193121120762.0,2018,1,January,16,3648.19921875,-2345.599609375,-16.95275168289248,Decreased
1725,Bitcoin,BTC,2018-01-17 23:59:59,11678.0,9402.2900390625,11431.099609375,11188.599609375,18830600192.0,188070430523.0,2018,1,January,17,2275.7099609375,-242.5,-2.1214057114953158,Decreased
1726,Bitcoin,BTC,2018-01-18 23:59:59,12107.2998046875,10942.5,11198.7998046875,11474.900390625,15020399616.0,192907550324.0,2018,1,January,18,1164.7998046875,276.1005859375,2.4654480011503743,Increased
1727,Bitcoin,BTC,2018-01-19 23:59:59,11992.7998046875,11172.099609375,11429.7998046875,11607.400390625,10740400128.0,195158837709.0,2018,1,January,19,820.7001953125,177.6005859375,1.5538381159105152,Increased
1728,Bitcoin,BTC,2018-01-20 23:59:59,13103.0,11656.2001953125,11656.2001953125,12899.2001953125,11801700352.0,216907619830.0,2018,1,January,20,1446.7998046875,1243.0,10.663852534892701,Increased
1729,Bitcoin,BTC,2018-01-21 23:59:59,12895.900390625,11288.2001953125,12889.2001953125,11600.099609375,9935179776.0,195089460991.0,2018,1,January,21,1607.7001953125,-1289.1005859375,-10.001400912419031,Decreased
1730,Bitcoin,BTC,2018-01-22 23:59:59,11966.400390625,10240.2001953125,11633.099609375,10931.400390625,10537400320.0,183866421285.0,2018,1,January,22,1726.2001953125,-701.69921875,-6.0319196285786765,Decreased
1731,Bitcoin,BTC,2018-01-23 23:59:59,11377.599609375,10129.7001953125,10944.5,10868.400390625,9660609536.0,182830257191.0,2018,1,January,23,1247.8994140625,-76.099609375,-0.6953228505185253,Decreased
1732,Bitcoin,BTC,2018-01-24 23:59:59,11501.400390625,10639.7998046875,10903.400390625,11359.400390625,9940989952.0,191115225673.0,2018,1,January,24,861.6005859375,456.0,4.182181554958575,Increased
1733,Bitcoin,BTC,2018-01-25 23:59:59,11785.7001953125,11057.400390625,11421.7001953125,11259.400390625,8873169920.0,189455303273.0,2018,1,January,25,728.2998046875,-162.2998046875,-1.420977629531095,Decreased
1734,Bitcoin,BTC,2018-01-26 23:59:59,11656.7001953125,10470.2998046875,11256.0,11171.400390625,9746199552.0,187995804677.0,2018,1,January,26,1186.400390625,-84.599609375,-0.7515956767501777,Decreased
1735,Bitcoin,BTC,2018-01-27 23:59:59,11614.900390625,10989.2001953125,11174.900390625,11440.7001953125,7583269888.0,192550550498.0,2018,1,January,27,625.7001953125,265.7998046875,2.378542943528055,Increased
1736,Bitcoin,BTC,2018-01-28 23:59:59,12040.2998046875,11475.2998046875,11475.2998046875,11786.2998046875,8350360064.0,198389948175.0,2018,1,January,28,565.0,311.0,2.7101688434576743,Increased
1737,Bitcoin,BTC,2018-01-29 23:59:59,11875.599609375,11179.2001953125,11755.5,11296.400390625,7107359744.0,190164444830.0,2018,1,January,29,696.3994140625,-459.099609375,-3.9054026572668112,Decreased
1738,Bitcoin,BTC,2018-01-30 23:59:59,11307.2001953125,10036.2001953125,11306.7998046875,10106.2998046875,8637859840.0,170151556678.0,2018,1,January,30,1271.0,-1200.5,-10.617504693965701,Decreased
1739,Bitcoin,BTC,2018-01-31 23:59:59,10381.599609375,9777.419921875,10108.2001953125,10221.099609375,8041160192.0,172099559942.0,2018,1,January,31,604.1796875,112.8994140625,1.1169091616809796,Increased
1740,Bitcoin,BTC,2018-02-01 23:59:59,10288.7998046875,8812.2802734375,10237.2998046875,9170.5400390625,9959400448.0,154428564694.0,2018,2,February,1,1476.51953125,-1066.759765625,-10.4203235811903,Decreased
1741,Bitcoin,BTC,2018-02-02 23:59:59,9142.2802734375,7796.490234375,9142.2802734375,8830.75,12726899712.0,148725283812.0,2018,2,February,2,1345.7900390625,-311.5302734375,-3.4075773671327685,Decreased
1742,Bitcoin,BTC,2018-02-03 23:59:59,9430.75,8251.6298828125,8852.1201171875,9174.91015625,7263790080.0,154540000411.0,2018,2,February,3,1179.1201171875,322.7900390625,3.64647152082542,Increased
1743,Bitcoin,BTC,2018-02-04 23:59:59,9334.8701171875,8031.22021484375,9175.7001953125,8277.009765625,7073549824.0,139433682759.0,2018,2,February,4,1303.64990234375,-898.6904296875,-9.794243606025894,Decreased
1744,Bitcoin,BTC,2018-02-05 23:59:59,8364.83984375,6756.68017578125,8270.5400390625,6955.27001953125,9285289984.0,117184385122.0,2018,2,February,5,1608.15966796875,-1315.27001953125,-15.90307299546477,Decreased
1745,Bitcoin,BTC,2018-02-06 23:59:59,7850.7001953125,6048.259765625,7051.75,7754.0,13999800320.0,130658094648.0,2018,2,February,6,1802.4404296875,702.25,9.9585209345198,Increased
1746,Bitcoin,BTC,2018-02-07 23:59:59,8509.1103515625,7236.7900390625,7755.490234375,7621.2998046875,9169280000.0,128435001186.0,2018,2,February,7,1272.3203125,-134.1904296875,-1.7302636665406639,Decreased
1747,Bitcoin,BTC,2018-02-08 23:59:59,8558.76953125,7637.85986328125,7637.85986328125,8265.58984375,9346750464.0,139306699929.0,2018,2,February,8,920.90966796875,627.72998046875,8.218663234272475,Increased
1748,Bitcoin,BTC,2018-02-09 23:59:59,8736.98046875,7884.7099609375,8271.83984375,8736.98046875,6784820224.0,147266052809.0,2018,2,February,9,852.2705078125,465.140625,5.623182191461902,Increased
1749,Bitcoin,BTC,2018-02-10 23:59:59,9122.5498046875,8295.4697265625,8720.080078125,8621.900390625,7780960256.0,145341842785.0,2018,2,February,10,827.080078125,-98.1796875,-1.1259035079997877,Decreased
1750,Bitcoin,BTC,2018-02-11 23:59:59,8616.1298828125,7931.10009765625,8616.1298828125,8129.97021484375,6122189824.0,137064586975.0,2018,2,February,11,685.02978515625,-486.15966796875,-5.64243662271786,Decreased
1751,Bitcoin,BTC,2018-02-12 23:59:59,8985.919921875,8141.43017578125,8141.43017578125,8926.5703125,6256439808.0,150513128412.0,2018,2,February,12,844.48974609375,785.14013671875,9.64376184241374,Increased
1752,Bitcoin,BTC,2018-02-13 23:59:59,8958.4697265625,8455.41015625,8926.7197265625,8598.3095703125,5696719872.0,144995984203.0,2018,2,February,13,503.0595703125,-328.41015625,-3.6789567311358184,Decreased
1753,Bitcoin,BTC,2018-02-14 23:59:59,9518.5400390625,8599.919921875,8599.919921875,9494.6298828125,7909819904.0,160131558835.0,2018,2,February,14,918.6201171875,894.7099609375,10.403701070072646,Increased
1754,Bitcoin,BTC,2018-02-15 23:59:59,10234.7998046875,9395.580078125,9488.3203125,10166.400390625,9062540288.0,171477807437.0,2018,2,February,15,839.2197265625,678.080078125,7.1464711960840015,Increased
1755,Bitcoin,BTC,2018-02-16 23:59:59,10324.099609375,9824.8203125,10135.7001953125,10233.900390625,7296159744.0,172637061144.0,2018,2,February,16,499.279296875,98.2001953125,0.9688545775842409,Increased
1756,Bitcoin,BTC,2018-02-17 23:59:59,11139.5,10149.400390625,10207.5,11112.7001953125,8660880384.0,187482083882.0,2018,2,February,17,990.099609375,905.2001953125,8.867991137031595,Increased
1757,Bitcoin,BTC,2018-02-18 23:59:59,11349.7998046875,10326.0,11123.400390625,10551.7998046875,8744009728.0,178040648022.0,2018,2,February,18,1023.7998046875,-571.6005859375,-5.138721666616039,Decreased
1758,Bitcoin,BTC,2018-02-19 23:59:59,11273.7998046875,10513.2001953125,10552.599609375,11225.2998046875,7652089856.0,189426791571.0,2018,2,February,19,760.599609375,672.7001953125,6.3747343802835905,Increased
1759,Bitcoin,BTC,2018-02-20 23:59:59,11958.5,11231.7998046875,11231.7998046875,11403.7001953125,9926540288.0,192457815912.0,2018,2,February,20,726.7001953125,171.900390625,1.530479474476199,Increased
1760,Bitcoin,BTC,2018-02-21 23:59:59,11418.5,10479.099609375,11372.2001953125,10690.400390625,9405339648.0,180442459820.0,2018,2,February,21,939.400390625,-681.7998046875,-5.9953201049743265,Decreased
1761,Bitcoin,BTC,2018-02-22 23:59:59,11039.099609375,9939.08984375,10660.400390625,10005.0,8040079872.0,168892273935.0,2018,2,February,22,1100.009765625,-655.400390625,-6.1479903813122645,Decreased
1762,Bitcoin,BTC,2018-02-23 23:59:59,10487.2998046875,9734.5595703125,9937.0703125,10301.099609375,7739500032.0,173909350860.0,2018,2,February,23,752.740234375,364.029296875,3.663346292489062,Increased
1763,Bitcoin,BTC,2018-02-24 23:59:59,10597.2001953125,9546.9697265625,10287.7001953125,9813.0703125,6917929984.0,165687799108.0,2018,2,February,24,1050.23046875,-474.6298828125,-4.613566431774139,Decreased
1764,Bitcoin,BTC,2018-02-25 23:59:59,9923.2197265625,9407.0595703125,9796.419921875,9664.73046875,5706939904.0,163204062358.0,2018,2,February,25,516.16015625,-131.689453125,-1.3442610073394559,Decreased
1765,Bitcoin,BTC,2018-02-26 23:59:59,10475.0,9501.73046875,9669.4296875,10366.7001953125,7287690240.0,175076064010.0,2018,2,February,26,973.26953125,697.2705078125,7.211082042551954,Increased
1766,Bitcoin,BTC,2018-02-27 23:59:59,10878.5,10246.099609375,10393.900390625,10725.599609375,6966179840.0,181158869820.0,2018,2,February,27,632.400390625,331.69921875,3.1912872577572826,Increased
1767,Bitcoin,BTC,2018-02-28 23:59:59,11089.7998046875,10393.099609375,10687.2001953125,10397.900390625,6936189952.0,175644310997.0,2018,2,February,28,696.7001953125,-289.2998046875,-2.7069746930949177,Decreased
1768,Bitcoin,BTC,2018-03-01 23:59:59,11052.2998046875,10352.7001953125,10385.0,10951.0,7317279744.0,185009753075.0,2018,3,March,1,699.599609375,566.0,5.450168512277323,Increased
1769,Bitcoin,BTC,2018-03-02 23:59:59,11189.0,10850.099609375,10977.400390625,11086.400390625,7620590080.0,187318996197.0,2018,3,March,2,338.900390625,109.0,0.9929491147383945,Increased
1770,Bitcoin,BTC,2018-03-03 23:59:59,11528.2001953125,11002.400390625,11101.900390625,11489.7001953125,6690570240.0,194159120569.0,2018,3,March,3,525.7998046875,387.7998046875,3.493093894221728,Increased
1771,Bitcoin,BTC,2018-03-04 23:59:59,11512.599609375,11136.099609375,11497.400390625,11512.599609375,6084149760.0,194567395376.0,2018,3,March,4,376.5,15.19921875,0.13219700309292062,Increased
1772,Bitcoin,BTC,2018-03-05 23:59:59,11704.099609375,11443.900390625,11532.400390625,11573.2998046875,6468539904.0,195614809925.0,2018,3,March,5,260.19921875,40.8994140625,0.35464788489088744,Increased
1773,Bitcoin,BTC,2018-03-06 23:59:59,11500.099609375,10694.2998046875,11500.099609375,10779.900390625,6832169984.0,182225316082.0,2018,3,March,6,805.7998046875,-720.19921875,-6.262547657960164,Decreased
1774,Bitcoin,BTC,2018-03-07 23:59:59,10929.5,9692.1201171875,10803.900390625,9965.5703125,8797910016.0,168479670395.0,2018,3,March,7,1237.3798828125,-838.330078125,-7.759513211103412,Decreased
1775,Bitcoin,BTC,2018-03-08 23:59:59,10147.400390625,9335.8701171875,9951.4404296875,9395.009765625,7186089984.0,158852238332.0,2018,3,March,8,811.5302734375,-556.4306640625,-5.5914585229544835,Decreased
1776,Bitcoin,BTC,2018-03-09 23:59:59,2387.610107421875,8513.0302734375,9414.6904296875,9337.5498046875,8704190464.0,157898203939.0,2018,3,March,9,-6125.420166015625,-77.140625,-0.819364434509192,Decreased
1777,Bitcoin,BTC,2018-03-10 23:59:59,9531.3203125,8828.4697265625,9350.58984375,8866.0,5386319872.0,149939797150.0,2018,3,March,10,702.8505859375,-484.58984375,-5.1824521431009325,Decreased
1778,Bitcoin,BTC,2018-03-11 23:59:59,9711.8896484375,8607.1201171875,8852.7802734375,9578.6298828125,6296370176.0,162009710243.0,2018,3,March,11,1104.76953125,725.849609375,8.199114706968272,Increased
1779,Bitcoin,BTC,2018-03-12 23:59:59,9937.5,8956.4296875,9602.9296875,9205.1201171875,6457399808.0,155710928717.0,2018,3,March,12,981.0703125,-397.8095703125,-4.142585473996786,Decreased
1780,Bitcoin,BTC,2018-03-13 23:59:59,9470.3798828125,8958.1904296875,9173.0400390625,9194.849609375,5991139840.0,155555594312.0,2018,3,March,13,512.189453125,21.8095703125,0.2377572780629547,Increased
1781,Bitcoin,BTC,2018-03-14 23:59:59,9355.849609375,8068.58984375,9214.650390625,8269.8095703125,6438230016.0,139920843550.0,2018,3,March,14,1287.259765625,-944.8408203125,-10.253680609237032,Decreased
1782,Bitcoin,BTC,2018-03-15 23:59:59,8428.349609375,7783.0498046875,8290.759765625,8300.8603515625,6834429952.0,140460819364.0,2018,3,March,15,645.2998046875,10.1005859375,0.12182943690370657,Increased
1783,Bitcoin,BTC,2018-03-16 23:59:59,8585.150390625,8005.31005859375,8322.91015625,8338.349609375,5289379840.0,141111773179.0,2018,3,March,16,579.84033203125,15.439453125,0.18550546425646453,Increased
1784,Bitcoin,BTC,2018-03-17 23:59:59,8346.5302734375,7812.81982421875,8321.91015625,7916.8798828125,4426149888.0,133993486925.0,2018,3,March,17,533.71044921875,-405.0302734375,-4.867034921463437,Decreased
1785,Bitcoin,BTC,2018-03-18 23:59:59,8245.509765625,7397.990234375,7890.52001953125,8223.6796875,6639190016.0,139201713268.0,2018,3,March,18,847.51953125,333.15966796875,4.222277709759133,Increased
1786,Bitcoin,BTC,2018-03-19 23:59:59,8675.8701171875,8182.39990234375,8344.1201171875,8630.650390625,6729110016.0,146107514353.0,2018,3,March,19,493.47021484375,286.5302734375,3.4339183690236585,Increased
1787,Bitcoin,BTC,2018-03-20 23:59:59,9051.01953125,8389.8896484375,8619.669921875,8913.4697265625,6361789952.0,150909503835.0,2018,3,March,20,661.1298828125,293.7998046875,3.4084809203876216,Increased
1788,Bitcoin,BTC,2018-03-21 23:59:59,9177.3701171875,8846.330078125,8937.48046875,8929.2802734375,6043129856.0,151193917440.0,2018,3,March,21,331.0400390625,-8.2001953125,-0.09175063756695273,Decreased
1789,Bitcoin,BTC,2018-03-22 23:59:59,9100.7099609375,8564.900390625,8939.4404296875,8728.4697265625,5530390016.0,147809220250.0,2018,3,March,22,535.8095703125,-210.970703125,-2.359998981864405,Decreased
1790,Bitcoin,BTC,2018-03-23 23:59:59,8879.6201171875,8360.6201171875,8736.25,8879.6201171875,5954120192.0,150383574951.0,2018,3,March,23,519.0,143.3701171875,1.6410944877664904,Increased
1791,Bitcoin,BTC,2018-03-24 23:59:59,8996.1796875,8665.7001953125,8901.9501953125,8668.1201171875,5664600064.0,146818882936.0,2018,3,March,24,330.4794921875,-233.830078125,-2.626728671747994,Decreased
1792,Bitcoin,BTC,2018-03-25 23:59:59,8682.009765625,8449.099609375,8612.8095703125,8495.7802734375,4569880064.0,143914265310.0,2018,3,March,25,232.91015625,-117.029296875,-1.3587818924777852,Decreased
1793,Bitcoin,BTC,2018-03-26 23:59:59,8530.080078125,7921.43017578125,8498.4697265625,8209.400390625,5921039872.0,139078211968.0,2018,3,March,26,608.64990234375,-289.0693359375,-3.401428083387715,Decreased
1794,Bitcoin,BTC,2018-03-27 23:59:59,8232.7802734375,7797.27978515625,8200.0,7833.0400390625,5378250240.0,132717053150.0,2018,3,March,27,435.50048828125,-366.9599609375,-4.475121474847561,Decreased
1795,Bitcoin,BTC,2018-03-28 23:59:59,8122.89013671875,7809.169921875,7836.830078125,7954.47998046875,4935289856.0,134788265876.0,2018,3,March,28,313.72021484375,117.64990234375,1.5012435024225805,Increased
1796,Bitcoin,BTC,2018-03-29 23:59:59,7994.330078125,7081.3798828125,7979.06982421875,7165.7001953125,6361229824.0,121436043045.0,2018,3,March,29,912.9501953125,-813.36962890625,-10.193790088632154,Decreased
1797,Bitcoin,BTC,2018-03-30 23:59:59,7276.66015625,6683.93017578125,7171.4501953125,6890.52001953125,6289509888.0,116786562165.0,2018,3,March,30,592.72998046875,-280.93017578125,-3.917341236851583,Decreased
1798,Bitcoin,BTC,2018-03-31 23:59:59,7207.85009765625,6863.52001953125,6892.47998046875,6973.52978515625,4553269760.0,118204645927.0,2018,3,March,31,344.330078125,81.0498046875,1.1759164323606477,Increased
1799,Bitcoin,BTC,2018-04-01 23:59:59,7060.9501953125,6526.8701171875,7003.06005859375,6844.22998046875,4532100096.0,116026809075.0,2018,4,April,1,534.080078125,-158.830078125,-2.2680096528672906,Decreased
1800,Bitcoin,BTC,2018-04-02 23:59:59,7135.47021484375,6816.580078125,6844.85986328125,7083.7998046875,4333440000.0,120101932910.0,2018,4,April,2,318.89013671875,238.93994140625,3.4907937661079935,Increased
1801,Bitcoin,BTC,2018-04-03 23:59:59,7530.93994140625,7072.490234375,7102.259765625,7456.10986328125,5499700224.0,126429245883.0,2018,4,April,3,458.44970703125,353.85009765625,4.982218467548703,Increased
1802,Bitcoin,BTC,2018-04-04 23:59:59,7469.8798828125,6803.8798828125,7456.41015625,6853.83984375,4936000000.0,116229557118.0,2018,4,April,4,666.0,-602.5703125,-8.081238825025236,Decreased
1803,Bitcoin,BTC,2018-04-05 23:59:59,6933.81982421875,6644.7998046875,6848.64990234375,6811.47021484375,5639320064.0,115524404354.0,2018,4,April,5,289.02001953125,-37.1796875,-0.5428761585152183,Decreased
1804,Bitcoin,BTC,2018-04-06 23:59:59,6857.490234375,6575.0,6815.9599609375,6636.31982421875,3766810112.0,112565173568.0,2018,4,April,6,282.490234375,-179.64013671875,-2.635580868260286,Decreased
1805,Bitcoin,BTC,2018-04-07 23:59:59,7050.5400390625,6630.509765625,6630.509765625,6911.08984375,3976610048.0,117241368688.0,2018,4,April,7,420.0302734375,280.580078125,4.231651683549736,Increased
1806,Bitcoin,BTC,2018-04-08 23:59:59,7111.56005859375,6919.97998046875,6919.97998046875,7023.52001953125,3652499968.0,119162880482.0,2018,4,April,8,191.580078125,103.5400390625,1.4962476676917544,Increased
1807,Bitcoin,BTC,2018-04-09 23:59:59,7178.10986328125,6661.990234375,7044.31982421875,6770.72998046875,4894060032.0,114886335694.0,2018,4,April,9,516.11962890625,-273.58984375,-3.88383620529811,Decreased
1808,Bitcoin,BTC,2018-04-10 23:59:59,6872.41015625,6704.14990234375,6795.43994140625,6834.759765625,4272750080.0,115978358964.0,2018,4,April,10,168.26025390625,39.31982421875,0.5786207303395451,Increased
1809,Bitcoin,BTC,2018-04-11 23:59:59,6968.31982421875,6817.58984375,6843.47021484375,6968.31982421875,4641889792.0,118267198080.0,2018,4,April,11,150.72998046875,124.849609375,1.8243611129364807,Increased
1810,Bitcoin,BTC,2018-04-12 23:59:59,7899.22998046875,6806.509765625,6955.3798828125,7889.25,8906250240.0,133912618634.0,2018,4,April,12,1092.72021484375,933.8701171875,13.426586799309046,Increased
1811,Bitcoin,BTC,2018-04-13 23:59:59,8183.9599609375,7758.93017578125,7901.08984375,7895.9599609375,7764460032.0,134043001354.0,2018,4,April,13,425.02978515625,-5.1298828125,-0.06492626857746582,Decreased
1812,Bitcoin,BTC,2018-04-14 23:59:59,8140.7099609375,7846.0,7874.669921875,7986.240234375,5191430144.0,135589384440.0,2018,4,April,14,294.7099609375,111.5703125,1.4168252587968098,Increased
1813,Bitcoin,BTC,2018-04-15 23:59:59,8338.419921875,7999.330078125,7999.330078125,8329.1103515625,5244480000.0,141427138383.0,2018,4,April,15,339.08984375,329.7802734375,4.122598645345545,Increased
1814,Bitcoin,BTC,2018-04-16 23:59:59,8371.150390625,7925.72998046875,8337.5703125,8058.669921875,5631309824.0,136849408643.0,2018,4,April,16,445.42041015625,-278.900390625,-3.3451039112301335,Decreased
1815,Bitcoin,BTC,2018-04-17 23:59:59,8285.9599609375,7881.72021484375,8071.66015625,7902.08984375,6900879872.0,134206623206.0,2018,4,April,17,404.23974609375,-169.5703125,-2.1008108520116435,Decreased
1816,Bitcoin,BTC,2018-04-18 23:59:59,8197.7998046875,7886.009765625,7944.43017578125,8163.419921875,6529909760.0,138661092884.0,2018,4,April,18,311.7900390625,218.98974609375,2.756519237356312,Increased
1817,Bitcoin,BTC,2018-04-19 23:59:59,8298.6904296875,8138.77978515625,8159.27001953125,8294.3095703125,7063209984.0,140902801023.0,2018,4,April,19,159.91064453125,135.03955078125,1.6550445132713971,Increased
1818,Bitcoin,BTC,2018-04-20 23:59:59,8880.23046875,8244.5400390625,8286.8798828125,8845.830078125,8438110208.0,150287113368.0,2018,4,April,20,635.6904296875,558.9501953125,6.745001776504535,Increased
1819,Bitcoin,BTC,2018-04-21 23:59:59,8997.5703125,8652.150390625,8848.7900390625,8895.580078125,7548550144.0,151150137128.0,2018,4,April,21,345.419921875,46.7900390625,0.5287732995804842,Increased
1820,Bitcoin,BTC,2018-04-22 23:59:59,9001.6396484375,8779.6103515625,8925.0595703125,8802.4599609375,6629899776.0,149585589886.0,2018,4,April,22,222.029296875,-122.599609375,-1.3736559225083953,Decreased
1821,Bitcoin,BTC,2018-04-23 23:59:59,8958.5498046875,8788.8095703125,8794.3896484375,8930.8798828125,6925190144.0,151784994312.0,2018,4,April,23,169.740234375,136.490234375,1.5520148621030252,Increased
1822,Bitcoin,BTC,2018-04-24 23:59:59,9732.6103515625,8927.830078125,8934.33984375,9697.5,10678800384.0,164833256250.0,2018,4,April,24,804.7802734375,763.16015625,8.541875164776357,Increased
1823,Bitcoin,BTC,2018-04-25 23:59:59,9745.3203125,8799.83984375,9701.0302734375,8845.740234375,11083100160.0,150369282696.0,2018,4,April,25,945.48046875,-855.2900390625,-8.816486650952726,Decreased
1824,Bitcoin,BTC,2018-04-26 23:59:59,9281.509765625,8727.08984375,8867.3203125,9281.509765625,8970559488.0,157793327246.0,2018,4,April,26,554.419921875,414.189453125,4.670965280696236,Increased
1825,Bitcoin,BTC,2018-04-27 23:59:59,9375.4697265625,8987.0498046875,9290.6298828125,8987.0498046875,7566289920.0,152802874822.0,2018,4,April,27,388.419921875,-303.580078125,-3.267594145436982,Decreased
1826,Bitcoin,BTC,2018-04-28 23:59:59,9412.08984375,8931.990234375,8939.26953125,9348.48046875,7805479936.0,158963068374.0,2018,4,April,28,480.099609375,409.2109375,4.577677583939893,Increased
1827,Bitcoin,BTC,2018-04-29 23:59:59,9531.490234375,9193.7099609375,9346.41015625,9419.080078125,8853000192.0,160182287342.0,2018,4,April,29,337.7802734375,72.669921875,0.7775169360228129,Increased
1828,Bitcoin,BTC,2018-04-30 23:59:59,9477.1396484375,9166.8095703125,9426.1103515625,9240.5498046875,8673920000.0,157163847314.0,2018,4,April,30,310.330078125,-185.560546875,-1.9685802516012443,Decreased
1829,Bitcoin,BTC,2018-05-01 23:59:59,9255.8798828125,8891.0498046875,9251.4697265625,9119.009765625,7713019904.0,155114132125.0,2018,5,May,1,364.830078125,-132.4599609375,-1.4317720843552624,Decreased
1830,Bitcoin,BTC,2018-05-02 23:59:59,9256.51953125,9015.1396484375,9104.599609375,9235.919921875,7558159872.0,157119854754.0,2018,5,May,2,241.3798828125,131.3203125,1.442351318390537,Increased
1831,Bitcoin,BTC,2018-05-03 23:59:59,9798.330078125,9188.150390625,9233.9697265625,9743.8603515625,10207299584.0,165778380092.0,2018,5,May,3,610.1796875,509.890625,5.521900548723321,Increased
1832,Bitcoin,BTC,2018-05-04 23:59:59,9779.2001953125,9585.9599609375,9695.5,9700.759765625,8217829888.0,165062796742.0,2018,5,May,4,193.240234375,5.259765625,0.05424955520602342,Increased
1833,Bitcoin,BTC,2018-05-05 23:59:59,9964.5,9695.1201171875,9700.2802734375,9858.150390625,7651939840.0,167759953654.0,2018,5,May,5,269.3798828125,157.8701171875,1.627479956633824,Increased
1834,Bitcoin,BTC,2018-05-06 23:59:59,9940.1396484375,9465.25,9845.3095703125,9654.7998046875,7222280192.0,164316605278.0,2018,5,May,6,474.8896484375,-190.509765625,-1.935030729754423,Decreased
1835,Bitcoin,BTC,2018-05-07 23:59:59,9665.849609375,9231.5302734375,9645.669921875,9373.009765625,7394019840.0,159538115686.0,2018,5,May,7,434.3193359375,-272.66015625,-2.82676225143933,Decreased
1836,Bitcoin,BTC,2018-05-08 23:59:59,9462.75,9127.76953125,9380.8701171875,9234.8203125,7415869952.0,157202142973.0,2018,5,May,8,334.98046875,-146.0498046875,-1.5568897433076019,Decreased
1837,Bitcoin,BTC,2018-05-09 23:59:59,9374.759765625,9031.6201171875,9223.73046875,9325.1796875,7226890240.0,158758858205.0,2018,5,May,9,343.1396484375,101.44921875,1.099871891245196,Increased
1838,Bitcoin,BTC,2018-05-10 23:59:59,9396.0400390625,9040.51953125,9325.9599609375,9043.9404296875,6906699776.0,153988453198.0,2018,5,May,10,355.5205078125,-282.01953125,-3.024026828672442,Decreased
1839,Bitcoin,BTC,2018-05-11 23:59:59,9052.9599609375,8394.4599609375,9052.9599609375,8441.490234375,8488520192.0,143743802092.0,2018,5,May,11,658.5,-611.4697265625,-6.754362431745228,Decreased
1840,Bitcoin,BTC,2018-05-12 23:59:59,8664.8603515625,8223.5,8441.4404296875,8504.8896484375,6821380096.0,144841040789.0,2018,5,May,12,441.3603515625,63.44921875,0.7516397145546033,Increased
1841,Bitcoin,BTC,2018-05-13 23:59:59,8773.5498046875,8395.1201171875,8515.490234375,8723.9404296875,5866379776.0,148587777457.0,2018,5,May,13,378.4296875,208.4501953125,2.4478942441979012,Increased
1842,Bitcoin,BTC,2018-05-14 23:59:59,8881.1201171875,8367.9697265625,8713.099609375,8716.7900390625,7364149760.0,148480275422.0,2018,5,May,14,513.150390625,3.6904296875,0.04235495808551555,Increased
1843,Bitcoin,BTC,2018-05-15 23:59:59,8836.1904296875,8456.4501953125,8705.1904296875,8510.3798828125,6705710080.0,144979744412.0,2018,5,May,15,379.740234375,-194.810546875,-2.23786657452815,Decreased
1844,Bitcoin,BTC,2018-05-16 23:59:59,8508.4296875,8175.490234375,8504.41015625,8368.830078125,6760220160.0,142587497878.0,2018,5,May,16,332.939453125,-135.580078125,-1.5942325879633223,Decreased
1845,Bitcoin,BTC,2018-05-17 23:59:59,8445.5400390625,8054.1201171875,8370.0498046875,8094.31982421875,5862530048.0,137923772714.0,2018,5,May,17,391.419921875,-275.72998046875,-3.294245397611998,Decreased
1846,Bitcoin,BTC,2018-05-18 23:59:59,8274.1201171875,7974.81982421875,8091.830078125,8250.9697265625,5764190208.0,140607667610.0,2018,5,May,18,299.30029296875,159.1396484375,1.9666706653629469,Increased
1847,Bitcoin,BTC,2018-05-19 23:59:59,8372.0595703125,8183.35009765625,8255.73046875,8247.1796875,4712399872.0,140559162894.0,2018,5,May,19,188.70947265625,-8.55078125,-0.10357389067347633,Decreased
1848,Bitcoin,BTC,2018-05-20 23:59:59,8562.41015625,8205.240234375,8246.990234375,8513.25,5191059968.0,145109512565.0,2018,5,May,20,357.169921875,266.259765625,3.228568945252044,Increased
1849,Bitcoin,BTC,2018-05-21 23:59:59,8557.51953125,8365.1201171875,8522.330078125,8418.990234375,5154990080.0,143518943480.0,2018,5,May,21,192.3994140625,-103.33984375,-1.212577344489992,Decreased
1850,Bitcoin,BTC,2018-05-22 23:59:59,8423.25,8004.580078125,8419.8701171875,8041.77978515625,5137010176.0,137104106176.0,2018,5,May,22,418.669921875,-378.09033203125,-4.490453258411354,Decreased
1851,Bitcoin,BTC,2018-05-23 23:59:59,8054.66015625,7507.8798828125,8037.080078125,7557.81982421875,6491120128.0,128868479514.0,2018,5,May,23,546.7802734375,-479.26025390625,-5.963114081825329,Decreased
1852,Bitcoin,BTC,2018-05-24 23:59:59,7738.60009765625,7331.14013671875,7561.1201171875,7587.33984375,6049220096.0,129385391552.0,2018,5,May,24,407.4599609375,26.2197265625,0.3467704011591991,Increased
1853,Bitcoin,BTC,2018-05-25 23:59:59,7659.14013671875,7392.64990234375,7592.2998046875,7480.14013671875,4867829760.0,127573690458.0,2018,5,May,25,266.490234375,-112.15966796875,-1.477281862598503,Decreased
1854,Bitcoin,BTC,2018-05-26 23:59:59,7595.16015625,7349.1201171875,7486.47998046875,7355.8798828125,4051539968.0,125469061263.0,2018,5,May,26,246.0400390625,-130.60009765625,-1.7444793547430653,Decreased
1855,Bitcoin,BTC,2018-05-27 23:59:59,7381.740234375,7270.9599609375,7362.080078125,7368.22021484375,4056519936.0,125695017596.0,2018,5,May,27,110.7802734375,6.14013671875,0.0834021995630587,Increased
1856,Bitcoin,BTC,2018-05-28 23:59:59,7419.0498046875,7100.89013671875,7371.31005859375,7135.990234375,5040600064.0,121747389422.0,2018,5,May,28,318.15966796875,-235.31982421875,-3.1923745216008834,Decreased
1857,Bitcoin,BTC,2018-05-29 23:59:59,7526.419921875,7090.68017578125,7129.4599609375,7472.58984375,5662660096.0,127502651064.0,2018,5,May,29,435.73974609375,343.1298828125,4.812845358449556,Increased
1858,Bitcoin,BTC,2018-05-30 23:59:59,7573.77001953125,7313.60009765625,7469.72998046875,7406.52001953125,4922540032.0,126391893474.0,2018,5,May,30,260.169921875,-63.2099609375,-0.8462148043205889,Decreased
1859,Bitcoin,BTC,2018-05-31 23:59:59,7608.89990234375,7361.1298828125,7406.14990234375,7494.169921875,5127130112.0,127902999390.0,2018,5,May,31,247.77001953125,88.02001953125,1.1884720224660208,Increased
1860,Bitcoin,BTC,2018-06-01 23:59:59,7604.72998046875,7407.33984375,7500.7001953125,7541.4501953125,4921460224.0,128725854692.0,2018,6,June,1,197.39013671875,40.75,0.5432826128081533,Increased
1861,Bitcoin,BTC,2018-06-02 23:59:59,7695.830078125,7497.259765625,7536.72021484375,7643.4501953125,4939299840.0,130481526036.0,2018,6,June,2,198.5703125,106.72998046875,1.4161329786203654,Increased
1862,Bitcoin,BTC,2018-06-03 23:59:59,7754.89013671875,7613.0400390625,7632.08984375,7720.25,4851760128.0,131808021256.0,2018,6,June,3,141.85009765625,88.16015625,1.1551247175397876,Increased
1863,Bitcoin,BTC,2018-06-04 23:59:59,7753.81982421875,7474.0400390625,7722.52978515625,7514.47021484375,4993169920.0,128312205314.0,2018,6,June,4,279.77978515625,-208.0595703125,-2.694189289012763,Decreased
1864,Bitcoin,BTC,2018-06-05 23:59:59,7643.22998046875,7397.0,7500.89990234375,7633.759765625,4961739776.0,130365918088.0,2018,6,June,5,246.22998046875,132.85986328125,1.771252316535197,Increased
1865,Bitcoin,BTC,2018-06-06 23:59:59,7680.43017578125,7502.009765625,7625.97021484375,7653.97998046875,4692259840.0,130725095161.0,2018,6,June,6,178.42041015625,28.009765625,0.3672944535041552,Increased
1866,Bitcoin,BTC,2018-06-07 23:59:59,7741.27001953125,7650.81982421875,7650.81982421875,7678.240234375,4485799936.0,131153169176.0,2018,6,June,7,90.4501953125,27.42041015625,0.3583983257513189,Increased
1867,Bitcoin,BTC,2018-06-08 23:59:59,7698.18994140625,7558.39990234375,7685.14013671875,7624.919921875,4227579904.0,130256218613.0,2018,6,June,8,139.7900390625,-60.22021484375,-0.7835929309346549,Decreased
1868,Bitcoin,BTC,2018-06-09 23:59:59,7683.580078125,7531.97998046875,7632.52001953125,7531.97998046875,3845220096.0,128682085689.0,2018,6,June,9,151.60009765625,-100.5400390625,-1.3172587665046787,Decreased
1869,Bitcoin,BTC,2018-06-10 23:59:59,7499.5498046875,6709.06982421875,7499.5498046875,6786.02001953125,5804839936.0,115948312827.0,2018,6,June,10,790.47998046875,-713.52978515625,-9.514301574612746,Decreased
1870,Bitcoin,BTC,2018-06-11 23:59:59,6910.18017578125,6706.6298828125,6799.2900390625,6906.919921875,4745269760.0,118025877189.0,2018,6,June,11,203.55029296875,107.6298828125,1.5829576646114105,Increased
1871,Bitcoin,BTC,2018-06-12 23:59:59,6907.9599609375,6542.080078125,6905.81982421875,6582.35986328125,4654380032.0,112491874164.0,2018,6,June,12,365.8798828125,-323.4599609375,-4.6838748935082855,Decreased
1872,Bitcoin,BTC,2018-06-13 23:59:59,6631.66015625,6285.6298828125,6596.8798828125,6349.89990234375,5052349952.0,108530585830.0,2018,6,June,13,346.0302734375,-246.97998046875,-3.743890821966173,Decreased
1873,Bitcoin,BTC,2018-06-14 23:59:59,6707.14013671875,6334.4599609375,6342.75,6675.35009765625,5138710016.0,114106009748.0,2018,6,June,14,372.68017578125,332.60009765625,5.243783810748493,Increased
1874,Bitcoin,BTC,2018-06-15 23:59:59,6681.080078125,6433.8701171875,6674.080078125,6456.580078125,3955389952.0,110378702283.0,2018,6,June,15,247.2099609375,-217.5,-3.258876091596191,Decreased
1875,Bitcoin,BTC,2018-06-16 23:59:59,6592.490234375,6402.2900390625,6455.4501953125,6550.16015625,3194170112.0,111992015616.0,2018,6,June,16,190.2001953125,94.7099609375,1.4671317734938425,Increased
1876,Bitcoin,BTC,2018-06-17 23:59:59,6589.10986328125,6499.27001953125,6545.52978515625,6499.27001953125,3104019968.0,111134754810.0,2018,6,June,17,89.83984375,-46.259765625,-0.7067382953463365,Decreased
1877,Bitcoin,BTC,2018-06-18 23:59:59,6781.14013671875,6446.68017578125,6510.06982421875,6734.81982421875,4039200000.0,115176197712.0,2018,6,June,18,334.4599609375,224.75,3.4523439236225313,Increased
1878,Bitcoin,BTC,2018-06-19 23:59:59,6822.5,6709.919921875,6742.39013671875,6769.93994140625,4057029888.0,115789919278.0,2018,6,June,19,112.580078125,27.5498046875,0.40860591168501237,Increased
1879,Bitcoin,BTC,2018-06-20 23:59:59,6821.56005859375,6611.8798828125,6770.759765625,6776.5498046875,3888640000.0,115916357344.0,2018,6,June,20,209.68017578125,5.7900390625,0.08551535223411562,Increased
1880,Bitcoin,BTC,2018-06-21 23:59:59,6810.93994140625,6715.169921875,6780.08984375,6729.740234375,3529129984.0,115129700024.0,2018,6,June,21,95.77001953125,-50.349609375,-0.7426097667630925,Decreased
1881,Bitcoin,BTC,2018-06-22 23:59:59,6747.080078125,6006.60009765625,6737.8798828125,6083.68994140625,5079810048.0,104088814967.0,2018,6,June,22,740.47998046875,-654.18994140625,-9.709136297828755,Decreased
1882,Bitcoin,BTC,2018-06-23 23:59:59,6224.81982421875,6071.81005859375,6090.10009765625,6162.47998046875,3431360000.0,105449276520.0,2018,6,June,23,153.009765625,72.3798828125,1.1884842884660483,Increased
1883,Bitcoin,BTC,2018-06-24 23:59:59,6223.77978515625,5826.41015625,6164.27978515625,6173.22998046875,4566909952.0,105646571668.0,2018,6,June,24,397.36962890625,8.9501953125,0.14519450161967518,Increased
1884,Bitcoin,BTC,2018-06-25 23:59:59,6327.3701171875,6119.68017578125,6171.97021484375,6249.18017578125,5500810240.0,106958465208.0,2018,6,June,25,207.68994140625,77.2099609375,1.250977536343387,Increased
1885,Bitcoin,BTC,2018-06-26 23:59:59,6290.16015625,6093.669921875,6253.5498046875,6093.669921875,3279759872.0,104307939200.0,2018,6,June,26,196.490234375,-159.8798828125,-2.5566260413031037,Decreased
1886,Bitcoin,BTC,2018-06-27 23:59:59,6180.0,6052.85009765625,6084.39990234375,6157.1298828125,3296219904.0,105403600614.0,2018,6,June,27,127.14990234375,72.72998046875,1.195351746040459,Increased
1887,Bitcoin,BTC,2018-06-28 23:59:59,6170.41015625,5873.0498046875,6153.16015625,5903.43994140625,3467800064.0,101072353482.0,2018,6,June,28,297.3603515625,-249.72021484375,-4.058405900423372,Decreased
1888,Bitcoin,BTC,2018-06-29 23:59:59,6261.66015625,5835.75,5898.1298828125,6218.2998046875,3966230016.0,106474707240.0,2018,6,June,29,425.91015625,320.169921875,5.428329457579328,Increased
1889,Bitcoin,BTC,2018-06-30 23:59:59,6465.509765625,6214.22021484375,6214.22021484375,6404.0,4543860224.0,109665618200.0,2018,6,June,30,251.28955078125,189.77978515625,3.053959766390767,Increased
1890,Bitcoin,BTC,2018-07-01 23:59:59,6432.85009765625,6289.2900390625,6411.68017578125,6385.81982421875,4788259840.0,109366024632.0,2018,7,July,1,143.56005859375,-25.8603515625,-0.4033319013662276,Decreased
1891,Bitcoin,BTC,2018-07-02 23:59:59,6683.85986328125,6305.7001953125,6380.3798828125,6614.18017578125,4396930048.0,113288832522.0,2018,7,July,2,378.15966796875,233.80029296875,3.664363208193331,Increased
1892,Bitcoin,BTC,2018-07-03 23:59:59,6671.3701171875,6447.75,6596.66015625,6529.58984375,4672309760.0,111849428104.0,2018,7,July,3,223.6201171875,-67.0703125,-1.016731359678341,Decreased
1893,Bitcoin,BTC,2018-07-04 23:59:59,6771.919921875,6450.4599609375,6550.8701171875,6597.5498046875,4176689920.0,113024522547.0,2018,7,July,4,321.4599609375,46.6796875,0.7125723249729319,Increased
1894,Bitcoin,BTC,2018-07-05 23:59:59,6749.5400390625,6546.64990234375,6599.7099609375,6639.14013671875,4999240192.0,113748385620.0,2018,7,July,5,202.89013671875,39.43017578125,0.5974531610423813,Increased
1895,Bitcoin,BTC,2018-07-06 23:59:59,6700.93994140625,6533.5498046875,6638.68994140625,6673.5,4313959936.0,114350502582.0,2018,7,July,6,167.39013671875,34.81005859375,0.5243513238453235,Increased
1896,Bitcoin,BTC,2018-07-07 23:59:59,6863.990234375,6579.240234375,6668.7099609375,6856.93017578125,3961080064.0,117506606000.0,2018,7,July,7,284.75,188.22021484375,2.822438161897352,Increased
1897,Bitcoin,BTC,2018-07-08 23:59:59,6885.91015625,6747.97998046875,6857.7998046875,6773.8798828125,3386210048.0,116097021279.0,2018,7,July,8,137.93017578125,-83.919921875,-1.2237149561822782,Decreased
1898,Bitcoin,BTC,2018-07-09 23:59:59,6838.68017578125,6724.33984375,6775.080078125,6741.75,3718129920.0,115557889495.0,2018,7,July,9,114.34033203125,-33.330078125,-0.49195105800467653,Decreased
1899,Bitcoin,BTC,2018-07-10 23:59:59,6767.740234375,6320.72021484375,6739.2099609375,6329.9501953125,4052430080.0,108511009626.0,2018,7,July,10,447.02001953125,-409.259765625,-6.072815181559759,Decreased
1900,Bitcoin,BTC,2018-07-11 23:59:59,6444.9599609375,6330.47021484375,6330.77001953125,6394.7099609375,3644859904.0,109631867446.0,2018,7,July,11,114.48974609375,63.93994140625,1.0099867979564405,Increased
1901,Bitcoin,BTC,2018-07-12 23:59:59,6397.10009765625,6136.419921875,6396.77978515625,6228.81005859375,3770170112.0,106798864820.0,2018,7,July,12,260.68017578125,-167.9697265625,-2.625848195560434,Decreased
1902,Bitcoin,BTC,2018-07-13 23:59:59,6310.5498046875,6192.240234375,6235.02978515625,6238.0498046875,3805400064.0,106968440793.0,2018,7,July,13,118.3095703125,3.02001953125,0.048436328859884,Increased
1903,Bitcoin,BTC,2018-07-14 23:59:59,6298.18994140625,6212.22021484375,6247.5,6276.1201171875,2923670016.0,107631453835.0,2018,7,July,14,85.9697265625,28.6201171875,0.4581051170468187,Increased
1904,Bitcoin,BTC,2018-07-15 23:59:59,6403.4599609375,6256.509765625,6272.7001953125,6359.64013671875,3285459968.0,109074579938.0,2018,7,July,15,146.9501953125,86.93994140625,1.3860050488499194,Increased
1905,Bitcoin,BTC,2018-07-16 23:59:59,6741.75,6357.009765625,6357.009765625,6741.75,4725799936.0,115638203962.0,2018,7,July,16,384.740234375,384.740234375,6.052220282174973,Increased
1906,Bitcoin,BTC,2018-07-17 23:59:59,7387.240234375,6684.169921875,6739.64990234375,7321.0400390625,5961950208.0,125588963706.0,2018,7,July,17,703.0703125,581.39013671875,8.626414504358282,Increased
1907,Bitcoin,BTC,2018-07-18 23:59:59,7534.990234375,7280.47021484375,7315.31982421875,7370.77978515625,6103410176.0,126458165406.0,2018,7,July,18,254.52001953125,55.4599609375,0.7581344667103864,Increased
1908,Bitcoin,BTC,2018-07-19 23:59:59,7494.4599609375,7295.4599609375,7378.2001953125,7466.85986328125,5111629824.0,128122730711.0,2018,7,July,19,199.0,88.65966796875,1.2016435664767817,Increased
1909,Bitcoin,BTC,2018-07-20 23:59:59,7594.669921875,7323.259765625,7467.39990234375,7354.1298828125,4936869888.0,126202570251.0,2018,7,July,20,271.41015625,-113.27001953125,-1.5168602326453495,Decreased
1910,Bitcoin,BTC,2018-07-21 23:59:59,7437.64013671875,7262.41015625,7352.72021484375,7419.2900390625,3726609920.0,127333468174.0,2018,7,July,21,175.22998046875,66.56982421875,0.9053768166556662,Increased
1911,Bitcoin,BTC,2018-07-22 23:59:59,7537.9501953125,7383.81982421875,7417.7998046875,7418.490234375,3695460096.0,127336615249.0,2018,7,July,22,154.13037109375,0.6904296875,0.009307742264272213,Increased
1912,Bitcoin,BTC,2018-07-23 23:59:59,7771.5,7409.10009765625,7414.7099609375,7711.10986328125,5132480000.0,132375368459.0,2018,7,July,23,362.39990234375,296.39990234375,3.9974578089400254,Increased
1913,Bitcoin,BTC,2018-07-24 23:59:59,8424.26953125,7705.5,7716.509765625,8424.26953125,7277689856.0,144634918474.0,2018,7,July,24,718.76953125,707.759765625,9.17201930823546,Increased
1914,Bitcoin,BTC,2018-07-25 23:59:59,8416.8701171875,8086.35986328125,8379.66015625,8181.39013671875,5845400064.0,140482950401.0,2018,7,July,25,330.51025390625,-198.27001953125,-2.3660866411553645,Decreased
1915,Bitcoin,BTC,2018-07-26 23:59:59,8290.330078125,7878.7099609375,8176.85009765625,7951.580078125,4899089920.0,136553079708.0,2018,7,July,26,411.6201171875,-225.27001953125,-2.7549730867124453,Decreased
1916,Bitcoin,BTC,2018-07-27 23:59:59,8262.66015625,7839.759765625,7950.39990234375,8165.009765625,5195879936.0,140235573607.0,2018,7,July,27,422.900390625,214.60986328125,2.699359351948872,Increased
1917,Bitcoin,BTC,2018-07-28 23:59:59,8222.849609375,8110.77001953125,8169.06005859375,8192.150390625,3988750080.0,140716560550.0,2018,7,July,28,112.07958984375,23.09033203125,0.2826559220477178,Increased
1918,Bitcoin,BTC,2018-07-29 23:59:59,8272.259765625,8141.18017578125,8205.8203125,8218.4599609375,4107190016.0,141185844808.0,2018,7,July,29,131.07958984375,12.6396484375,0.15403272258162795,Increased
1919,Bitcoin,BTC,2018-07-30 23:59:59,8235.5,7917.5,8221.58,8180.48,5551400000.0,140547190784.0,2018,7,July,30,318.0,-41.100000000000364,-0.4999039114136256,Decreased
1920,Bitcoin,BTC,2018-07-31 23:59:59,8181.53,7696.93,8181.2,7780.44,5287530000.0,133688476220.0,2018,7,July,31,484.59999999999945,-400.7600000000002,-4.898547890285046,Decreased
1921,Bitcoin,BTC,2018-08-01 23:59:59,7769.04,7504.95,7769.04,7624.91,4797620000.0,131030166771.0,2018,8,August,1,264.09000000000015,-144.1300000000001,-1.8551841668983569,Decreased
1922,Bitcoin,BTC,2018-08-02 23:59:59,7712.77,7523.44,7634.19,7567.15,4214110000.0,130052066760.0,2018,8,August,2,189.33000000000084,-67.03999999999996,-0.8781547223739515,Decreased
1923,Bitcoin,BTC,2018-08-03 23:59:59,7562.14,7328.65,7562.14,7434.39,4627150000.0,127785826655.0,2018,8,August,3,233.4900000000007,-127.75,-1.6893366163546297,Decreased
1924,Bitcoin,BTC,2018-08-04 23:59:59,7497.49,6984.07,7438.67,7032.85,4268390000.0,120899698889.0,2018,8,August,4,513.4200000000001,-405.8199999999997,-5.455545144494913,Decreased
1925,Bitcoin,BTC,2018-08-05 23:59:59,7102.77,6940.7,7031.08,7068.48,3679110000.0,121526079384.0,2018,8,August,5,162.07000000000062,37.399999999999636,0.5319239718506921,Increased
1926,Bitcoin,BTC,2018-08-06 23:59:59,7166.55,6890.54,7062.94,6951.8,3925900000.0,119531508535.0,2018,8,August,6,276.0100000000002,-111.13999999999942,-1.5735656822796091,Decreased
1927,Bitcoin,BTC,2018-08-07 23:59:59,7146.56,6748.24,6958.32,6753.12,4682800000.0,116128339800.0,2018,8,August,7,398.3200000000006,-205.19999999999982,-2.9489876866829903,Decreased
1928,Bitcoin,BTC,2018-08-08 23:59:59,6746.85,6226.22,6746.85,6305.8,5064430000.0,108448409560.0,2018,8,August,8,520.6300000000001,-441.0500000000002,-6.537124732282475,Decreased
1929,Bitcoin,BTC,2018-08-09 23:59:59,6625.73,6249.07,6305.56,6568.23,4267040000.0,112973963230.0,2018,8,August,9,376.65999999999985,262.66999999999916,4.165688693787692,Increased
1930,Bitcoin,BTC,2018-08-10 23:59:59,6591.26,6124.52,6571.42,6184.71,4528680000.0,106390927598.0,2018,8,August,10,466.7399999999998,-386.71000000000004,-5.884725067032696,Decreased
1931,Bitcoin,BTC,2018-08-11 23:59:59,6455.74,6109.03,6185.79,6295.73,4047850000.0,108314257212.0,2018,8,August,11,346.71000000000004,109.9399999999996,1.7772992616949428,Increased
1932,Bitcoin,BTC,2018-08-12 23:59:59,6409.85,6237.5,6283.65,6322.69,5665250000.0,108790259014.0,2018,8,August,12,172.35000000000036,39.039999999999964,0.6212949479999677,Increased
1933,Bitcoin,BTC,2018-08-13 23:59:59,6537.05,6225.72,6341.36,6297.57,4083980000.0,108369686635.0,2018,8,August,13,311.3299999999999,-43.789999999999964,-0.6905458765942947,Decreased
1934,Bitcoin,BTC,2018-08-14 23:59:59,6287.94,5971.05,6287.66,6199.71,5301700000.0,106696389129.0,2018,8,August,14,316.8899999999994,-87.94999999999982,-1.3987715620755548,Decreased
1935,Bitcoin,BTC,2018-08-15 23:59:59,6588.49,6221.42,6221.42,6308.52,4895450000.0,108581773101.0,2018,8,August,15,367.0699999999997,87.10000000000036,1.4000019288201144,Increased
1936,Bitcoin,BTC,2018-08-16 23:59:59,6473.5,6276.41,6294.23,6334.73,4328420000.0,109045250379.0,2018,8,August,16,197.09000000000015,40.5,0.6434464581052806,Increased
1937,Bitcoin,BTC,2018-08-17 23:59:59,6582.5,6324.97,6340.91,6580.63,4992990000.0,113290724406.0,2018,8,August,17,257.52999999999975,239.72000000000025,3.780529923938366,Increased
1938,Bitcoin,BTC,2018-08-18 23:59:59,6617.35,6353.73,6583.43,6423.76,3984520000.0,110603014928.0,2018,8,August,18,263.6200000000008,-159.67000000000007,-2.4253314761454146,Decreased
1939,Bitcoin,BTC,2018-08-19 23:59:59,6537.98,6361.55,6422.57,6506.07,3311170000.0,112031838393.0,2018,8,August,19,176.42999999999938,83.5,1.3001026069003532,Increased
1940,Bitcoin,BTC,2018-08-20 23:59:59,6536.92,6297.93,6500.51,6308.53,3665100000.0,108642191682.0,2018,8,August,20,238.98999999999978,-191.98000000000047,-2.9533067405480566,Decreased
1941,Bitcoin,BTC,2018-08-21 23:59:59,6500.87,6298.24,6301.07,6488.76,3377180000.0,111758100192.0,2018,8,August,21,202.6300000000001,187.6900000000005,2.9787004429406516,Increased
1942,Bitcoin,BTC,2018-08-22 23:59:59,6816.79,6310.11,6486.25,6376.71,4668110000.0,109840902181.0,2018,8,August,22,506.6800000000003,-109.53999999999996,-1.6888032376180375,Decreased
1943,Bitcoin,BTC,2018-08-23 23:59:59,6546.54,6371.34,6371.34,6534.88,3426180000.0,112577436411.0,2018,8,August,23,175.19999999999982,163.53999999999996,2.56680698251859,Increased
1944,Bitcoin,BTC,2018-08-24 23:59:59,6719.96,6498.64,6551.52,6719.96,4097820000.0,115778358839.0,2018,8,August,24,221.3199999999997,168.4399999999996,2.571006422936961,Increased
1945,Bitcoin,BTC,2018-08-25 23:59:59,6789.63,6700.96,6719.95,6763.19,3312600000.0,116534497933.0,2018,8,August,25,88.67000000000007,43.23999999999978,0.6434571685801201,Increased
1946,Bitcoin,BTC,2018-08-26 23:59:59,6774.75,6620.75,6754.64,6707.26,3295500000.0,115585205491.0,2018,8,August,26,154.0,-47.38000000000011,-0.7014437482974683,Decreased
1947,Bitcoin,BTC,2018-08-27 23:59:59,6884.64,6689.71,6710.8,6884.64,4019000000.0,118657885712.0,2018,8,August,27,194.9300000000003,173.84000000000015,2.5904512129701396,Increased
1948,Bitcoin,BTC,2018-08-28 23:59:59,7109.56,6882.34,6891.08,7096.28,4659940000.0,122319195736.0,2018,8,August,28,227.22000000000025,205.19999999999982,2.9777625568125727,Increased
1949,Bitcoin,BTC,2018-08-29 23:59:59,7113.3,6970.82,7091.71,7047.16,4145880000.0,121484666374.0,2018,8,August,29,142.48000000000047,-44.55000000000018,-0.6281982765792761,Decreased
1950,Bitcoin,BTC,2018-08-30 23:59:59,7072.69,6834.69,7043.76,6978.23,4463250000.0,120309828156.0,2018,8,August,30,238.0,-65.53000000000065,-0.9303269844514954,Decreased
1951,Bitcoin,BTC,2018-08-31 23:59:59,7057.17,6920.16,6973.97,7037.58,4495650000.0,121346613238.0,2018,8,August,31,137.01000000000022,63.60999999999967,0.9121060170892571,Increased
1952,Bitcoin,BTC,2018-09-01 23:59:59,7242.29,7038.05,7044.81,7193.25,4116050000.0,124044625438.0,2018,9,September,1,204.23999999999978,148.4399999999996,2.107083086697861,Increased
1953,Bitcoin,BTC,2018-09-02 23:59:59,7306.31,7132.16,7189.58,7272.72,4329540000.0,125427780027.0,2018,9,September,2,174.15000000000055,83.14000000000033,1.1563957838983685,Increased
1954,Bitcoin,BTC,2018-09-03 23:59:59,7317.94,7208.15,7279.03,7260.06,4087760000.0,125222785390.0,2018,9,September,3,109.78999999999996,-18.969999999999345,-0.2606116474310361,Decreased
1955,Bitcoin,BTC,2018-09-04 23:59:59,7388.26,7255.44,7263.0,7361.66,4273640000.0,126986882925.0,2018,9,September,4,132.82000000000062,98.65999999999985,1.3583918490981668,Increased
1956,Bitcoin,BTC,2018-09-05 23:59:59,7388.43,6792.83,7361.46,6792.83,5800460000.0,117185657641.0,2018,9,September,5,595.6000000000004,-568.6300000000001,-7.724418797358135,Decreased
1957,Bitcoin,BTC,2018-09-06 23:59:59,6755.14,6404.72,6755.14,6529.17,5523470000.0,112649565532.0,2018,9,September,6,350.4200000000001,-225.97000000000025,-3.345156429030342,Decreased
1958,Bitcoin,BTC,2018-09-07 23:59:59,6555.29,6396.87,6528.92,6467.07,4264680000.0,111590424587.0,2018,9,September,7,158.42000000000007,-61.850000000000364,-0.9473236002279147,Decreased
1959,Bitcoin,BTC,2018-09-08 23:59:59,6534.25,6197.52,6460.17,6225.98,3835060000.0,107442122871.0,2018,9,September,8,336.72999999999956,-234.1900000000005,-3.625136799805586,Decreased
1960,Bitcoin,BTC,2018-09-09 23:59:59,6446.26,6201.22,6223.38,6300.86,3671890000.0,108747090915.0,2018,9,September,9,245.03999999999996,77.47999999999956,1.2449826300177647,Increased
1961,Bitcoin,BTC,2018-09-10 23:59:59,6374.98,6292.76,6301.57,6329.7,3714100000.0,109255603474.0,2018,9,September,10,82.21999999999935,28.13000000000011,0.44639669161812234,Increased
1962,Bitcoin,BTC,2018-09-11 23:59:59,6398.92,6260.21,6331.88,6321.2,3849910000.0,109119948884.0,2018,9,September,11,138.71000000000004,-10.680000000000291,-0.1686702843389371,Decreased
1963,Bitcoin,BTC,2018-09-12 23:59:59,6363.87,6265.09,6317.01,6351.8,4064230000.0,109661521297.0,2018,9,September,12,98.77999999999975,34.789999999999964,0.5507352370821,Increased
1964,Bitcoin,BTC,2018-09-13 23:59:59,6535.41,6354.24,6354.24,6517.31,4210910000.0,112530970182.0,2018,9,September,13,181.17000000000007,163.07000000000062,2.566317923150536,Increased
1965,Bitcoin,BTC,2018-09-14 23:59:59,6596.1,6456.17,6515.41,6512.71,4076220000.0,112462453186.0,2018,9,September,14,139.9300000000003,-2.699999999999818,-0.04144021634862301,Decreased
1966,Bitcoin,BTC,2018-09-15 23:59:59,6561.72,6493.55,6509.4,6543.2,3216300000.0,113000324618.0,2018,9,September,15,68.17000000000007,33.80000000000018,0.5192490859372628,Increased
1967,Bitcoin,BTC,2018-09-16 23:59:59,6544.33,6460.1,6536.68,6517.18,3273730000.0,112562367224.0,2018,9,September,16,84.22999999999956,-19.5,-0.2983165766107565,Decreased
1968,Bitcoin,BTC,2018-09-17 23:59:59,6540.21,6257.52,6514.06,6281.2,3910780000.0,108497127334.0,2018,9,September,17,282.6899999999996,-232.86000000000058,-3.574729124386336,Decreased
1969,Bitcoin,BTC,2018-09-18 23:59:59,6384.18,6265.71,6280.91,6371.3,4180090000.0,110064685348.0,2018,9,September,18,118.47000000000025,90.39000000000033,1.4391226748990247,Increased
1970,Bitcoin,BTC,2018-09-19 23:59:59,6448.46,6208.34,6371.85,6398.54,4431340000.0,110547735544.0,2018,9,September,19,240.1199999999999,26.6899999999996,0.4188736395238368,Increased
1971,Bitcoin,BTC,2018-09-20 23:59:59,6529.26,6395.95,6398.85,6519.67,4348110000.0,112653130183.0,2018,9,September,20,133.3100000000004,120.81999999999971,1.8881517772724739,Increased
1972,Bitcoin,BTC,2018-09-21 23:59:59,6794.33,6496.36,6513.87,6734.95,6531940000.0,116385068032.0,2018,9,September,21,297.97000000000025,221.07999999999993,3.3939885198814213,Increased
1973,Bitcoin,BTC,2018-09-22 23:59:59,6814.56,6616.8,6735.05,6721.98,4509660000.0,116173876360.0,2018,9,September,22,197.76000000000022,-13.070000000000618,-0.19405943534198883,Decreased
1974,Bitcoin,BTC,2018-09-23 23:59:59,6766.15,6679.42,6715.32,6710.63,4197500000.0,115990387532.0,2018,9,September,23,86.72999999999956,-4.6899999999996,-0.06984030545081396,Decreased
1975,Bitcoin,BTC,2018-09-24 23:59:59,6713.56,6580.9,6704.77,6595.41,4177310000.0,114011060309.0,2018,9,September,24,132.66000000000076,-109.36000000000058,-1.6310775761137306,Decreased
1976,Bitcoin,BTC,2018-09-25 23:59:59,6603.64,6381.86,6603.64,6446.47,4726180000.0,111450035114.0,2018,9,September,25,221.78000000000065,-157.17000000000007,-2.380051002174559,Decreased
1977,Bitcoin,BTC,2018-09-26 23:59:59,6585.91,6397.89,6452.79,6495.0,4437300000.0,112300336125.0,2018,9,September,26,188.01999999999953,42.210000000000036,0.6541356529501198,Increased
1978,Bitcoin,BTC,2018-09-27 23:59:59,6712.1,6464.95,6495.29,6676.75,4606810000.0,115454861756.0,2018,9,September,27,247.15000000000055,181.46000000000004,2.793716677777282,Increased
1979,Bitcoin,BTC,2018-09-28 23:59:59,6785.03,6598.32,6678.75,6644.13,5014430000.0,114903584220.0,2018,9,September,28,186.71000000000004,-34.61999999999989,-0.5183604716451415,Decreased
1980,Bitcoin,BTC,2018-09-29 23:59:59,6643.1,6511.65,6643.1,6601.96,4363690000.0,114186839964.0,2018,9,September,29,131.45000000000073,-41.14000000000033,-0.6192891872770292,Decreased
1981,Bitcoin,BTC,2018-09-30 23:59:59,6643.78,6566.54,6604.71,6625.56,4002280000.0,114608519470.0,2018,9,September,30,77.23999999999978,20.850000000000364,0.31568380746467845,Increased
1982,Bitcoin,BTC,2018-10-01 23:59:59,6653.3,6549.08,6619.85,6589.62,4000970000.0,113999846113.0,2018,10,October,1,104.22000000000025,-30.230000000000473,-0.4566568728898763,Decreased
1983,Bitcoin,BTC,2018-10-02 23:59:59,6611.84,6537.9,6593.24,6556.1,3979260000.0,113431019760.0,2018,10,October,2,73.94000000000051,-37.13999999999942,-0.5633042328202738,Decreased
1984,Bitcoin,BTC,2018-10-03 23:59:59,6571.46,6454.03,6553.86,6502.59,3887310000.0,112516993837.0,2018,10,October,3,117.43000000000029,-51.26999999999953,-0.7822870796751766,Decreased
1985,Bitcoin,BTC,2018-10-04 23:59:59,6603.31,6497.91,6497.91,6576.69,3838410000.0,113811343543.0,2018,10,October,4,105.40000000000055,78.77999999999975,1.2123898299607065,Increased
1986,Bitcoin,BTC,2018-10-05 23:59:59,6623.62,6557.41,6574.15,6622.48,3671500000.0,114614764674.0,2018,10,October,5,66.21000000000004,48.32999999999993,0.7351520728915514,Increased
1987,Bitcoin,BTC,2018-10-06 23:59:59,6628.54,6577.8,6622.45,6588.31,3259740000.0,114033598927.0,2018,10,October,6,50.73999999999978,-34.13999999999942,-0.51551918096776,Decreased
1988,Bitcoin,BTC,2018-10-07 23:59:59,6641.49,6557.04,6590.68,6602.95,3306630000.0,114298880311.0,2018,10,October,7,84.44999999999982,12.269999999999527,0.18617198832289727,Increased
1989,Bitcoin,BTC,2018-10-08 23:59:59,6675.06,6576.04,6600.19,6652.23,3979460000.0,115162906843.0,2018,10,October,8,99.02000000000044,52.039999999999964,0.7884621503320354,Increased
1990,Bitcoin,BTC,2018-10-09 23:59:59,6661.41,6606.94,6653.08,6642.64,3580810000.0,115007759484.0,2018,10,October,9,54.470000000000255,-10.4399999999996,-0.1569198025576064,Decreased
1991,Bitcoin,BTC,2018-10-10 23:59:59,6640.29,6538.96,6640.29,6585.53,3787650000.0,114030835912.0,2018,10,October,10,101.32999999999993,-54.76000000000022,-0.8246627782822771,Decreased
1992,Bitcoin,BTC,2018-10-11 23:59:59,6586.74,6243.74,6586.74,6256.24,5181640000.0,108341572839.0,2018,10,October,11,343.0,-330.5,-5.017656686008556,Decreased
1993,Bitcoin,BTC,2018-10-12 23:59:59,6328.5,6236.47,6239.25,6274.58,3783500000.0,108669526315.0,2018,10,October,12,92.02999999999975,35.32999999999993,0.5662539568057046,Increased
1994,Bitcoin,BTC,2018-10-13 23:59:59,6308.51,6259.81,6278.08,6285.99,3064030000.0,108878136724.0,2018,10,October,13,48.69999999999982,7.9099999999998545,0.1259939344512949,Increased
1995,Bitcoin,BTC,2018-10-14 23:59:59,6363.21,6280.15,6288.49,6290.93,3085320000.0,108972590373.0,2018,10,October,14,83.0600000000004,2.4400000000005093,0.03880104762829407,Increased
1996,Bitcoin,BTC,2018-10-15 23:59:59,6965.06,6258.68,6292.64,6596.54,7370770000.0,114280022340.0,2018,10,October,15,706.3800000000001,303.89999999999964,4.829451549747,Increased
1997,Bitcoin,BTC,2018-10-16 23:59:59,6673.59,6571.37,6601.41,6596.11,4074800000.0,114283707152.0,2018,10,October,16,102.22000000000025,-5.300000000000182,-0.08028587831993744,Decreased
1998,Bitcoin,BTC,2018-10-17 23:59:59,6601.21,6517.45,6590.52,6544.43,4088420000.0,113399343801.0,2018,10,October,17,83.76000000000022,-46.090000000000146,-0.6993378367716074,Decreased
1999,Bitcoin,BTC,2018-10-18 23:59:59,6567.54,6450.04,6542.33,6476.71,3924080000.0,112237252159.0,2018,10,October,18,117.5,-65.61999999999989,-1.0030065741104452,Decreased
2000,Bitcoin,BTC,2018-10-19 23:59:59,6493.68,6445.31,6478.07,6465.41,3578870000.0,112052990522.0,2018,10,October,19,48.36999999999989,-12.659999999999854,-0.19542857672115083,Decreased
2001,Bitcoin,BTC,2018-10-20 23:59:59,6497.72,6449.0,6460.92,6489.19,3379130000.0,112476559221.0,2018,10,October,20,48.720000000000255,28.269999999999527,0.43755378490988167,Increased
2002,Bitcoin,BTC,2018-10-21 23:59:59,6556.38,6476.0,6490.09,6482.35,3253610000.0,112369106369.0,2018,10,October,21,80.38000000000011,-7.739999999999782,-0.11925874679703642,Decreased
2003,Bitcoin,BTC,2018-10-22 23:59:59,6543.8,6462.98,6486.05,6487.16,3672860000.0,112465213723.0,2018,10,October,22,80.82000000000062,1.1099999999996726,0.017113651606134282,Increased
2004,Bitcoin,BTC,2018-10-23 23:59:59,6506.01,6451.27,6472.36,6475.74,3716150000.0,112279779884.0,2018,10,October,23,54.73999999999978,3.380000000000109,0.052222064285671825,Increased
2005,Bitcoin,BTC,2018-10-24 23:59:59,6521.99,6468.86,6478.89,6495.84,3424670000.0,112637293966.0,2018,10,October,24,53.13000000000011,16.949999999999818,0.26161888842069886,Increased
2006,Bitcoin,BTC,2018-10-25 23:59:59,6504.65,6447.03,6484.65,6476.29,3230550000.0,112309554478.0,2018,10,October,25,57.61999999999989,-8.359999999999673,-0.12891983376126195,Decreased
2007,Bitcoin,BTC,2018-10-26 23:59:59,6498.29,6449.61,6468.44,6474.75,3306050000.0,112294341019.0,2018,10,October,26,48.68000000000029,6.3100000000004,0.09755056860696552,Increased
2008,Bitcoin,BTC,2018-10-27 23:59:59,6507.41,6453.53,6480.84,6480.38,3393250000.0,112403001148.0,2018,10,October,27,53.88000000000011,-0.4600000000000364,-0.0070978453410366,Decreased
2009,Bitcoin,BTC,2018-10-28 23:59:59,6502.28,6447.91,6482.66,6486.39,3445190000.0,112518434372.0,2018,10,October,28,54.36999999999989,3.730000000000473,0.057538109356351765,Increased
2010,Bitcoin,BTC,2018-10-29 23:59:59,6503.6,6306.99,6492.35,6332.63,4199910000.0,109862898081.0,2018,10,October,29,196.61000000000058,-159.72000000000025,-2.460126148467046,Decreased
2011,Bitcoin,BTC,2018-10-30 23:59:59,6364.99,6310.14,6337.04,6334.27,3781100000.0,109903543419.0,2018,10,October,30,54.849999999999454,-2.769999999999527,-0.04371125951547611,Decreased
2012,Bitcoin,BTC,2018-10-31 23:59:59,6349.16,6316.88,6336.99,6317.61,4191240000.0,109627117226.0,2018,10,October,31,32.279999999999745,-19.38000000000011,-0.3058234272107122,Decreased
2013,Bitcoin,BTC,2018-11-01 23:59:59,6547.14,6311.83,6318.14,6377.78,3789400000.0,110683820788.0,2018,11,November,1,235.3100000000004,59.63999999999942,0.9439486937611293,Increased
2014,Bitcoin,BTC,2018-11-02 23:59:59,6396.86,6327.38,6378.92,6388.44,4234870000.0,110880236966.0,2018,11,November,2,69.47999999999956,9.519999999999527,0.14924156440274414,Increased
2015,Bitcoin,BTC,2018-11-03 23:59:59,6400.07,6342.37,6387.24,6361.26,3658640000.0,110421212888.0,2018,11,November,3,57.69999999999982,-25.979999999999563,-0.40674845473161436,Decreased
2016,Bitcoin,BTC,2018-11-04 23:59:59,6388.63,6294.57,6365.47,6376.13,4390020000.0,110689215104.0,2018,11,November,4,94.0600000000004,10.659999999999854,0.16746603157347148,Increased
2017,Bitcoin,BTC,2018-11-05 23:59:59,6480.59,6363.62,6363.62,6419.66,4174800000.0,111456211022.0,2018,11,November,5,116.97000000000025,56.039999999999964,0.8806308359078632,Increased
2018,Bitcoin,BTC,2018-11-06 23:59:59,6463.55,6408.16,6433.38,6461.01,4700040000.0,112095603776.0,2018,11,November,6,55.39000000000033,27.63000000000011,0.4294787498950802,Increased
2019,Bitcoin,BTC,2018-11-07 23:59:59,6552.16,6468.31,6468.5,6530.14,4941260000.0,113395632954.68,2018,11,November,7,83.84999999999945,61.64000000000033,0.9529257169359253,Increased
2020,Bitcoin,BTC,2018-11-08 23:59:59,6536.92,6438.53,6522.27,6453.72,4665260000.0,112078367037.0,2018,11,November,8,98.39000000000033,-68.55000000000018,-1.0510144474239824,Decreased
2021,Bitcoin,BTC,2018-11-09 23:59:59,6456.46,6373.37,6442.6,6385.62,4346820000.0,110905767441.0,2018,11,November,9,83.09000000000015,-56.98000000000047,-0.8844255424828559,Decreased
2022,Bitcoin,BTC,2018-11-10 23:59:59,6437.28,6385.31,6386.13,6409.22,3705320000.0,111326145314.14,2018,11,November,10,51.969999999999345,23.090000000000146,0.3615648287773682,Increased
2023,Bitcoin,BTC,2018-11-11 23:59:59,6423.25,6350.17,6413.63,6411.27,3939060000.0,111373453740.24,2018,11,November,11,73.07999999999993,-2.3599999999996726,-0.03679663466710229,Decreased
2024,Bitcoin,BTC,2018-11-12 23:59:59,6434.21,6360.47,6411.76,6371.27,4295770000.0,110689666527.5,2018,11,November,12,73.73999999999978,-40.48999999999978,-0.6314958763272452,Decreased
2025,Bitcoin,BTC,2018-11-13 23:59:59,6395.27,6342.67,6373.19,6359.49,4503800000.0,110494466204.13,2018,11,November,13,52.600000000000364,-13.699999999999818,-0.21496299341459804,Decreased
2026,Bitcoin,BTC,2018-11-14 23:59:59,6371.55,5544.09,6351.24,5738.35,7398940000.0,99712077258.95,2018,11,November,14,827.46,-612.8899999999994,-9.649926628500882,Decreased
2027,Bitcoin,BTC,2018-11-15 23:59:59,5774.82,5358.38,5736.15,5648.03,7032140000.0,98151606540.75,2018,11,November,15,416.4399999999996,-88.11999999999989,-1.536222030455966,Decreased
2028,Bitcoin,BTC,2018-11-16 23:59:59,5657.02,5498.94,5645.32,5575.55,5279320000.0,96900828780.0,2018,11,November,16,158.08000000000084,-69.76999999999953,-1.2358909680939172,Decreased
2029,Bitcoin,BTC,2018-11-17 23:59:59,5578.58,5519.56,5578.58,5554.33,4303150000.0,96542098113.96,2018,11,November,17,59.01999999999953,-24.25,-0.43469843580265943,Decreased
2030,Bitcoin,BTC,2018-11-18 23:59:59,5653.61,5559.74,5559.74,5623.54,4159680000.0,97753714643.0,2018,11,November,18,93.86999999999989,63.80000000000018,1.1475356761287432,Increased
2031,Bitcoin,BTC,2018-11-19 23:59:59,5620.78,4842.91,5620.78,4871.49,7039560000.0,84688539692.25,2018,11,November,19,777.8699999999999,-749.29,-13.330712107572259,Decreased
2032,Bitcoin,BTC,2018-11-20 23:59:59,4951.61,4272.11,4863.93,4451.87,8428290000.0,77401044319.69,2018,11,November,20,679.5,-412.0600000000004,-8.47175021022096,Decreased
2033,Bitcoin,BTC,2018-11-21 23:59:59,4675.73,4343.98,4465.54,4602.17,6120120000.0,80020171046.79,2018,11,November,21,331.75,136.6300000000001,3.0596523600729166,Increased
2034,Bitcoin,BTC,2018-11-22 23:59:59,4629.64,4365.64,4611.57,4365.94,4569370000.0,75919439808.5,2018,11,November,22,264.0,-245.6300000000001,-5.326385591024318,Decreased
2035,Bitcoin,BTC,2018-11-23 23:59:59,4396.42,4195.68,4360.7,4347.11,4871490000.0,75598851166.0,2018,11,November,23,200.73999999999978,-13.590000000000146,-0.31164721260348444,Decreased
2036,Bitcoin,BTC,2018-11-24 23:59:59,4413.09,3795.16,4347.69,3880.76,4679500000.0,67495633205.0,2018,11,November,24,617.9300000000003,-466.9299999999994,-10.739726153428588,Decreased
2037,Bitcoin,BTC,2018-11-25 23:59:59,4120.87,3585.06,3880.78,4009.97,6825640000.0,69749265801.14,2018,11,November,25,535.81,129.1899999999996,3.328969949340071,Increased
2038,Bitcoin,BTC,2018-11-26 23:59:59,4107.14,3643.92,4015.07,3779.13,6476900000.0,65739289045.5,2018,11,November,26,463.22000000000025,-235.94000000000005,-5.876360810645893,Decreased
2039,Bitcoin,BTC,2018-11-27 23:59:59,3862.96,3661.01,3765.95,3820.72,5998720000.0,66468970322.0,2018,11,November,27,201.94999999999982,54.76999999999998,1.4543475085967679,Increased
2040,Bitcoin,BTC,2018-11-28 23:59:59,4385.9,3822.47,3822.47,4257.42,7280280000.0,74072560088.04,2018,11,November,28,563.4299999999998,434.9500000000003,11.37876817869075,Increased
2041,Bitcoin,BTC,2018-11-29 23:59:59,4413.02046804,4145.76513671875,4269.00439453125,4278.84645524,6503347767.18922,74451016926.881,2018,11,November,29,267.2553313212502,9.842060708750068,0.230546980025556,Increased
2042,Bitcoin,BTC,2018-11-30 23:59:59,4322.97639207,3942.82208559,4289.08896703,4017.26845712,6048016716.85497,69904637061.278,2018,11,November,30,380.15430647999983,-271.82050991000006,-6.33748826381243,Decreased
2043,Bitcoin,BTC,2018-12-01 23:59:59,4309.37731216,3969.71064261,4024.46424203,4214.67193177,5375314093.10145,73346194969.0855,2018,12,December,1,339.6666695499998,190.20768973999975,4.726285992394757,Increased
2044,Bitcoin,BTC,2018-12-02 23:59:59,4301.51941165,4110.97847302,4200.73317961,4139.8780641,5262697895.12074,72050487506.1332,2018,12,December,2,190.5409386299998,-60.85511550999945,-1.4486784308364307,Decreased
2045,Bitcoin,BTC,2018-12-03 23:59:59,4155.97928378,3840.44626837,4147.32376691,3894.1309069,5089570993.52304,67779050169.8008,2018,12,December,3,315.53301540999973,-253.19286001,-6.104969716377933,Decreased
2046,Bitcoin,BTC,2018-12-04 23:59:59,4075.62765492,3832.74993843,3886.2948763,3956.89386975,5028069239.31427,68878292607.5452,2018,12,December,4,242.87771649000024,70.59899344999985,1.8166144283218826,Increased
2047,Bitcoin,BTC,2018-12-05 23:59:59,3969.53585216,3753.99482663,3958.89472485,3753.99482663,5302481573.52231,65352496335.9036,2018,12,December,5,215.5410255300003,-204.89989822000007,-5.1756844387359555,Decreased
2048,Bitcoin,BTC,2018-12-06 23:59:59,3874.96603127,3521.10172384,3754.07446712,3521.10172384,5878333109.02888,61303965507.8301,2018,12,December,6,353.8643074299998,-232.97274328000003,-6.205863664146463,Decreased
2049,Bitcoin,BTC,2018-12-07 23:59:59,3512.59040851,3280.22875211,3512.59040851,3419.93720035,6835615448.39682,59547645578.0206,2018,12,December,7,232.3616563999999,-92.6532081600003,-2.637745862299462,Decreased
2050,Bitcoin,BTC,2018-12-08 23:59:59,3506.04339159,3350.65070337,3421.9104035,3476.11471452,5305024497.06153,60531278391.8027,2018,12,December,8,155.39268821999985,54.20431101999975,1.5840365359817274,Increased
2052,Bitcoin,BTC,2018-12-10 23:59:59,3647.33258231,3470.14441964,3612.04639531,3502.65599577,5020968740.04215,61004445982.3277,2018,12,December,10,177.1881626700001,-109.39039954000009,-3.028488218812366,Decreased
2053,Bitcoin,BTC,2018-12-11 23:59:59,3513.18494093,3392.2500529,3497.5547337,3424.58807495,4696765187.87625,59650201102.151,2018,12,December,11,120.93488802999991,-72.96665874999962,-2.086219210437045,Decreased
2054,Bitcoin,BTC,2018-12-12 23:59:59,3534.22857953,3413.48135271,3421.4583733,3486.95014412,4139364828.95223,60741625425.5272,2018,12,December,12,120.74722681999992,65.49177082000006,1.9141478186926815,Increased
2055,Bitcoin,BTC,2018-12-13 23:59:59,3489.73939494,3298.13196161,3487.87935755,3313.67725772,4343372456.24872,57728688215.976,2018,12,December,13,191.60743332999982,-174.20209982999995,-4.9944990056182785,Decreased
2056,Bitcoin,BTC,2018-12-14 23:59:59,3329.55602092,3206.54229103,3311.75191371,3242.48476281,4372763663.29151,56494379457.2721,2018,12,December,14,123.01372988999992,-69.2671508999997,-2.0915561522965342,Decreased
2057,Bitcoin,BTC,2018-12-15 23:59:59,3275.37782696,3191.30356157,3243.99754038,3236.76164502,3551763561.38039,56400691424.6544,2018,12,December,15,84.07426539000016,-7.235895360000086,-0.2230548966184628,Decreased
2058,Bitcoin,BTC,2018-12-16 23:59:59,3305.75310795,3233.81979097,3236.2747733,3252.83902595,3744248994.37924,56685436643.7664,2018,12,December,16,71.93331697999974,16.56425265000007,0.5118308490570365,Increased
2059,Bitcoin,BTC,2018-12-17 23:59:59,3597.9178885,3253.12299273,3253.12299273,3545.86476058,5409247918.11952,61798926686.5305,2018,12,December,17,344.79489577000004,292.7417678500001,8.998791884112967,Increased
2060,Bitcoin,BTC,2018-12-18 23:59:59,3701.34942887,3487.16920219,3544.76156472,3696.05912776,5911325472.51183,64422587801.2914,2018,12,December,18,214.18022668000003,151.2975630400001,4.268201408687726,Increased
2061,Bitcoin,BTC,2018-12-19 23:59:59,3949.32295089,3687.23002226,3706.82484989,3745.95076478,6810689118.77968,65299132785.3376,2018,12,December,19,262.09292862999973,39.125914889999876,1.0555102135770167,Increased
2062,Bitcoin,BTC,2018-12-20 23:59:59,4191.22870639,3728.97463571,3742.19518335,4134.44120304,8927129279.04703,72078243770.6126,2018,12,December,20,462.2540706800005,392.2460196899997,10.481709276822446,Increased
2063,Bitcoin,BTC,2018-12-21 23:59:59,4198.42957996,3850.94616856,4133.703587,3896.54371704,7206015706.47559,67937650255.418,2018,12,December,21,347.4834114000005,-237.15986995999992,-5.737224863094663,Decreased
2064,Bitcoin,BTC,2018-12-22 23:59:59,4014.18251388,3855.73893391,3898.08367671,4014.18251388,5605823232.54427,69997508294.9082,2018,12,December,22,158.44357996999997,116.09883717000002,2.978356720859003,Increased
2065,Bitcoin,BTC,2018-12-23 23:59:59,4085.72358463,3976.4057328,4020.99467354,3998.98034184,6151275489.92045,69741217416.6041,2018,12,December,23,109.31785183000011,-22.01433169999973,-0.5474847267235688,Decreased
2066,Bitcoin,BTC,2018-12-24 23:59:59,4271.79245,4000.33178206,4000.33178206,4078.59919478,7240968501.10825,71137548588.8249,2018,12,December,24,271.4606679399999,78.26741271999981,1.9565230331893981,Increased
2067,Bitcoin,BTC,2018-12-25 23:59:59,4089.56159334,3760.02039224,4081.03047102,3815.49060966,6158207293.44091,66556033171.8177,2018,12,December,25,329.54120109999985,-265.53986136000003,-6.506686564720303,Decreased
2068,Bitcoin,BTC,2018-12-26 23:59:59,3893.35973112,3769.86381605,3819.66669066,3857.29751969,5326547918.2356,67292819464.6361,2018,12,December,26,123.49591507000014,37.630829030000314,0.9851861975814986,Increased
2069,Bitcoin,BTC,2018-12-27 23:59:59,3874.41687968,3645.44843766,3854.68857317,3654.83353854,5130222366.47092,63768757100.9022,2018,12,December,27,228.9684420200001,-199.85503462999986,-5.184725843251302,Decreased
2070,Bitcoin,BTC,2018-12-28 23:59:59,3956.13609361,3642.63210325,3653.13192864,3923.91859424,5631554348.35522,68471837968.722,2018,12,December,28,313.50399036,270.7866656000001,7.41245240767446,Increased
2071,Bitcoin,BTC,2018-12-29 23:59:59,3963.75880829,3820.40868219,3932.49180904,3820.40868219,4991655917.4825,66672244158.107,2018,12,December,29,143.35012610000013,-112.0831268500001,-2.850180808828228,Decreased
2072,Bitcoin,BTC,2018-12-30 23:59:59,3901.9090157,3797.21912198,3822.38483485,3865.95257679,4770578574.97409,67475512827.3938,2018,12,December,30,104.68989371999987,43.567741939999905,1.1398052216715016,Increased
2073,Bitcoin,BTC,2018-12-31 23:59:59,3868.74298842,3725.86749335,3866.83899926,3742.70033544,4661840806.32313,65331499157.744,2018,12,December,31,142.87549506999994,-124.13866382000015,-3.210339604099283,Decreased
2074,Bitcoin,BTC,2019-01-01 23:59:59,3850.91376479,3707.23130258,3746.71338747,3843.51996727,4324200990.19464,67098634180.6128,2019,1,January,1,143.68246221000027,96.80657980000024,2.5837732911128732,Increased
2075,Bitcoin,BTC,2019-01-02 23:59:59,3947.9812729,3817.40949569,3849.21640853,3943.40933686,5244856835.70851,68849856731.6738,2019,1,January,2,130.57177721000016,94.19292833000009,2.44706761930208,Increased
2076,Bitcoin,BTC,2019-01-03 23:59:59,3935.68513083,3826.22287069,3931.04863841,3836.74131867,4530215218.84018,66994920902.7202,2019,1,January,3,109.46226014000013,-94.30731973999991,-2.3990372141043923,Decreased
2077,Bitcoin,BTC,2019-01-04 23:59:59,3865.93453193,3783.8536653,3832.03996811,3857.71761887,4847965467.09122,67368333500.343,2019,1,January,4,82.08086662999995,25.677650760000233,0.6700778429684465,Increased
2078,Bitcoin,BTC,2019-01-05 23:59:59,3904.90309592,3836.90012599,3851.97396457,3845.19446017,5137609823.75761,67157570935.0686,2019,1,January,5,68.00296992999984,-6.779504399999951,-0.1760007845940037,Decreased
2079,Bitcoin,BTC,2019-01-06 23:59:59,4093.29744447,3826.51306238,3836.51915828,4076.63268458,5597027439.59745,71206795852.7853,2019,1,January,6,266.7843820899998,240.1135263000001,6.25862966907869,Increased
2080,Bitcoin,BTC,2019-01-07 23:59:59,4092.61343706,4020.89395079,4078.58505461,4025.24828708,5228625637.09382,70316305580.3226,2019,1,January,7,71.71948626999983,-53.33676753000009,-1.307727234220943,Decreased
2081,Bitcoin,BTC,2019-01-08 23:59:59,4109.02106516,3996.95525626,4028.47207166,4030.84799935,5306593305.06723,70422743854.2439,2019,1,January,8,112.06580889999987,2.375927690000026,0.05897838306276218,Increased
2082,Bitcoin,BTC,2019-01-09 23:59:59,4068.40358144,4022.66280883,4031.55201569,4035.29636921,5115905224.62691,70508733459.2063,2019,1,January,9,45.74077261000002,3.744353520000004,0.0928762299339739,Increased
2083,Bitcoin,BTC,2019-01-10 23:59:59,4064.06655088,3659.17453883,4034.41144545,3678.92468128,6874143795.71863,64288932886.0169,2019,1,January,10,404.8920120499997,-355.4867641699998,-8.811366142908328,Decreased
2084,Bitcoin,BTC,2019-01-11 23:59:59,3713.88184691,3653.06980474,3674.01543102,3687.3654818,5538712864.65637,64443301116.571,2019,1,January,11,60.81204217000004,13.350050779999947,0.3633640367235375,Increased
2085,Bitcoin,BTC,2019-01-12 23:59:59,3698.9783488,3653.81085703,3686.97309735,3661.30098975,4778170882.56059,63994140881.8701,2019,1,January,12,45.16749176999974,-25.67210759999989,-0.6962922408750862,Decreased
2086,Bitcoin,BTC,2019-01-13 23:59:59,3674.75998688,3544.92722821,3658.86811698,3552.95306759,4681302465.81578,62106461671.3502,2019,1,January,13,129.83275866999975,-105.91504939000015,-2.8947490317694635,Decreased
2087,Bitcoin,BTC,2019-01-14 23:59:59,3727.83629128,3552.28515158,3557.31113168,3706.05222041,5651384489.83351,64789619995.0563,2019,1,January,14,175.55113970000002,148.74108872999977,4.1812785900387155,Increased
2088,Bitcoin,BTC,2019-01-15 23:59:59,3720.15341533,3619.94912664,3704.21630768,3630.67522467,5537192301.96239,63477817959.3241,2019,1,January,15,100.20428868999988,-73.54108301000042,-1.985334464877948,Decreased
2089,Bitcoin,BTC,2019-01-16 23:59:59,3685.77705953,3624.67338834,3631.5098712,3655.00688578,5394457144.65099,63909348775.7898,2019,1,January,16,61.10367118999966,23.49701458000027,0.6470315492281972,Increased
2090,Bitcoin,BTC,2019-01-17 23:59:59,3680.13601133,3621.96099215,3651.87098588,3678.56397636,5464420383.38187,64327048254.6073,2019,1,January,17,58.17501918000016,26.69299048000039,0.7309401285863915,Increased
2091,Bitcoin,BTC,2019-01-18 23:59:59,3682.52000204,3637.08086521,3677.99058389,3657.83943502,5002961726.8303,63970991867.2934,2019,1,January,18,45.439136829999825,-20.151148869999815,-0.5478847324477677,Decreased
2092,Bitcoin,BTC,2019-01-19 23:59:59,3758.53352345,3652.37783507,3652.37783507,3728.56836493,5955691379.94133,65214103658.5829,2019,1,January,19,106.1556883799999,76.19052985999997,2.0860527935642708,Increased
2093,Bitcoin,BTC,2019-01-20 23:59:59,3743.38797121,3583.01948596,3725.44612463,3601.0135915,5582489559.53197,62990143284.0983,2019,1,January,20,160.36848525000005,-124.43253313000014,-3.3400706644860794,Decreased
2094,Bitcoin,BTC,2019-01-21 23:59:59,3608.84084892,3558.53714829,3600.37273885,3576.03243928,5004347059.44597,62559869611.6414,2019,1,January,21,50.303700630000094,-24.340299570000298,-0.6760494353086026,Decreased
2095,Bitcoin,BTC,2019-01-22 23:59:59,3620.74655094,3539.72132372,3575.08123989,3604.57705248,5313623556.00702,63065139423.6322,2019,1,January,22,81.02522722000003,29.49581259000024,0.825038946273226,Increased
2096,Bitcoin,BTC,2019-01-23 23:59:59,3623.06775216,3565.31403323,3605.55702187,3585.12306636,5433755648.65326,62731361271.6475,2019,1,January,23,57.753718930000105,-20.433955510000033,-0.5667350533095185,Decreased
2097,Bitcoin,BTC,2019-01-24 23:59:59,3616.08741447,3569.09284671,3584.5003014,3600.86550122,5262869046.43655,63014066011.6996,2019,1,January,24,46.994567760000336,16.36519982000027,0.45655456671627304,Increased
2098,Bitcoin,BTC,2019-01-25 23:59:59,3612.92766233,3575.59733314,3607.3903841,3599.7658879,5265847538.53257,63000985907.6837,2019,1,January,25,37.33032919000016,-7.624496200000067,-0.21135766823590635,Decreased
2099,Bitcoin,BTC,2019-01-26 23:59:59,3654.93319305,3593.34583728,3599.7153629,3602.46043861,5098183234.66414,63054898963.1367,2019,1,January,26,61.58735577000016,2.7450757100000374,0.07625813247046709,Increased
2100,Bitcoin,BTC,2019-01-27 23:59:59,3612.67142766,3567.24575778,3604.68726747,3583.96576317,5570752966.31456,62737274092.7359,2019,1,January,27,45.42566987999999,-20.72150429999965,-0.574848877654325,Decreased
2101,Bitcoin,BTC,2019-01-28 23:59:59,3586.75087826,3439.23300929,3584.28327917,3470.45054223,6908930483.46637,60756570313.9757,2019,1,January,28,147.51786896999965,-113.8327369399999,-3.1758856115401612,Decreased
2102,Bitcoin,BTC,2019-01-29 23:59:59,3476.06536415,3400.81972619,3468.87015541,3448.11702209,5897159492.96958,60371874098.8161,2019,1,January,29,75.24563795999984,-20.75313331999996,-0.5982678045078648,Decreased
2103,Bitcoin,BTC,2019-01-30 23:59:59,3495.1748876,3429.38794807,3443.89706175,3486.18175093,5955112626.75721,61044262622.3971,2019,1,January,30,65.78693952999993,42.28468917999999,1.2278151298318198,Increased
2104,Bitcoin,BTC,2019-01-31 23:59:59,3504.80488538,3447.91581548,3485.40928952,3457.79274724,5831198270.86504,60553903927.4911,2019,1,January,31,56.88906989999987,-27.616542279999976,-0.7923471818084022,Decreased
2105,Bitcoin,BTC,2019-02-01 23:59:59,3501.95413455,3431.59149165,3460.54712403,3487.94538683,5422926707.35329,61088747491.2873,2019,2,February,1,70.36264290000008,27.39826280000034,0.7917321110799825,Increased
2106,Bitcoin,BTC,2019-02-02 23:59:59,3523.28733174,3467.57468262,3484.62588008,3521.06078726,5071623600.96582,61675119055.415,2019,2,February,2,55.712649119999696,36.434907179999755,1.0455902135228152,Increased
2107,Bitcoin,BTC,2019-02-03 23:59:59,3521.38822007,3447.92431416,3516.13956776,3464.01332586,5043937583.94819,60681847607.5771,2019,2,February,3,73.46390591,-52.12624189999997,-1.4824850065097852,Decreased
2108,Bitcoin,BTC,2019-02-04 23:59:59,3476.22377768,3442.5869204,3467.2116661,3459.15414635,5332718886.30653,60603083461.2471,2019,2,February,4,33.63685727999973,-8.05751975000021,-0.23239191967369838,Decreased
2109,Bitcoin,BTC,2019-02-05 23:59:59,3478.14811641,3451.93695191,3454.9508136,3466.35743916,5227549544.8948,60735563489.7233,2019,2,February,5,26.211164499999995,11.406625560000066,0.3301530521100113,Increased
2110,Bitcoin,BTC,2019-02-06 23:59:59,3469.09170088,3398.56538208,3469.09170088,3413.7677183,5482196037.61486,59821158611.6301,2019,2,February,6,70.52631880000035,-55.32398258000012,-1.5947685258929927,Decreased
2111,Bitcoin,BTC,2019-02-07 23:59:59,3427.94560955,3394.21860755,3414.92953864,3399.47164359,5004962682.80801,59578075990.9339,2019,2,February,7,33.727002000000084,-15.457895049999934,-0.45265633961384927,Decreased
2112,Bitcoin,BTC,2019-02-08 23:59:59,3695.61397521,3391.02375248,3401.37643333,3666.78035061,7735623101.05035,64270269952.7511,2019,2,February,8,304.5902227299998,265.40391727999986,7.802838717858856,Increased
2113,Bitcoin,BTC,2019-02-09 23:59:59,3679.94151048,3646.55933455,3671.58595682,3671.20370545,6158833644.65178,64354732475.0563,2019,2,February,9,33.3821759299999,-0.38225136999972165,-0.010411069616651265,Decreased
2114,Bitcoin,BTC,2019-02-10 23:59:59,3695.03601276,3640.97995463,3673.20153682,3690.18824383,6282256902.9225,64694025950.728,2019,2,February,10,54.05605813000011,16.98670700999992,0.46244963255421634,Increased
2115,Bitcoin,BTC,2019-02-11 23:59:59,3695.61303928,3642.28773261,3695.61303928,3648.43062774,6277056433.57185,63968390249.9939,2019,2,February,11,53.32530666999992,-47.182411539999976,-1.276714067152234,Decreased
2116,Bitcoin,BTC,2019-02-12 23:59:59,3668.58683348,3618.55692543,3642.75185939,3653.52864497,6480384531.73272,64063755249.7315,2019,2,February,12,50.02990805000036,10.77678558000025,0.29584187987498234,Increased
2117,Bitcoin,BTC,2019-02-13 23:59:59,3669.74651062,3617.2464285,3653.60399078,3632.07060268,6438903822.53137,63694394519.3354,2019,2,February,13,52.500082120000116,-21.53338810000014,-0.5893738936770491,Decreased
2118,Bitcoin,BTC,2019-02-14 23:59:59,3646.25659694,3607.69780014,3631.17019256,3616.88097021,6271044417.92334,63434486051.9796,2019,2,February,14,38.55879679999998,-14.289222349999818,-0.3935156324888704,Decreased
2119,Bitcoin,BTC,2019-02-15 23:59:59,3647.7950639,3608.20643294,3617.36836687,3620.81075285,6091952230.58605,63509111125.2578,2019,2,February,15,39.588630960000046,3.4423859799999263,0.09516271584412951,Increased
2120,Bitcoin,BTC,2019-02-16 23:59:59,3652.84126709,3615.27026725,3615.27026725,3629.78749138,5934744051.69985,63673369195.0388,2019,2,February,16,37.57099984000024,14.517224130000159,0.4015529422933812,Increased
2121,Bitcoin,BTC,2019-02-17 23:59:59,3680.53728847,3619.18213016,3633.35947964,3673.83629289,7039512502.6247,64453368778.9611,2019,2,February,17,61.355158310000206,40.476813250000305,1.1140327148144125,Increased
2122,Bitcoin,BTC,2019-02-18 23:59:59,3936.66500089,3669.98232379,3671.36998898,3915.71447331,9908216640.36486,68704389994.3763,2019,2,February,18,266.6826771000001,244.3444843299999,6.655403434233688,Increased
2123,Bitcoin,BTC,2019-02-19 23:59:59,4010.87942178,3908.15296756,3911.66152075,3947.09440657,9933626654.81582,69262673238.0216,2019,2,February,19,102.72645422000005,35.43288582000014,0.9058269901943469,Increased
2124,Bitcoin,BTC,2019-02-20 23:59:59,4000.48629461,3926.24692473,3946.68498546,3999.82050882,8693373948.00982,70194350041.973,2019,2,February,20,74.23936988000014,53.13552336000021,1.3463330252036083,Increased
2125,Bitcoin,BTC,2019-02-21 23:59:59,4010.009483,3940.10818712,4000.25678662,3954.1182433,7775128102.44287,69398333876.334,2019,2,February,21,69.9012958799999,-46.13854332000028,-1.1533895392496751,Decreased
2126,Bitcoin,BTC,2019-02-22 23:59:59,4006.53838667,3950.81642747,3952.4063737,4005.52660406,7826525254.37879,70308555856.5589,2019,2,February,22,55.72195920000013,53.12023035999982,1.3439971839300502,Increased
2127,Bitcoin,BTC,2019-02-23 23:59:59,4166.28616128,3968.72669838,3998.91627262,4142.52692999,8922258315.77183,72720867208.2186,2019,2,February,23,197.55946289999974,143.6106573699999,3.5912394153706404,Increased
2128,Bitcoin,BTC,2019-02-24 23:59:59,4210.64175454,3793.70900544,4145.45786231,3810.42743065,10794227451.2229,66897483404.1494,2019,2,February,24,416.9327490999999,-335.0304316599995,-8.081867981485365,Decreased
2129,Bitcoin,BTC,2019-02-25 23:59:59,3913.70726513,3807.00244566,3807.00244566,3882.69629339,9318796066.6747,68173204650.9558,2019,2,February,25,106.70481947000007,75.69384773000002,1.988279461608735,Increased
2130,Bitcoin,BTC,2019-02-26 23:59:59,3891.57896247,3837.98643789,3878.6973183,3854.35793575,7931218996.38403,67683296223.3571,2019,2,February,26,53.59252457999992,-24.33938255000021,-0.6275143573375804,Decreased
2131,Bitcoin,BTC,2019-02-27 23:59:59,3888.80258758,3787.05877702,3857.47978186,3851.04747978,8301309684.13533,67631949500.0921,2019,2,February,27,101.74381055999993,-6.432302080000227,-0.1667488216075289,Decreased
2132,Bitcoin,BTC,2019-02-28 23:59:59,3906.0584282,3845.82138085,3848.2620255,3854.78528208,8399767798.45704,67704774107.0288,2019,2,February,28,60.23704735000001,6.523256579999725,0.16951175717178887,Increased
2133,Bitcoin,BTC,2019-03-01 23:59:59,3907.79548566,3851.69234979,3853.75713203,3859.58375221,7661247975.11185,67796965743.3518,2019,3,March,1,56.10313586999973,5.826620180000191,0.15119323767377546,Increased
2134,Bitcoin,BTC,2019-03-02 23:59:59,3874.60748448,3832.12797211,3855.31822217,3864.41510673,7578786075.61039,67888255370.8382,2019,3,March,2,42.479512370000066,9.096884560000035,0.23595677544044014,Increased
2135,Bitcoin,BTC,2019-03-03 23:59:59,3875.48371414,3836.90573367,3862.26616642,3847.17569934,7253558152.32178,67592376373.1992,2019,3,March,3,38.57798047000006,-15.090467080000053,-0.3907153580248371,Decreased
2136,Bitcoin,BTC,2019-03-04 23:59:59,3867.38181147,3733.74966077,3845.09155774,3761.55701842,9029175787.94408,66094551587.193,2019,3,March,4,133.63215069999978,-83.53453932000002,-2.1724980553934707,Decreased
2137,Bitcoin,BTC,2019-03-05 23:59:59,3903.91675352,3745.18318172,3759.83244114,3896.37502308,10174126414.5332,68470655399.5828,2019,3,March,5,158.73357179999994,136.54258194000022,3.6316134848445487,Increased
2138,Bitcoin,BTC,2019-03-06 23:59:59,3919.51051824,3871.46059394,3897.08106256,3903.9425832,9175291528.51699,68609885775.7594,2019,3,March,6,48.04992429999993,6.861520639999981,0.17606820412128238,Increased
2139,Bitcoin,BTC,2019-03-07 23:59:59,3939.37339556,3894.11295638,3903.3847998,3911.4842891,9584165518.67529,68749421310.5083,2019,3,March,7,45.26043918000005,8.099489299999732,0.20749912487271893,Increased
2140,Bitcoin,BTC,2019-03-08 23:59:59,3950.43223806,3875.22842393,3913.22593587,3901.13162355,10638638944.001,68574579320.2148,2019,3,March,8,75.20381412999996,-12.094312319999972,-0.3090624594184371,Decreased
2141,Bitcoin,BTC,2019-03-09 23:59:59,3987.23778458,2155.1700439453125,3894.55252613,3963.31374243,10796103518.2198,69674508654.6229,2019,3,March,9,1832.0677406346877,68.76121629999989,1.7655742434761206,Increased
2142,Bitcoin,BTC,2019-03-10 23:59:59,3966.1742332,3924.38105934,3966.1742332,3951.59982769,9713267606.58481,69475297369.7211,2019,3,March,10,41.793173860000024,-14.574405509999906,-0.3674676061379417,Decreased
2143,Bitcoin,BTC,2019-03-11 23:59:59,3966.38473672,3889.23913266,3953.74017402,3905.22731979,10125901902.7266,68666928025.4743,2019,3,March,11,77.1456040600001,-48.5128542299999,-1.2270116925937,Decreased
2144,Bitcoin,BTC,2019-03-12 23:59:59,3926.88908293,3863.55909997,3903.75829416,3909.15620907,9809887079.43689,68743000581.0221,2019,3,March,12,63.32998296000005,5.397914910000054,0.13827482398373137,Increased
2145,Bitcoin,BTC,2019-03-13 23:59:59,3926.59772853,3891.90419153,3913.047443,3906.71716859,9469184841.22373,68706700381.1646,2019,3,March,13,34.693537000000106,-6.330274410000129,-0.16177351545594662,Decreased
2146,Bitcoin,BTC,2019-03-14 23:59:59,3946.50428698,3901.2968769,3905.57699911,3924.369118,10480789569.5861,69024696307.424,2019,3,March,14,45.207410080000045,18.792118889999983,0.48116114198445753,Increased
2147,Bitcoin,BTC,2019-03-15 23:59:59,3968.54286634,3914.01535654,3926.66323109,3960.91118728,9394210604.85752,69675002376.5269,2019,3,March,15,54.527509799999734,34.24795618999997,0.8721898002058378,Increased
2148,Bitcoin,BTC,2019-03-16 23:59:59,4077.03628216,3961.6575267,3963.90011952,4048.72590374,9856166973.20956,71227967573.2899,2019,3,March,16,115.37875546000032,84.82578422000006,2.1399576594344625,Increased
2149,Bitcoin,BTC,2019-03-17 23:59:59,4054.12201368,4006.41114819,4047.71957111,4025.22897966,8221625399.65813,70821939585.3756,2019,3,March,17,47.71086548999983,-22.49059145000001,-0.5556361070693554,Decreased
2150,Bitcoin,BTC,2019-03-18 23:59:59,4071.55673145,4009.11722623,4029.96845808,4032.50738522,9646954186.20681,70958165406.797,2019,3,March,18,62.43950521999977,2.5389271399999416,0.06300116654534721,Increased
2151,Bitcoin,BTC,2019-03-19 23:59:59,4082.21601126,4023.81254521,4032.69200717,4071.19020004,9344919956.26907,71647703827.7263,2019,3,March,19,58.403466050000134,38.49819286999991,0.9546524456008872,Increased
2152,Bitcoin,BTC,2019-03-20 23:59:59,4089.46189246,4031.11074047,4070.7940175,4087.47629856,10175916388.2762,71942444088.065,2019,3,March,20,58.351151989999835,16.68228106000015,0.40980410672425166,Increased
2153,Bitcoin,BTC,2019-03-21 23:59:59,4097.35995254,4005.15127452,4083.95389256,4029.32690706,10831212661.6887,70926226881.5237,2019,3,March,21,92.20867802000066,-54.626985500000046,-1.3376004464574764,Decreased
2154,Bitcoin,BTC,2019-03-22 23:59:59,4053.90667736,4021.54243412,4028.51456305,4023.96816173,9252935969.11583,70840048102.3798,2019,3,March,22,32.36424323999972,-4.546401320000314,-0.11285552649357236,Decreased
2155,Bitcoin,BTC,2019-03-23 23:59:59,4049.88248617,4015.96469723,4022.71330744,4035.82635079,9578850549.20952,71056017909.8302,2019,3,March,23,33.91778893999981,13.113043350000225,0.3259750906371498,Increased
2156,Bitcoin,BTC,2019-03-24 23:59:59,4040.69962534,4006.19284731,4035.16354472,4022.1682822,9144851064.99816,70823042992.427,2019,3,March,24,34.50677802999962,-12.995262520000324,-0.32205045411367744,Decreased
2157,Bitcoin,BTC,2019-03-25 23:59:59,4038.84089385,3934.03136241,4024.11267975,3963.07065416,10359818882.7206,69789872373.2903,2019,3,March,25,104.80953144000023,-61.04202559000032,-1.5169064697709356,Decreased
2158,Bitcoin,BTC,2019-03-26 23:59:59,3985.08080287,3944.75317214,3969.22885592,3985.08080287,10707678814.874,70184147202.9256,2019,3,March,26,40.32763072999978,15.851946949999729,0.3993709490032798,Increased
2159,Bitcoin,BTC,2019-03-27 23:59:59,4087.06622992,3977.81046621,3984.24481868,4087.06622992,10897131934.1801,71987847570.6632,2019,3,March,27,109.25576370999988,102.82141123999963,2.5807001306226174,Increased
2160,Bitcoin,BTC,2019-03-28 23:59:59,4094.90217427,4040.26644055,4087.584591,4069.10714977,9353915899.01829,71678998915.3443,2019,3,March,28,54.63573372000019,-18.47744122999984,-0.4520381369154604,Decreased
2161,Bitcoin,BTC,2019-03-29 23:59:59,4113.50083216,4034.09716136,4068.29989093,4098.37454059,10918665556.7509,72202088875.2092,2019,3,March,29,79.40367079999987,30.074649659999977,0.7392436758914793,Increased
2162,Bitcoin,BTC,2019-03-30 23:59:59,4296.8066502,4053.90965067,4092.13616358,4106.66008466,9732688060.4259,72355190645.0434,2019,3,March,30,242.89699953000036,14.523921080000491,0.3549227224954865,Increased
2163,Bitcoin,BTC,2019-03-31 23:59:59,4113.02361297,4094.10084931,4105.45617673,4105.40429618,9045122442.86547,72339379035.9471,2019,3,March,31,18.922763659999873,-0.05188055000053282,-0.0012636975714074173,Decreased
2164,Bitcoin,BTC,2019-04-01 23:59:59,4164.95332383,4096.90125463,4105.36242087,4158.18307045,10157794170.601,73269368747.441,2019,4,April,1,68.0520692,52.820649579999554,1.28662573885026,Increased
2165,Bitcoin,BTC,2019-04-02 23:59:59,4905.95443266,4155.31667828,4156.91964324,4879.87782845,21315047816.2034,85986009273.1489,2019,4,April,2,750.6377543799999,722.95818521,17.391680553307726,Increased
2166,Bitcoin,BTC,2019-04-03 23:59:59,5307.00360895,4876.62131112,4879.95813337,4973.02181522,22899891582.3906,87655288144.6018,2019,4,April,3,430.3822978299995,93.06368184999974,1.9070590219537775,Increased
2167,Bitcoin,BTC,2019-04-04 23:59:59,5063.1597258,4836.79382246,4971.30774104,4922.79878778,18251810239.6095,86778727821.0768,2019,4,April,4,226.36590333999993,-48.50895326000045,-0.9757785232151481,Decreased
2168,Bitcoin,BTC,2019-04-05 23:59:59,5053.50997402,4919.49163361,4922.80611783,5036.68110011,16837325387.2428,88796118649.975,2019,4,April,5,134.01834041000075,113.87498228000004,2.3132128211906253,Increased
2169,Bitcoin,BTC,2019-04-06 23:59:59,5205.82193076,4992.22200103,5036.79302365,5059.81718799,16929795193.6879,89212733449.5707,2019,4,April,6,213.59992973000044,23.024164340000425,0.4571195249018901,Increased
2170,Bitcoin,BTC,2019-04-07 23:59:59,5235.1864351,5050.41230153,5062.79376134,5198.89699014,16655416140.2699,91674230185.9347,2019,4,April,7,184.77413357000023,136.10322879999967,2.688302846529076,Increased
2171,Bitcoin,BTC,2019-04-08 23:59:59,5318.83648777,5148.21181354,5199.83537777,5289.77104039,17154113634.3214,93286365973.0142,2019,4,April,8,170.62467422999998,89.93566261999968,1.7295867289277425,Increased
2172,Bitcoin,BTC,2019-04-09 23:59:59,5289.91798137,5167.41905834,5289.91798137,5204.95837847,14722104361.4039,91799330425.2375,2019,4,April,9,122.49892302999979,-84.95960290000039,-1.6060665439277242,Decreased
2173,Bitcoin,BTC,2019-04-10 23:59:59,5421.65146794,5193.38250879,5204.10530845,5324.5518687,15504590933.2653,93918439274.0321,2019,4,April,10,228.26895914999932,120.4465602500004,2.3144527850816,Increased
2174,Bitcoin,BTC,2019-04-11 23:59:59,5354.22546556,5017.29640976,5325.08155529,5064.48767243,16555616019.1146,89341168456.888,2019,4,April,11,336.92905580000024,-260.5938828600001,-4.89370688794659,Decreased
2175,Bitcoin,BTC,2019-04-12 23:59:59,5103.27440858,4955.85259984,5061.20088735,5089.53891201,13675206312.4982,89792633045.0218,2019,4,April,12,147.42180874000042,28.338024659999974,0.5599071305552843,Increased
2176,Bitcoin,BTC,2019-04-13 23:59:59,5127.12209428,5061.58936959,5088.84997329,5096.58656276,10823289598.3117,89925574874.6422,2019,4,April,13,65.53272468999967,7.736589469999672,0.15203021332141725,Increased
2177,Bitcoin,BTC,2019-04-14 23:59:59,5184.01606396,5053.56858614,5095.75863359,5167.72236684,10391952498.0296,91188595340.7853,2019,4,April,14,130.44747782000013,71.96373325000059,1.4122280591477232,Increased
2178,Bitcoin,BTC,2019-04-15 23:59:59,5196.60679923,5024.06937381,5167.32198286,5067.10847228,12290155060.9227,89422237602.9984,2019,4,April,15,172.53742542000055,-100.21351058000073,-1.9393703530070083,Decreased
2179,Bitcoin,BTC,2019-04-16 23:59:59,5238.9452381,5055.19496077,5066.57760057,5235.55941893,11618660197.331,92404613297.4486,2019,4,April,16,183.75027733000024,168.98181836000003,3.3352260970203877,Increased
2180,Bitcoin,BTC,2019-04-17 23:59:59,5274.27555335,5219.20559934,5236.13523984,5251.93818854,12438480676.6085,92702617458.1931,2019,4,April,17,55.0699540100004,15.802948699999433,0.301805587062765,Increased
2181,Bitcoin,BTC,2019-04-18 23:59:59,5319.98611387,5250.50665911,5251.48069196,5298.38569881,13256489918.0909,93532402741.0929,2019,4,April,18,69.4794547599995,46.90500685000006,0.8931767933910808,Increased
2182,Bitcoin,BTC,2019-04-19 23:59:59,5336.68000293,5233.33520521,5298.15452927,5303.81261613,13780238655.1805,93638345002.2649,2019,4,April,19,103.34479772000032,5.658086859999457,0.10679354157642983,Increased
2183,Bitcoin,BTC,2019-04-20 23:59:59,5358.49049306,5295.87771212,5304.1605399,5337.8861323,13169647522.1762,94248717443.8952,2019,4,April,20,62.61278093999954,33.725592400000096,0.6358327985418769,Increased
2184,Bitcoin,BTC,2019-04-21 23:59:59,5359.92503038,5257.33953186,5335.87896599,5314.5314532,13731844222.8199,93847052256.1912,2019,4,April,21,102.58549852000033,-21.34751279000011,-0.4000749066098685,Decreased
2185,Bitcoin,BTC,2019-04-22 23:59:59,5422.68742206,5280.27672867,5312.49464201,5399.36541009,14601631647.9961,95354207775.9268,2019,4,April,22,142.41069339000023,86.87076808000074,1.6352161071946587,Increased
2186,Bitcoin,BTC,2019-04-23 23:59:59,5633.80205461,5389.40888788,5399.36570489,5572.36206051,15867308107.9804,98417387004.1095,2019,4,April,23,244.3931667299994,172.99635562000003,3.2040125650930404,Increased
2187,Bitcoin,BTC,2019-04-24 23:59:59,5642.04459312,5418.26332858,5571.50817669,5464.86664182,17048033399.0899,96530038144.448,2019,4,April,24,223.78126453999994,-106.64153487000021,-1.9140514827953696,Decreased
2188,Bitcoin,BTC,2019-04-25 23:59:59,5542.23830474,5181.33901806,5466.52427676,5210.51555862,15330283408.0494,92046492863.6906,2019,4,April,25,360.89928667999993,-256.0087181400004,-4.683208290656971,Decreased
2189,Bitcoin,BTC,2019-04-26 23:59:59,5383.63441532,5177.36851375,5210.30491981,5279.34821147,16812108039.6273,93272287959.7983,2019,4,April,26,206.2659015700001,69.04329166000025,1.325129579220826,Increased
2190,Bitcoin,BTC,2019-04-27 23:59:59,5310.75014488,5233.63572083,5279.47114181,5268.29106346,13111274675.1063,93086156556.1504,2019,4,April,27,77.11442405000071,-11.180078349999349,-0.21176511907528678,Decreased
2191,Bitcoin,BTC,2019-04-28 23:59:59,5326.23201477,5255.68374555,5271.74639378,5285.13900822,12819992055.6275,93391244394.8948,2019,4,April,28,70.5482692200003,13.392614439999306,0.25404511976905625,Increased
2192,Bitcoin,BTC,2019-04-29 23:59:59,5311.27468235,5216.48796096,5284.85852173,5247.35253746,13735490672.3168,92737510865.0381,2019,4,April,29,94.78672138999991,-37.50598426999932,-0.7096875747152778,Decreased
2193,Bitcoin,BTC,2019-04-30 23:59:59,5363.25752308,5224.18984511,5247.72588172,5350.72669668,13878964573.7961,94573826827.4842,2019,4,April,30,139.06767797000066,103.00081495999984,1.962770489190266,Increased
2194,Bitcoin,BTC,2019-05-01 23:59:59,5418.004045,5347.6461061,5350.91450555,5402.69709069,13679528236.4505,95501110090.8014,2019,5,May,1,70.35793889999968,51.782585139999355,0.9677333675634352,Increased
2195,Bitcoin,BTC,2019-05-02 23:59:59,5522.26255673,5394.21751696,5402.42286531,5505.28367176,14644460907.0129,97330112146.5137,2019,5,May,2,128.04503977000059,102.86080645000038,1.9039754757164506,Increased
2196,Bitcoin,BTC,2019-05-03 23:59:59,5865.88207851,5490.2018629,5505.55237976,5768.28940693,18720780005.7302,101986240859.226,2019,5,May,3,375.6802156099993,262.73702717000015,4.7722191897746224,Increased
2197,Bitcoin,BTC,2019-05-04 23:59:59,5886.8934994,5645.46932165,5769.20253322,5831.16747167,17567780765.6085,103112021258.803,2019,5,May,4,241.42417775000013,61.96493844999986,1.0740641898632564,Increased
2198,Bitcoin,BTC,2019-05-05 23:59:59,5833.86291815,5708.03512399,5831.06846097,5795.70842926,14808830722.9304,102494420158.46,2019,5,May,5,125.82779415999994,-35.36003170999993,-0.6064074182404262,Decreased
2199,Bitcoin,BTC,2019-05-06 23:59:59,5802.95753492,5653.68761092,5791.69326658,5746.80700343,15737171804.1755,101640471055.639,2019,5,May,6,149.26992400000017,-44.88626315000056,-0.7750110560759363,Decreased
2200,Bitcoin,BTC,2019-05-07 23:59:59,5988.17834158,5741.39591074,5745.59904909,5829.50151628,18026409032.5876,103112368557.499,2019,5,May,7,246.78243084000042,83.9024671899997,1.4602910240193028,Increased
2201,Bitcoin,BTC,2019-05-08 23:59:59,5989.98114696,5794.71564865,5849.48135039,5982.45732286,15320605299.5998,105829143585.149,2019,5,May,8,195.2654983100001,132.97597246999976,2.2732950924124906,Increased
2202,Bitcoin,BTC,2019-05-09 23:59:59,6183.03929388,5982.31627033,5982.31627033,6174.52868876,16784645410.7955,109238600750.148,2019,5,May,9,200.7230235499992,192.21241842999916,3.2130099738006033,Increased
2203,Bitcoin,BTC,2019-05-10 23:59:59,6434.61766164,6161.51907243,6175.82273778,6378.8489737,19419875367.6122,112863284035.003,2019,5,May,10,273.0985892099998,203.02623591999964,3.2874362581362027,Increased
2204,Bitcoin,BTC,2019-05-11 23:59:59,7333.00312262,6375.69861161,6379.66690526,7204.77169716,28867562329.2995,127488435181.246,2019,5,May,11,957.3045110100002,825.1047919000002,12.93335222909061,Increased
2205,Bitcoin,BTC,2019-05-12 23:59:59,7503.87183327,6815.77092608,7203.50752166,6972.37152291,27773333679.6781,123389710222.362,2019,5,May,12,688.1009071899998,-231.13599875,-3.208659088020724,Decreased
2206,Bitcoin,BTC,2019-05-13 23:59:59,8047.41300187,6898.2824267,6971.17820581,7814.91513992,28677672181.4518,138316573807.201,2019,5,May,13,1149.1305751700002,843.7369341100002,12.103218555032825,Increased
2207,Bitcoin,BTC,2019-05-14 23:59:59,8268.71267944,7696.39104325,7807.88444936,7994.41615632,32031452226.8167,141508656734.802,2019,5,May,14,572.3216361899995,186.5317069599996,2.3890172577450133,Increased
2208,Bitcoin,BTC,2019-05-15 23:59:59,8216.42381116,7899.10688404,7989.37450547,8205.16749484,28344112919.5707,145254332460.476,2019,5,May,15,317.3169271200004,215.7929893699993,2.700999799449314,Increased
2209,Bitcoin,BTC,2019-05-16 23:59:59,8320.82435452,7729.60838515,8194.50090343,7884.90929094,33167197581.0209,139599559277.841,2019,5,May,16,591.2159693700005,-309.59161249000044,-3.7780411051076173,Decreased
2210,Bitcoin,BTC,2019-05-17 23:59:59,7929.14555093,7038.12453946,7886.92599261,7343.89571659,30066644905.1297,130034777632.549,2019,5,May,17,891.0210114700003,-543.0302760200002,-6.885195531552041,Decreased
2211,Bitcoin,BTC,2019-05-18 23:59:59,7447.2717408,7251.50451112,7341.66441915,7271.20790408,21354286561.9857,128761727083.303,2019,5,May,18,195.76722968000013,-70.45651507000002,-0.9596804082494048,Decreased
2212,Bitcoin,BTC,2019-05-19 23:59:59,8261.94116696,7267.96301884,7267.96301884,8197.68969114,25902422039.648,145185076704.969,2019,5,May,19,993.9781481199998,929.7266723000002,12.792121669991504,Increased
2213,Bitcoin,BTC,2019-05-20 23:59:59,8200.96799673,7678.78158711,8196.92393539,7978.30907244,23843404339.5117,141315695727.576,2019,5,May,20,522.1864096199997,-218.6148629499994,-2.6670353985613504,Decreased
2214,Bitcoin,BTC,2019-05-21 23:59:59,8062.16804044,7843.33978307,7977.96936984,7963.32777911,25127245056.398,141065573610.266,2019,5,May,21,218.82825737000076,-14.641590729999734,-0.1835252813247311,Decreased
2215,Bitcoin,BTC,2019-05-22 23:59:59,7997.61243859,7615.98748467,7956.29214912,7680.06654589,24719473174.9693,136063898960.26,2019,5,May,22,381.6249539199998,-276.22560323000016,-3.4717880898899858,Decreased
2216,Bitcoin,BTC,2019-05-23 23:59:59,7943.79138993,7533.196693,7677.26883391,7881.84672105,24457107820.1032,139654107034.588,2019,5,May,23,410.5946969300003,204.5778871400007,2.6647222022028645,Increased
2217,Bitcoin,BTC,2019-05-24 23:59:59,8140.71991773,7824.44888684,7881.6953208,7987.37156583,25919126990.993,141539115575.014,2019,5,May,24,316.27103088999957,105.67624502999934,1.34078064082377,Increased
2218,Bitcoin,BTC,2019-05-25 23:59:59,8117.92594496,7965.97621163,7991.88503911,8052.54385907,22256813106.5725,142708188838.421,2019,5,May,25,151.94973333000053,60.658819959999164,0.759005161650252,Increased
2219,Bitcoin,BTC,2019-05-26 23:59:59,8687.52079924,7924.67019111,8055.20591925,8673.21603511,26677970091.4978,153725486067.287,2019,5,May,26,762.8506081299993,618.0101158599991,7.6721827108491905,Increased
2220,Bitcoin,BTC,2019-05-27 23:59:59,8907.17444077,8668.70492015,8674.07240318,8805.7783766,27949839563.9382,156093754762.006,2019,5,May,27,238.46952062000128,131.70597341999928,1.5183868349048435,Increased
2221,Bitcoin,BTC,2019-05-28 23:59:59,8807.01613958,8634.72130428,8802.75819975,8719.9617362,24226919266.6635,154590202287.415,2019,5,May,28,172.29483530000107,-82.79646354999932,-0.9405740981542666,Decreased
2222,Bitcoin,BTC,2019-05-29 23:59:59,8755.85207898,8482.72893785,8718.59132866,8659.48775584,23473479966.1112,153537047654.921,2019,5,May,29,273.12314112999957,-59.10357282000041,-0.6779027780062757,Decreased
2223,Bitcoin,BTC,2019-05-30 23:59:59,9008.31456846,8221.27336604,8661.76050606,8319.47222898,29246528551.201,147525141134.055,2019,5,May,30,787.0412024199995,-342.2882770800006,-3.951717169281309,Decreased
2224,Bitcoin,BTC,2019-05-31 23:59:59,8586.65937818,8172.55084356,8320.28637611,8574.50164907,25365190957.3896,152059886413.545,2019,5,May,31,414.1085346199998,254.21527296000022,3.055366864413794,Increased
2225,Bitcoin,BTC,2019-06-01 23:59:59,8625.60025901,8481.57822194,8573.83972489,8564.01647182,22488303543.9471,151890214309.926,2019,6,June,1,144.022037069999,-9.823253070000646,-0.11457238979501307,Decreased
2226,Bitcoin,BTC,2019-06-02 23:59:59,8809.30399136,8561.23513935,8565.47326214,8742.95810038,20266216022.1639,155077231351.225,2019,6,June,2,248.06885201000114,177.4848382399996,2.07209610967435,Increased
2227,Bitcoin,BTC,2019-06-03 23:59:59,8743.50012386,8204.18581516,8741.74721596,8208.99482964,22004511436.0117,145619047341.18,2019,6,June,3,539.314308699999,-532.7523863200004,-6.094346738228058,Decreased
2228,Bitcoin,BTC,2019-06-04 23:59:59,8210.98582388,7564.48860353,8210.98582388,7707.77077085,24609731548.7902,136742790468.573,2019,6,June,4,646.497220350001,-503.2150530300005,-6.128558297671161,Decreased
2229,Bitcoin,BTC,2019-06-05 23:59:59,7901.8489052,7668.6687003,7704.34318039,7824.23153913,21760923463.0297,138824651666.408,2019,6,June,5,233.18020490000072,119.8883587399996,1.556113946807997,Increased
2230,Bitcoin,BTC,2019-06-06 23:59:59,7937.34087946,7571.47097209,7819.63337781,7822.02338228,19474611077.3689,138800725479.332,2019,6,June,6,365.86990736999996,2.390004470000349,0.030564149935501248,Increased
2231,Bitcoin,BTC,2019-06-07 23:59:59,8126.15348327,7788.3733918,7826.90126518,8043.95135807,19141423230.7911,142754693587.597,2019,6,June,7,337.7800914700001,217.0500928900001,2.773129307962574,Increased
2232,Bitcoin,BTC,2019-06-08 23:59:59,8076.89110147,7837.61096128,8036.774936,7954.12772355,16522722809.9052,141172841635.462,2019,6,June,8,239.28014018999966,-82.64721244999964,-1.0283629081086867,Decreased
2233,Bitcoin,BTC,2019-06-09 23:59:59,7975.97432619,7583.21971271,7949.67470562,7688.07711075,16610726547.0477,136465098533.162,2019,6,June,9,392.75461348000044,-261.59759486999974,-3.290670430641194,Decreased
2234,Bitcoin,BTC,2019-06-10 23:59:59,8031.90989621,7586.73084679,7692.28467885,8000.32982299,18689275117.4736,142023351079.395,2019,6,June,10,445.1790494199995,308.04514414000005,4.004598854576622,Increased
2235,Bitcoin,BTC,2019-06-11 23:59:59,8026.3942184,7772.80393035,8004.24354228,7927.71435114,17107279931.9857,140748537529.853,2019,6,June,11,253.5902880499998,-76.52919113999997,-0.956107728803573,Decreased
2236,Bitcoin,BTC,2019-06-12 23:59:59,8196.64825685,7862.3597896,7925.43410401,8145.85747373,19034432883.3832,144634684710.85,2019,6,June,12,334.2884672499995,220.42336971999976,2.781215095946265,Increased
2237,Bitcoin,BTC,2019-06-13 23:59:59,8311.56742951,8087.06116595,8145.54523047,8230.92383068,18669407147.4338,146160317148.195,2019,6,June,13,224.50626355999975,85.3786002099996,1.0481631099490345,Increased
2238,Bitcoin,BTC,2019-06-14 23:59:59,8710.63642127,8183.39293312,8230.89877378,8693.83281543,19831162905.969,154398880249.084,2019,6,June,14,527.2434881499994,462.9340416499999,5.624343760911055,Increased
2239,Bitcoin,BTC,2019-06-15 23:59:59,8859.12746691,8618.39596373,8689.74641372,8838.37523367,18371033226.454,156982138834.687,2019,6,June,15,240.7315031800008,148.62881994999952,1.710393064121337,Increased
2240,Bitcoin,BTC,2019-06-16 23:59:59,9335.86694232,8814.55645906,8841.44078361,8994.48801293,23348550310.9672,159769423369.732,2019,6,June,16,521.3104832600002,153.04722932000004,1.7310213693192906,Increased
2241,Bitcoin,BTC,2019-06-17 23:59:59,9416.40744016,8988.92370914,8988.92370914,9320.35218253,15562951918.8338,165573372261.217,2019,6,June,17,427.48373102000005,331.42847339000036,3.687076274248514,Increased
2242,Bitcoin,BTC,2019-06-18 23:59:59,9348.37442796,9004.90174624,9335.46690152,9081.76285149,15848210535.5012,161353637185.781,2019,6,June,18,343.47268171999895,-253.70405002999905,-2.7176364364667287,Decreased
2243,Bitcoin,BTC,2019-06-19 23:59:59,9299.62104446,9070.39599386,9078.72760253,9273.52176614,15546809946.0294,164780855868.715,2019,6,June,19,229.22505060000003,194.7941636100004,2.1456108403970227,Increased
2244,Bitcoin,BTC,2019-06-20 23:59:59,9594.42027595,9232.48426293,9273.06078283,9527.16035008,17846823783.9018,169304784791.184,2019,6,June,20,361.93601302000025,254.09956724999938,2.740190894903764,Increased
2245,Bitcoin,BTC,2019-06-21 23:59:59,10144.5567168,9525.07460809,9525.07460809,10144.5567168,20624008643.439,180293241528.337,2019,6,June,21,619.482108709999,619.482108709999,6.503698230183412,Increased
2246,Bitcoin,BTC,2019-06-22 23:59:59,11157.3455164,10107.0352041,10175.9239561,10701.691013,29995204860.6379,190214124823.557,2019,6,June,22,1050.3103123,525.7670569000002,5.166774625755992,Increased
2247,Bitcoin,BTC,2019-06-23 23:59:59,11246.1441834,10556.095932,10696.6909289,10855.3710156,20998326501.9612,192970090354.715,2019,6,June,23,690.0482513999996,158.68008670000017,1.4834502347944172,Increased
2248,Bitcoin,BTC,2019-06-24 23:59:59,11065.8960178,10610.4280819,10853.7438384,11011.1024485,19271652364.8505,195762668679.254,2019,6,June,24,455.46793590000016,157.35861010000008,1.4498095076030193,Increased
2249,Bitcoin,BTC,2019-06-25 23:59:59,11790.916533,11007.2020736,11007.2020736,11790.916533,24879684533.0455,209647943360.178,2019,6,June,25,783.7144594000001,783.7144594000001,7.120015187871259,Increased
2250,Bitcoin,BTC,2019-06-26 23:59:59,13796.4890807,11755.597775,11778.5811328,13016.2317442,45105733173.1893,231462117208.617,2019,6,June,26,2040.891305699999,1237.6506114000003,10.50763752820359,Increased
2251,Bitcoin,BTC,2019-06-27 23:59:59,13311.1443049,10491.8523044,13017.1248668,2295.6949462890625,39977475222.6314,198878940963.532,2019,6,June,27,2819.2920005000014,-10721.429920510938,-82.36403991065492,Decreased
2252,Bitcoin,BTC,2019-06-28 23:59:59,12445.1752203,10914.4948615,11162.1678255,12407.331998,35087757765.864,220681459665.927,2019,6,June,28,1530.6803588000002,1245.164172499999,11.155218161613897,Increased
2253,Bitcoin,BTC,2019-06-29 23:59:59,12400.910221,11508.3784271,12400.7636934,11959.3709764,29923961127.7756,212739713110.418,2019,6,June,29,892.5317938999997,-441.39271700000063,-3.5593994685579,Decreased
2254,Bitcoin,BTC,2019-06-30 23:59:59,12178.3833598,10799.0085788,11931.990728,10817.1555981,27256473494.4706,192442065810.218,2019,6,June,30,1379.3747810000004,-1114.8351299000005,-9.343245023513905,Decreased
2255,Bitcoin,BTC,2019-07-01 23:59:59,11206.4398606,10089.3143739,10796.9306183,10583.1345195,29378589324.4453,188297637573.825,2019,7,July,1,1117.1254866999989,-213.79609880000135,-1.9801562717985122,Decreased
2256,Bitcoin,BTC,2019-07-02 23:59:59,10912.1886159,9737.88454398,10588.6836947,10801.6779238,31015895222.9625,192206536805.973,2019,7,July,2,1174.3040719199998,212.99422910000067,2.01152697767912,Increased
2257,Bitcoin,BTC,2019-07-03 23:59:59,11968.0776971,10818.1558221,10818.1558221,11961.2693412,30796494293.7676,212867079175.497,2019,7,July,3,1149.921875,1143.1135191000012,10.566620946287149,Increased
2258,Bitcoin,BTC,2019-07-04 23:59:59,12006.0753559,11166.5688601,11972.7185797,11215.4375483,25920294033.3402,199617404431.54,2019,7,July,4,839.5064958000003,-757.2810313999998,-6.32505496858488,Decreased
2259,Bitcoin,BTC,2019-07-05 23:59:59,11395.6613596,10874.9649233,11203.1024876,10978.4599518,23838480210.0513,195424678267.024,2019,7,July,5,520.6964363000006,-224.64253579999968,-2.005181475833522,Decreased
2260,Bitcoin,BTC,2019-07-06 23:59:59,11620.9651525,10982.5439142,10982.5439142,11208.5508454,21092024306.2619,199546110914.427,2019,7,July,6,638.4212383000013,226.0069311999996,2.0578741406877645,Increased
2261,Bitcoin,BTC,2019-07-07 23:59:59,11541.6198726,11148.8048129,11217.6159338,11450.8467553,19369044276.9011,203881891345.94,2019,7,July,7,392.81505970000035,233.23082149999937,2.0791478588355607,Increased
2262,Bitcoin,BTC,2019-07-08 23:59:59,12345.8331464,11393.3743129,11446.5971553,12285.958217,23482551458.3087,218778355444.306,2019,7,July,8,952.4588335000008,839.3610616999995,7.332843554395192,Increased
2263,Bitcoin,BTC,2019-07-09 23:59:59,12779.1320971,12233.2620314,12284.3264649,12573.8129407,28167921522.6206,223928128582.652,2019,7,July,9,545.8700657000009,289.48647580000033,2.3565514692820146,Increased
2264,Bitcoin,BTC,2019-07-10 23:59:59,13129.5289339,11710.9784147,12571.5371616,12156.5126313,33627574244.0567,216515999522.295,2019,7,July,10,1418.5505192,-415.02453029999924,-3.3013029748478138,Decreased
2265,Bitcoin,BTC,2019-07-11 23:59:59,12144.6227945,11158.9228142,12139.7138379,11358.661752,28595327690.1018,202324174691.693,2019,7,July,11,985.6999802999999,-781.0520859000007,-6.433859119986569,Decreased
2266,Bitcoin,BTC,2019-07-12 23:59:59,11905.4870064,11179.1448437,11354.299624,11815.9866867,23534692796.6076,210494417831.881,2019,7,July,12,726.3421627000007,461.68706270000075,4.066187065595098,Increased
2267,Bitcoin,BTC,2019-07-13 23:59:59,11841.9572004,10908.4793185,11813.1273165,11392.3793357,21042616383.5567,202968191000.8,2019,7,July,13,933.4778819000003,-420.74798080000073,-3.561698520021201,Decreased
2268,Bitcoin,BTC,2019-07-14 23:59:59,11451.2037673,10234.5764143,11381.0208987,10256.0582756,22486000001.3479,182741933551.727,2019,7,July,14,1216.6273529999999,-1124.9626231000002,-9.884549313396827,Decreased
2269,Bitcoin,BTC,2019-07-15 23:59:59,11052.7667966,9992.00724951,10257.8385363,10895.0893874,25384047206.6059,194147627474.959,2019,7,July,15,1060.7595470900014,637.2508510999996,6.212330685893754,Increased
2270,Bitcoin,BTC,2019-07-16 23:59:59,10996.6332798,9448.1067483,10896.6533265,9477.64204235,24151199069.746,168908640950.353,2019,7,July,16,1548.5265314999997,-1419.0112841499995,-13.022450486692552,Decreased
2271,Bitcoin,BTC,2019-07-17 23:59:59,9963.13442838,9163.13464449,9471.21400074,9693.80272448,24569921548.6747,172777250514.701,2019,7,July,17,799.9997838900017,222.5887237400002,2.350160430570031,Increased
2272,Bitcoin,BTC,2019-07-18 23:59:59,10736.8430131,9376.79846015,9698.50274016,10666.4828491,25187024648.1732,190129918120.93,2019,7,July,18,1360.0445529500012,967.9801089400007,9.980716971205718,Increased
2273,Bitcoin,BTC,2019-07-19 23:59:59,10716.9806727,10229.6289244,10653.956443,10530.7326264,20727426309.5903,187725578627.888,2019,7,July,19,487.3517482999996,-123.22381659999883,-1.1566014678139682,Decreased
2274,Bitcoin,BTC,2019-07-20 23:59:59,11048.6623461,10451.2760142,10525.819,10767.1395226,20206615154.6533,191963691255.277,2019,7,July,20,597.3863318999993,241.3205226000009,2.2926531664662004,Increased
2275,Bitcoin,BTC,2019-07-21 23:59:59,10841.8877848,10389.5998035,10777.5296892,10599.1053965,17130580467.0391,188987475961.558,2019,7,July,21,452.28798129999996,-178.4242927000014,-1.6555212358059905,Decreased
2276,Bitcoin,BTC,2019-07-22 23:59:59,10651.7912019,10154.9215831,10596.9480747,10343.1061684,16334414913.1969,184443440747.993,2019,7,July,22,496.86961879999944,-253.84190630000012,-2.395424649725731,Decreased
2277,Bitcoin,BTC,2019-07-23 23:59:59,10346.7477047,9883.59513007,10346.7477047,9900.76801058,17851916994.61,176572890701.902,2019,7,July,23,463.15257462999944,-445.9796941200002,-4.310336995241649,Decreased
2278,Bitcoin,BTC,2019-07-24 23:59:59,9908.7972369,9614.30658327,9887.73084418,9811.92618837,17398734321.6307,175005760793.922,2019,7,July,24,294.49065363000045,-75.80465580999953,-0.7666537146348272,Decreased
2279,Bitcoin,BTC,2019-07-25 23:59:59,10154.2540296,9773.95670972,9809.09690775,9911.84226491,15821952090.4731,176806451137.238,2019,7,July,25,380.29731988000094,102.74535715999991,1.047449710470518,Increased
2280,Bitcoin,BTC,2019-07-26 23:59:59,9916.51772964,9717.9822414,9913.12718948,9870.30353766,14495714483.2295,176085968354.266,2019,7,July,26,198.53548824000063,-42.82365181999921,-0.4319893309292399,Decreased
2281,Bitcoin,BTC,2019-07-27 23:59:59,10167.3205575,9411.52180812,9871.16499086,9477.67767811,16817809536.373,169099540423.129,2019,7,July,27,755.7987493799992,-393.48731274999955,-3.986229721763753,Decreased
2282,Bitcoin,BTC,2019-07-28 23:59:59,9575.54534858,9252.2968633,9491.62688749,9552.86043541,13738687092.7752,170461958073.989,2019,7,July,28,323.24848528000075,61.233547920001,0.645132269165648,Increased
2283,Bitcoin,BTC,2019-07-29 23:59:59,9681.64800826,9472.94833737,9548.17889422,9519.14591371,13791445323.2415,169880343826.604,2019,7,July,29,208.69967088999874,-29.032980510000925,-0.3040682504134487,Decreased
2284,Bitcoin,BTC,2019-07-30 23:59:59,9701.7593939,9437.3362874,9522.32895542,9607.42368665,13829811132.0847,171472452506.045,2019,7,July,30,264.42310650000036,85.09473122999952,0.8936336019095894,Increased
2285,Bitcoin,BTC,2019-07-31 23:59:59,10085.6277491,9598.09768275,9604.05115871,10085.6277491,16631520647.7532,180028959602.822,2019,7,July,31,487.5300663500002,481.5765903899992,5.014306800659355,Increased
2286,Bitcoin,BTC,2019-08-01 23:59:59,10446.9203303,9922.01981608,10077.442592,10399.6694229,17165337857.81,185653203391.495,2019,8,August,1,524.9005142200003,322.226830900001,3.197505993790543,Increased
2287,Bitcoin,BTC,2019-08-02 23:59:59,10657.95271,10371.0139875,10402.0434274,10518.1746772,17489094081.7003,187791090996.091,2019,8,August,2,286.93872249999913,116.13124980000066,1.116427273261517,Increased
2288,Bitcoin,BTC,2019-08-03 23:59:59,10946.7813264,10503.5043975,10519.278349,10821.7265103,15352685060.58,193233960601.286,2019,8,August,3,443.2769288999989,302.4481613000007,2.875179753454784,Increased
2289,Bitcoin,BTC,2019-08-04 23:59:59,11009.2069143,10620.2782517,10821.6329392,10970.1842157,16530894786.8053,195907875403.024,2019,8,August,4,388.9286626000012,148.5512764999985,1.37272514540657,Increased
2290,Bitcoin,BTC,2019-08-05 23:59:59,11895.0919275,10960.7357349,10960.7357349,11805.6537253,23875988832.3366,210848822060.36,2019,8,August,5,934.3561926000002,844.9179904000011,7.708588281256558,Increased
2291,Bitcoin,BTC,2019-08-06 23:59:59,12273.8213783,11290.7316542,11811.5450274,11478.1693461,23635107659.8143,205023347814.272,2019,8,August,6,983.0897240999984,-333.3756813,-2.8224561691687837,Decreased
2292,Bitcoin,BTC,2019-08-07 23:59:59,12036.9898905,11433.701205,11476.1934394,11941.9683406,22194988641.2161,213330426788.853,2019,8,August,7,603.2886854999997,465.7749012000004,4.058618423081862,Increased
2293,Bitcoin,BTC,2019-08-08 23:59:59,11979.4201746,11556.1684508,11954.0403364,11966.407405,19481591729.5165,213788089212.212,2019,8,August,8,423.25172380000004,12.367068600000493,0.10345513526788784,Increased
2294,Bitcoin,BTC,2019-08-09 23:59:59,11970.4577149,11709.7453788,11953.4695395,11862.93676,18339989959.5105,211961319132.719,2019,8,August,9,260.71233609999945,-90.53277949999938,-0.7573765859429819,Decreased
2295,Bitcoin,BTC,2019-08-10 23:59:59,11915.6552603,11323.8987573,11861.5566954,11354.0242177,18125355447.0493,202890020454.664,2019,8,August,10,591.7565030000005,-507.5324777000005,-4.278801600272462,Decreased
2296,Bitcoin,BTC,2019-08-11 23:59:59,11523.5793784,11248.2948234,11349.7398943,11523.5793784,15774371517.9934,205941632234.684,2019,8,August,11,275.2845550000002,173.83948409999903,1.5316605113329835,Increased
2297,Bitcoin,BTC,2019-08-12 23:59:59,11528.1893667,11320.9515001,11528.1893667,11382.6159562,13647198229.0109,203441494985.163,2019,8,August,12,207.23786660000042,-145.57341050000105,-1.2627604029519175,Decreased
2298,Bitcoin,BTC,2019-08-13 23:59:59,11420.0498609,10830.3269144,11385.0524972,10895.8304358,16681503536.9668,194762696644.164,2019,8,August,13,589.7229465,-489.2220613999998,-4.297055824031706,Decreased
2299,Bitcoin,BTC,2019-08-14 23:59:59,10889.5569207,10028.1353635,10889.4877427,10051.7039313,19990838299.8764,179692803424.26,2019,8,August,14,861.4215572000012,-837.7838113999987,-7.6935098435794185,Decreased
2300,Bitcoin,BTC,2019-08-15 23:59:59,10437.4106507,9675.3164202,10038.4217089,10311.545429,22899115082.1403,184357666577.279,2019,8,August,15,762.094230499999,273.12372010000036,2.7207834858925146,Increased
2301,Bitcoin,BTC,2019-08-16 23:59:59,10524.3498284,9855.47883007,10319.4203458,10374.3393471,20228207096.3622,185500055338.796,2019,8,August,16,668.8709983299996,54.91900130000067,0.5321907574232373,Increased
2302,Bitcoin,BTC,2019-08-17 23:59:59,10452.6246924,10086.6979603,10358.7225407,10231.7438454,13778035685.0204,182966857173.0,2019,8,August,17,365.92673210000066,-126.97869530000025,-1.225814233377657,Decreased
2303,Bitcoin,BTC,2019-08-18 23:59:59,10487.070244,10119.0946079,10233.0062966,10345.8103795,12999813869.0485,185022920955.421,2019,8,August,18,367.9756361,112.80408290000014,1.1023552573937163,Increased
2304,Bitcoin,BTC,2019-08-19 23:59:59,10916.0538702,10313.2044338,10350.283631,10916.0538702,16038264603.2616,195243306008.31,2019,8,August,19,602.8494363999998,565.7702391999992,5.466229326368102,Increased
2305,Bitcoin,BTC,2019-08-20 23:59:59,10947.0417192,10618.9606782,10916.3467171,10763.2326304,15053082175.362,192530283565.253,2019,8,August,20,328.0810410000013,-153.11408669999946,-1.402612894844689,Decreased
2306,Bitcoin,BTC,2019-08-21 23:59:59,10798.7297949,9962.7216442,10764.5727493,10138.049355,19473084767.8293,181364502141.631,2019,8,August,21,836.0081506999995,-626.5233943000003,-5.820234661340757,Decreased
2307,Bitcoin,BTC,2019-08-22 23:59:59,10232.9960286,9831.46262049,10142.52143,10131.0561021,17097508856.2413,181257125782.967,2019,8,August,22,401.5334081100009,-11.465327900001284,-0.11304218560572747,Decreased
2308,Bitcoin,BTC,2019-08-23 23:59:59,10442.4435166,10078.1927261,10136.3095336,10407.965329,15627023886.2172,186231409722.18,2019,8,August,23,364.2507905000002,271.6557954,2.6800266359221867,Increased
2309,Bitcoin,BTC,2019-08-24 23:59:59,10418.0204345,9982.29685483,10407.6442328,10159.9605385,15451030650.3596,181813631752.038,2019,8,August,24,435.7235796700006,-247.68369429999984,-2.379824759184382,Decreased
2310,Bitcoin,BTC,2019-08-25 23:59:59,10304.6222586,10008.7887534,10160.7370213,10138.517665,14153856609.6535,181450186164.483,2019,8,August,25,295.8335052000002,-22.219356300000072,-0.21867858850614413,Decreased
2311,Bitcoin,BTC,2019-08-26 23:59:59,10512.3277534,10126.2995187,10126.2995187,10370.8201605,18438654079.5348,185625235888.757,2019,8,August,26,386.0282347000011,244.5206417999998,2.414708762548938,Increased
2312,Bitcoin,BTC,2019-08-27 23:59:59,10381.3283434,10087.3005576,10372.8263035,10185.4998997,14762609502.7663,182325540954.58,2019,8,August,27,294.02778580000086,-187.32640379999975,-1.8059340657887237,Decreased
2313,Bitcoin,BTC,2019-08-28 23:59:59,10279.3659944,9716.65581044,10203.4268025,9754.42327325,17603790323.1144,174627460399.528,2019,8,August,28,562.71018396,-449.0035292499997,-4.400516982588504,Decreased
2314,Bitcoin,BTC,2019-08-29 23:59:59,9756.78570735,9421.63015965,9756.78570735,9510.20054413,17045878500.7915,170274910132.348,2019,8,August,29,335.15554770000017,-246.58516321999923,-2.5273196585043496,Decreased
2315,Bitcoin,BTC,2019-08-30 23:59:59,9656.12392624,9428.30239699,9514.84485249,9598.17364826,13595263986.4386,171869216523.885,2019,8,August,30,227.821529249999,83.3287957700013,0.8757767158777632,Increased
2316,Bitcoin,BTC,2019-08-31 23:59:59,9673.22043974,9531.79983914,9597.5394476,9630.66384768,11454806419.0115,172470743516.177,2019,8,August,31,141.4206006000004,33.12440007999976,0.3451342946892808,Increased
2317,Bitcoin,BTC,2019-09-01 23:59:59,9796.75596805,9582.94463078,9630.59319616,9757.97031807,11445355859.3666,174768292883.373,2019,9,September,1,213.81133726999906,127.37712190999991,1.3226300739272105,Increased
2318,Bitcoin,BTC,2019-09-02 23:59:59,10396.5913249,9730.65071681,9757.47323681,10346.7607927,17248102293.7972,185333114163.111,2019,9,September,2,665.9406080900008,589.2875558900014,6.039345859201727,Increased
2319,Bitcoin,BTC,2019-09-03 23:59:59,10736.1047208,10308.5478807,10345.7251399,10623.5401172,19384917988.7139,190312487956.047,2019,9,September,3,427.55684010000004,277.81497730000046,2.6853117934533275,Increased
2320,Bitcoin,BTC,2019-09-04 23:59:59,10762.6442123,10434.7103971,10621.1803306,10594.4933536,16742664768.544,189810010607.682,2019,9,September,4,327.9338152,-26.686976999999388,-0.25126187645184084,Decreased
2321,Bitcoin,BTC,2019-09-05 23:59:59,10627.2698685,10516.4182336,10588.1840215,10575.533284,14551239507.9754,189492405382.712,2019,9,September,5,110.85163490000014,-12.650737500000105,-0.11947976607047966,Decreased
2322,Bitcoin,BTC,2019-09-06 23:59:59,10898.7621803,10292.3001305,10578.1978276,10353.3025592,19536574782.8784,185530405363.172,2019,9,September,6,606.4620498000004,-224.89526840000144,-2.126026304908178,Decreased
2323,Bitcoin,BTC,2019-09-07 23:59:59,10558.673705,10348.9192522,10353.9315807,10517.254784,15307366476.4524,188488525926.318,2019,9,September,7,209.75445279999985,163.3232033000004,1.577402767509485,Increased
2324,Bitcoin,BTC,2019-09-08 23:59:59,10595.6380804,10409.091259,10518.1141171,10441.275979,13670567492.7551,187150078006.707,2019,9,September,8,186.54682139999932,-76.83813809999992,-0.7305315120614544,Decreased
2325,Bitcoin,BTC,2019-09-09 23:59:59,10450.3115318,10144.929455,10443.2285007,10334.9741628,17595943367.9607,185263578990.272,2019,9,September,9,305.3820768000005,-108.25433789999988,-1.0365983842328426,Decreased
2326,Bitcoin,BTC,2019-09-10 23:59:59,10394.3539227,10020.5734003,10336.4084054,10115.9757913,14906809639.1074,181360731382.795,2019,9,September,10,373.78052240000034,-220.43261410000014,-2.1325842154692785,Decreased
2327,Bitcoin,BTC,2019-09-11 23:59:59,10215.9477875,9980.77667261,10123.0347321,10178.3718893,15428063426.0714,182502788242.499,2019,9,September,11,235.17111488999944,55.33715719999964,0.5466459284637866,Increased
2328,Bitcoin,BTC,2019-09-12 23:59:59,10442.2538742,10099.2419536,10176.8193616,10410.1268031,15323563925.0222,186678943058.602,2019,9,September,12,343.01192059999994,233.3074414999992,2.2925379060999522,Increased
2329,Bitcoin,BTC,2019-09-13 23:59:59,10441.4890164,10226.5969003,10415.3625333,10360.5472773,14109864674.7053,185809163035.281,2019,9,September,13,214.89211610000166,-54.81525599999986,-0.5262923477194817,Decreased
2330,Bitcoin,BTC,2019-09-14 23:59:59,10422.1334739,10291.6944928,10345.4037591,10358.0491621,13468713124.1199,185784300332.487,2019,9,September,14,130.4389811000001,12.645403000000442,0.12223208774116064,Increased
2331,Bitcoin,BTC,2019-09-15 23:59:59,10387.0348987,10313.092448,10356.4657676,10347.7129074,12043433567.3488,185618174383.964,2019,9,September,15,73.94245070000034,-8.752860200000214,-0.08451589950099932,Decreased
2332,Bitcoin,BTC,2019-09-16 23:59:59,10386.8668661,10189.7445857,10347.2222579,10276.7935649,15160167778.756,184366827555.185,2019,9,September,16,197.122280399999,-70.42869300000166,-0.680653138055772,Decreased
2333,Bitcoin,BTC,2019-09-17 23:59:59,10296.7717172,10199.7397431,10281.5133161,10241.2721545,15304603363.0642,183748515827.697,2019,9,September,17,97.03197409999848,-40.24116159999903,-0.39139337141143127,Decreased
2334,Bitcoin,BTC,2019-09-18 23:59:59,10275.9290823,10191.4695236,10247.7960832,10198.2484072,16169268880.2039,182998899156.058,2019,9,September,18,84.45955869999852,-49.54767600000014,-0.483495920466523,Decreased
2335,Bitcoin,BTC,2019-09-19 23:59:59,10295.6689895,9851.69215634,10200.4958846,10266.4149694,19937691247.0366,184240949577.458,2019,9,September,19,443.97683316000075,65.91908479999984,0.646234119848231,Increased
2336,Bitcoin,BTC,2019-09-20 23:59:59,10285.8722648,10132.1861639,10266.3185338,10181.6413094,14734189639.282,182738947695.643,2019,9,September,20,153.68610090000038,-84.67722440000034,-0.8248061281287529,Decreased
2337,Bitcoin,BTC,2019-09-21 23:59:59,10188.0979122,10000.7080483,10183.6480972,10019.7169101,13425266806.3321,179853287294.13,2019,9,September,21,187.3898638999999,-163.9311871000009,-1.6097491344489196,Decreased
2338,Bitcoin,BTC,2019-09-22 23:59:59,10074.4444155,9922.53339543,10024.1152629,10070.3921064,13199651698.4687,180784051698.601,2019,9,September,22,151.91102006999972,46.27684349999981,0.46165514148938275,Increased
2339,Bitcoin,BTC,2019-09-23 23:59:59,10074.238246,9727.14357367,10067.9626513,9729.32376435,15144925408.1142,174674558022.766,2019,9,September,23,347.0946723300003,-338.6388869500006,-3.3635294317095497,Decreased
2340,Bitcoin,BTC,2019-09-24 23:59:59,9804.31716645,8370.80138242,9729.32139737,8620.56642733,25002886688.9271,154785821876.078,2019,9,September,24,1433.5157840299998,-1108.7549700399995,-11.396015454271197,Decreased
2341,Bitcoin,BTC,2019-09-25 23:59:59,8744.82844926,8325.39633159,8603.42867242,8486.99297206,21744728352.6112,152404005090.737,2019,9,September,25,419.43211766999957,-116.43570035999983,-1.353363929583767,Decreased
2342,Bitcoin,BTC,2019-09-26 23:59:59,8515.68528527,7895.6296228,8487.66958635,8118.96756783,19258205289.3518,145812492487.865,2019,9,September,26,620.0556624699993,-368.7020185200008,-4.343972332676016,Decreased
2343,Bitcoin,BTC,2019-09-27 23:59:59,8271.52075751,7965.92265351,8113.10095,8251.84555744,16408941155.5063,148212635834.013,2019,9,September,27,305.5981039999997,138.74460743999953,1.710130421093793,Increased
2344,Bitcoin,BTC,2019-09-28 23:59:59,8285.6167637,8125.43166316,8251.27362342,8245.91515478,14141152736.1915,148122503615.689,2019,9,September,28,160.18510053999944,-5.358468640000865,-0.06494110951298061,Decreased
2345,Bitcoin,BTC,2019-09-29 23:59:59,8261.70737338,7990.49716007,8246.03737695,8104.18567564,13034629108.5014,145590374680.607,2019,9,September,29,271.21021331000065,-141.85170130999995,-1.7202408238715419,Decreased
2346,Bitcoin,BTC,2019-09-30 23:59:59,8314.23099666,7830.75876126,8104.22636732,8293.86774062,17115474183.4674,149011567415.156,2019,9,September,30,483.4722354000005,189.64137330000085,2.3400305557199497,Increased
2347,Bitcoin,BTC,2019-10-01 23:59:59,8497.6920351,8232.67960132,8299.72110496,8343.2766814,15305343412.8303,149913972767.969,2019,10,October,1,265.0124337800007,43.55557644000146,0.5247836148852303,Increased
2348,Bitcoin,BTC,2019-10-02 23:59:59,8393.04164486,8227.69570267,8344.21264933,8393.04164486,13125712442.6871,150823797662.299,2019,10,October,2,165.34594219000064,48.82899553000061,0.5851839781902172,Increased
2349,Bitcoin,BTC,2019-10-03 23:59:59,8414.22717061,8146.43684146,8390.77428822,8259.99197863,13668823409.3658,148448162840.339,2019,10,October,3,267.7903291499997,-130.7823095900003,-1.5586441143293364,Decreased
2350,Bitcoin,BTC,2019-10-04 23:59:59,8260.05563096,8151.23660841,8259.49447523,8205.93924121,13139456229.4067,147491804056.45,2019,10,October,4,108.81902254999932,-53.55523401999926,-0.6484081341855723,Decreased
2351,Bitcoin,BTC,2019-10-05 23:59:59,8215.52593054,8071.12083379,8210.14909246,8151.50052921,12200497197.2163,146529229668.44,2019,10,October,5,144.40509674999976,-58.648563249999825,-0.7143422438437961,Decreased
2352,Bitcoin,BTC,2019-10-06 23:59:59,8161.41016074,7958.85083002,8149.87688203,7988.15595888,13160830305.1899,143607672862.462,2019,10,October,6,202.5593307199997,-161.7209231500001,-1.9843357818887453,Decreased
2353,Bitcoin,BTC,2019-10-07 23:59:59,8308.45022135,7905.76589842,7989.12044675,8245.622933,18009742607.4426,148252589805.02,2019,10,October,7,402.68432293000023,256.5024862500004,3.2106473792662173,Increased
2354,Bitcoin,BTC,2019-10-08 23:59:59,8332.71517142,8185.7629675,8246.84962925,8228.7831528,15592264032.1241,147966069981.652,2019,10,October,8,146.952203920001,-18.066476449999755,-0.21907124856407487,Decreased
2355,Bitcoin,BTC,2019-10-09 23:59:59,8627.70620766,8169.29898629,8229.84046087,8595.73981722,19384942333.2248,154579656110.395,2019,10,October,9,458.4072213699992,365.8993563499989,4.446007891522585,Increased
2356,Bitcoin,BTC,2019-10-10 23:59:59,8625.27283353,8471.93362208,8585.2798473,8586.47342543,17618660671.4154,154430515160.222,2019,10,October,10,153.33921145000022,1.193578129999878,0.01390261181032146,Increased
2357,Bitcoin,BTC,2019-10-11 23:59:59,8721.78072149,8316.18140086,8585.26280768,8321.75671178,19604381101.2277,149685618275.045,2019,10,October,11,405.5993206300009,-263.5060958999984,-3.0692839788699007,Decreased
2358,Bitcoin,BTC,2019-10-12 23:59:59,8415.24222171,8313.34130028,8315.66465289,8336.55527417,14532641604.5306,149965767624.062,2019,10,October,12,101.90092142999856,20.890621279999323,0.25122010268582756,Increased
2359,Bitcoin,BTC,2019-10-13 23:59:59,8470.98789038,8276.61224603,8336.90223051,8321.00574668,13808286058.975,149700817938.865,2019,10,October,13,194.37564435000058,-15.896483829999852,-0.1906761455331041,Decreased
2360,Bitcoin,BTC,2019-10-14 23:59:59,8390.20904169,8284.13119151,8320.83224411,8374.6864467,15151387859.0232,150680499056.444,2019,10,October,14,106.07785017999959,53.85420258999875,0.6472213476977628,Increased
2361,Bitcoin,BTC,2019-10-15 23:59:59,8410.71471368,8182.70662559,8373.45825537,8205.36931588,15220412631.575,147650082214.972,2019,10,October,15,228.00808808999955,-168.08893949000048,-2.0074016536978974,Decreased
2362,Bitcoin,BTC,2019-10-16 23:59:59,8216.81221666,7985.08963712,8204.67452005,8047.52686305,16071646995.521,144823993562.285,2019,10,October,16,231.72257954000088,-157.14765700000044,-1.9153429744955046,Decreased
2363,Bitcoin,BTC,2019-10-17 23:59:59,8134.8314486,8000.94263465,8047.81274259,8103.91137325,14313052244.0844,145853994297.969,2019,10,October,17,133.88881394999953,56.0986306599998,0.6970667988224807,Increased
2364,Bitcoin,BTC,2019-10-18 23:59:59,8138.41371165,7902.16409743,8100.93361588,7973.20744597,15651592610.2237,143517630375.763,2019,10,October,18,236.24961421999978,-127.72616990999995,-1.576684564599103,Decreased
2365,Bitcoin,BTC,2019-10-19 23:59:59,8082.62930791,7944.7770508,7973.8037681,7988.56044241,13797825640.2423,143808163806.88,2019,10,October,19,137.8522571099993,14.756674310000562,0.18506442770809228,Increased
2366,Bitcoin,BTC,2019-10-20 23:59:59,8281.81863723,7949.43922655,7997.8070221,8222.07826034,15504249442.1065,148026597063.944,2019,10,October,20,332.37941068000055,224.27123824000046,2.804159160383356,Increased
2367,Bitcoin,BTC,2019-10-21 23:59:59,8296.69397668,8196.41634287,8225.11518823,8243.72113905,15868748865.705,148432733155.222,2019,10,October,21,100.27763381000113,18.605950819999634,0.22620900004688607,Increased
2368,Bitcoin,BTC,2019-10-22 23:59:59,8296.65115115,8074.46280468,8243.40209165,8078.20332194,16803377856.538,145469660005.416,2019,10,October,22,222.1883464699995,-165.1987697099994,-2.004012031359412,Decreased
2369,Bitcoin,BTC,2019-10-23 23:59:59,8092.99949202,7469.32269922,8076.22846601,7514.67201276,21942878957.5397,135337364281.804,2019,10,October,23,623.6767927999999,-561.5564532500002,-6.953201678399681,Decreased
2370,Bitcoin,BTC,2019-10-24 23:59:59,7532.86765606,7446.98855091,7509.72818274,7493.48873154,16268708848.7612,134968410276.478,2019,10,October,24,85.8791051499993,-16.239451200000076,-0.21624552586768792,Decreased
2371,Bitcoin,BTC,2019-10-25 23:59:59,8691.53999754,7479.98432283,7490.70317641,8660.70063696,28705065488.2505,156006603607.064,2019,10,October,25,1211.55567471,1169.9974605500001,15.619327491637893,Increased
2372,Bitcoin,BTC,2019-10-26 23:59:59,10021.743983,8662.62237955,8667.57715496,9244.97220867,44496255608.7526,166547360781.636,2019,10,October,26,1359.1216034500012,577.3950537100009,6.661550781576694,Increased
2373,Bitcoin,BTC,2019-10-27 23:59:59,9749.52966634,9112.54182017,9241.70707513,9551.7149631,32593129500.7442,172087039875.447,2019,10,October,27,636.9878461700009,310.0078879699995,3.3544439944893916,Increased
2374,Bitcoin,BTC,2019-10-28 23:59:59,9805.11808945,9256.14838876,9565.10188348,9256.14838876,30948255331.8234,166777392742.458,2019,10,October,28,548.9697006899987,-308.95349471999907,-3.230007358871904,Decreased
2375,Bitcoin,BTC,2019-10-29 23:59:59,9516.18104772,9232.64808578,9248.4405622,9427.68758384,28426779937.4131,169883866262.332,2019,10,October,29,283.53296193999995,179.24702163999973,1.938132384962431,Increased
2376,Bitcoin,BTC,2019-10-30 23:59:59,9426.87421747,9085.3703568,9422.4633254,9205.72655905,27706531577.461,165899500650.49,2019,10,October,30,341.50386067,-216.73676635000083,-2.3002134247182116,Decreased
2377,Bitcoin,BTC,2019-10-31 23:59:59,9383.16089153,9028.71744031,9202.45758879,9199.58483269,26583653946.6317,165804227834.59,2019,10,October,31,354.4434512200005,-2.872756099999606,-0.031217270737537134,Decreased
2378,Bitcoin,BTC,2019-11-01 23:59:59,9275.65727074,9132.04757639,9193.99198943,9261.104352,24324691031.33,166928044163.92,2019,11,November,1,143.6096943499997,67.11236257000019,0.729958897583953,Increased
2379,Bitcoin,BTC,2019-11-02 23:59:59,9377.48656728,9249.58772699,9259.78300285,9324.71776331,21242676385.3271,168090392934.699,2019,11,November,2,127.89884029000132,64.93476046000069,0.701255746922092,Increased
2380,Bitcoin,BTC,2019-11-03 23:59:59,9379.80687235,9141.25199093,9324.78683223,9235.35487947,21132220847.4905,166495319475.216,2019,11,November,3,238.55488141999922,-89.43195276000006,-0.9590777180116259,Decreased
2381,Bitcoin,BTC,2019-11-04 23:59:59,9505.05167619,9191.48573922,9235.60706498,9412.61187106,26170255634.422,169706332936.354,2019,11,November,4,313.5659369700006,177.00480607999998,1.9165476057461879,Increased
2382,Bitcoin,BTC,2019-11-05 23:59:59,9457.41843455,9256.93201502,9413.00494286,9342.52717939,26198609047.8397,168459778835.171,2019,11,November,5,200.4864195299997,-70.47776347000035,-0.7487275731588722,Decreased
2383,Bitcoin,BTC,2019-11-06 23:59:59,9423.23703723,9305.90931362,9340.86427973,9360.87991187,23133895764.6078,168806151582.738,2019,11,November,6,117.32772360999843,20.01563214000089,0.21428030148597177,Increased
2384,Bitcoin,BTC,2019-11-07 23:59:59,9368.47622343,9202.35313712,9352.39346741,9267.56114253,22700383838.5234,167138722904.034,2019,11,November,7,166.12308630999905,-84.83232488000067,-0.9070653964208552,Decreased
2385,Bitcoin,BTC,2019-11-08 23:59:59,9272.75941894,8775.53408279,9265.36833744,8804.88071936,24333037836.1548,158808570728.683,2019,11,November,8,497.22533615000066,-460.4876180800002,-4.969987174921443,Decreased
2386,Bitcoin,BTC,2019-11-09 23:59:59,8891.81831071,8793.16349154,8809.46919831,8813.58248677,17578630605.9219,158981489715.407,2019,11,November,9,98.65481916999852,4.113288459999239,0.046691671965756215,Increased
2387,Bitcoin,BTC,2019-11-10 23:59:59,9103.82584426,8806.16233361,8812.48953287,9055.52605732,20587919881.0251,163364406731.87,2019,11,November,10,297.6635106499998,243.03652444999898,2.757864546034227,Increased
2388,Bitcoin,BTC,2019-11-11 23:59:59,9081.27928096,8700.60878725,9056.91770059,8757.78854226,20265510765.3146,158009772437.163,2019,11,November,11,380.6704937100003,-299.1291583300008,-3.302769973392984,Decreased
2389,Bitcoin,BTC,2019-11-12 23:59:59,8853.76817777,8685.42814321,8759.75190096,8815.66253925,20309769107.2552,159068712900.41,2019,11,November,12,168.34003456000028,55.91063828999904,0.6382673724340489,Increased
2390,Bitcoin,BTC,2019-11-13 23:59:59,8836.84179047,8761.6511216,8812.03362864,8808.2625823,17545755404.6043,158949942842.024,2019,11,November,13,75.19066887000008,-3.7710463399998844,-0.04279427994627259,Decreased
2391,Bitcoin,BTC,2019-11-14 23:59:59,8826.94365923,8692.55188007,8811.93633174,8708.09509517,19084739974.5708,157160974643.863,2019,11,November,14,134.39177916000153,-103.84123657000055,-1.1784156473756104,Decreased
2392,Bitcoin,BTC,2019-11-15 23:59:59,8730.8734266,8484.84418485,8705.70810061,8491.99201234,21796856471.0897,153277483625.533,2019,11,November,15,246.02924174999862,-213.7160882699991,-2.4548960957584165,Decreased
2393,Bitcoin,BTC,2019-11-16 23:59:59,8591.99724097,8473.97406353,8491.16631667,8550.76055694,16495389808.4135,154354054193.602,2019,11,November,16,118.02317743999993,59.59424027000023,0.701838099119597,Increased
2394,Bitcoin,BTC,2019-11-17 23:59:59,8727.78922661,8500.96788688,8549.47090893,8577.9757816,18668638896.6252,154861842424.932,2019,11,November,17,226.82133973000055,28.504872670000623,0.33341095576133284,Increased
2395,Bitcoin,BTC,2019-11-18 23:59:59,8653.28015751,8273.57288734,8573.98009164,8309.28598342,21579470673.406,150025712267.127,2019,11,November,18,379.7072701699999,-264.6941082199992,-3.087178945961017,Decreased
2396,Bitcoin,BTC,2019-11-19 23:59:59,8408.51612757,8099.96336899,8305.13429095,8206.14591807,21083613815.9481,148178376842.59,2019,11,November,19,308.55275857999914,-98.98837287999959,-1.1918937058954722,Decreased
2397,Bitcoin,BTC,2019-11-20 23:59:59,8237.23987375,8010.51190064,8203.61317991,8027.26824331,20764300436.8365,144962727397.799,2019,11,November,20,226.72797311000068,-176.34493660000044,-2.1496008250590757,Decreased
2398,Bitcoin,BTC,2019-11-21 23:59:59,8110.09813105,7597.38160764,8023.64468729,7642.74994484,22514243371.4685,138031885378.783,2019,11,November,21,512.7165234100003,-380.8947424499993,-4.747153660148518,Decreased
2399,Bitcoin,BTC,2019-11-22 23:59:59,7697.38271398,6936.70659892,7643.56942455,7296.57756843,34242315784.8124,131791783672.11,2019,11,November,22,760.6761150599996,-346.9918561200002,-4.53965728374906,Decreased
2400,Bitcoin,BTC,2019-11-23 23:59:59,7442.25893278,7151.41781411,7296.16442479,7397.7968154,21008924417.7026,133636205957.351,2019,11,November,23,290.84111866999956,101.63239060999967,1.3929564178225722,Increased
2401,Bitcoin,BTC,2019-11-24 23:59:59,7408.57736944,2155.1700439453125,7398.63390574,7047.91688176,30433517289.4688,127327398565.035,2019,11,November,24,5253.407325494688,-350.7170239799998,-4.740294336065295,Decreased
2402,Bitcoin,BTC,2019-11-25 23:59:59,7319.85680403,6617.1670508,7039.97703454,7146.13390214,42685231261.741,129112952930.262,2019,11,November,25,702.68975323,106.15686759999971,1.5079149701649008,Increased
2403,Bitcoin,BTC,2019-11-26 23:59:59,7320.23035135,7098.57229752,7145.1590862,7218.37133433,21129505542.4938,130429018719.748,2019,11,November,26,221.65805383000043,73.21224812999935,1.0246412605619915,Increased
2404,Bitcoin,BTC,2019-11-27 23:59:59,7619.6935852,6974.17436987,7220.88064968,7531.6636446,23991412764.1441,136102712894.028,2019,11,November,27,645.5192153299995,310.7829949200004,4.303948645568225,Increased
2405,Bitcoin,BTC,2019-11-28 23:59:59,7730.07266616,7454.12179377,7536.82010358,7463.1061283,19050116751.2687,134879411013.193,2019,11,November,28,275.95087238999986,-73.71397528000034,-0.9780514098377655,Decreased
2406,Bitcoin,BTC,2019-11-29 23:59:59,7781.1796785,7460.75621581,7466.72728957,7761.24360172,19709695455.776,140280108520.941,2019,11,November,29,320.4234626899997,294.51631215,3.9443828698739156,Increased
2407,Bitcoin,BTC,2019-11-30 23:59:59,7836.10181158,7515.84946647,7764.05726187,7569.63012202,17158194786.41,136829391048.646,2019,11,November,30,320.2523451099996,-194.42713984999955,-2.504195078581519,Decreased
2408,Bitcoin,BTC,2019-12-01 23:59:59,7571.61619421,7291.34195468,7571.61619421,7424.29226516,18720708479.3486,134215145409.923,2019,12,December,1,280.27423953000016,-147.3239290499996,-1.9457395260295673,Decreased
2409,Bitcoin,BTC,2019-12-02 23:59:59,7474.81886382,7233.39953789,7424.03619682,7321.98811242,17082040705.7805,132378982376.714,2019,12,December,2,241.41932593,-102.04808440000033,-1.3745634004816873,Decreased
2410,Bitcoin,BTC,2019-12-03 23:59:59,7418.85890799,7229.35711475,7323.97540332,7320.1454684,14797485769.0999,132359942301.421,2019,12,December,3,189.50179324000055,-3.829934919999687,-0.05229311554300901,Decreased
2411,Bitcoin,BTC,2019-12-04 23:59:59,7539.78474641,7170.92266087,7320.12506594,7252.03458617,21664240918.4506,131143073943.328,2019,12,December,4,368.8620855399995,-68.09047977000046,-0.9301819184322466,Decreased
2412,Bitcoin,BTC,2019-12-05 23:59:59,7743.43172474,7232.67698855,7253.24189285,7448.30752084,18816085231.2983,134706455047.842,2019,12,December,5,510.7547361900006,195.06562798999948,2.6893578191882526,Increased
2413,Bitcoin,BTC,2019-12-06 23:59:59,7546.99669772,7392.17506274,7450.56165667,7546.99669772,18104466306.7688,136504883934.631,2019,12,December,6,154.82163498000045,96.43504105000011,1.2943325012775129,Increased
2414,Bitcoin,BTC,2019-12-07 23:59:59,7589.95176549,7525.71133898,7547.26544276,7556.23803387,15453520564.0591,136686769529.039,2019,12,December,7,64.24042651000036,8.972591110000394,0.1188853257918428,Increased
2415,Bitcoin,BTC,2019-12-08 23:59:59,7634.60664192,7476.09125491,7551.33900507,7564.3454032,15409908086.2037,136847419895.976,2019,12,December,8,158.51538700999936,13.00639812999998,0.17223962692268788,Increased
2416,Bitcoin,BTC,2019-12-09 23:59:59,7618.09166983,7365.98519914,7561.79517117,7400.89935576,17872021272.3945,133904005787.106,2019,12,December,9,252.1064706899997,-160.89581541000007,-2.127746279394466,Decreased
2417,Bitcoin,BTC,2019-12-10 23:59:59,7424.02286377,7246.04375293,7397.13422776,7278.1197833,18249031194.8933,131696121854.857,2019,12,December,10,177.97911084000043,-119.01444446000005,-1.6089263868345405,Decreased
2418,Bitcoin,BTC,2019-12-11 23:59:59,7324.15640741,7195.52739606,7277.19769871,7217.4271152,16350490689.2812,130609895527.986,2019,12,December,11,128.62901134999993,-59.7705835099996,-0.8213406586520919,Decreased
2419,Bitcoin,BTC,2019-12-12 23:59:59,7266.6394584,7164.7412448,7216.73886245,7243.13436273,18927080224.0183,131087151088.483,2019,12,December,12,101.89821360000042,26.395500280000306,0.36575385063939164,Increased
2420,Bitcoin,BTC,2019-12-13 23:59:59,7293.56066067,7227.12274448,7244.66223669,7269.68455922,17125736940.1692,131581377758.097,2019,12,December,13,66.43791619000058,25.022322529999656,0.3453897740501434,Increased
2421,Bitcoin,BTC,2019-12-14 23:59:59,7308.83632746,7097.20887996,7268.90271202,7124.67396997,17137029729.9478,128970221233.088,2019,12,December,14,211.62744750000002,-144.2287420499997,-1.9841886425512372,Decreased
2422,Bitcoin,BTC,2019-12-15 23:59:59,7181.0755288,6924.37592187,7124.23952463,7152.30184412,16881129804.3008,129481424647.556,2019,12,December,15,256.6996069300003,28.062319489999936,0.39389915783969043,Increased
2423,Bitcoin,BTC,2019-12-16 23:59:59,7171.16870269,6903.68277313,7153.66322803,6932.48038982,20213265949.6212,125515586951.621,2019,12,December,16,267.48592955999993,-221.18283821000023,-3.091882175042091,Decreased
2424,Bitcoin,BTC,2019-12-17 23:59:59,6964.07495829,6587.97426228,6931.31521843,6640.51524608,22363804217.3446,120234244808.994,2019,12,December,17,376.1006960099994,-290.79997234999973,-4.195451558410992,Decreased
2425,Bitcoin,BTC,2019-12-18 23:59:59,7324.98487298,6540.04927709,6647.69846901,7276.80277047,31836522778.202,131754969804.179,2019,12,December,18,784.9355958899996,629.10430146,9.463490325151414,Increased
2426,Bitcoin,BTC,2019-12-19 23:59:59,7346.60239301,7041.3820191,7277.59099229,7202.84436364,25904604415.96,130445758712.962,2019,12,December,19,305.2203739099996,-74.74662865000028,-1.0270792729240772,Decreased
2427,Bitcoin,BTC,2019-12-20 23:59:59,7257.92191888,7086.12400862,7208.63695894,7218.81638679,22633815180.0537,130752796980.24,2019,12,December,20,171.7979102600002,10.179427850000138,0.14121154814678002,Increased
2428,Bitcoin,BTC,2019-12-21 23:59:59,7223.22627792,7112.73608254,7220.59355274,7191.15846913,19312552168.1143,130267655889.328,2019,12,December,21,110.49019537999993,-29.43508360999931,-0.4076546255512412,Decreased
2429,Bitcoin,BTC,2019-12-22 23:59:59,7518.03306263,7167.17911959,7191.18870288,7511.58904232,23134537956.153,136088022048.89,2019,12,December,22,350.85394304000056,320.4003394399997,4.455457264133293,Increased
2430,Bitcoin,BTC,2019-12-23 23:59:59,7656.17619127,7326.19251983,7508.90255573,7355.62826671,27831788041.2053,133275709110.985,2019,12,December,23,329.98367144000076,-153.27428901999974,-2.0412342267384602,Decreased
2431,Bitcoin,BTC,2019-12-24 23:59:59,7535.71669352,7269.52874884,7354.39283808,7322.5324589,22991622105.4083,132687583294.875,2019,12,December,24,266.1879446800003,-31.860379179999654,-0.43321562882840775,Decreased
2432,Bitcoin,BTC,2019-12-25 23:59:59,7357.01996276,7220.99109225,7325.75589098,7275.15572845,21559505148.8096,131840641291.733,2019,12,December,25,136.02887051000016,-50.60016252999958,-0.6907159245137031,Decreased
2433,Bitcoin,BTC,2019-12-26 23:59:59,7388.30253592,7200.38659835,7274.79942782,7238.96702501,22787010034.3503,131200030099.764,2019,12,December,26,187.9159375700001,-35.83240281000053,-0.49255519915740453,Decreased
2434,Bitcoin,BTC,2019-12-27 23:59:59,7363.52923526,7189.93393524,7238.14118032,7290.08851803,22777360995.5688,132139502950.022,2019,12,December,27,173.59530001999974,51.94733771000028,0.7176889261464181,Increased
2435,Bitcoin,BTC,2019-12-28 23:59:59,7399.04088941,7286.90517228,7289.0311303,7317.99003408,21365673026.1211,132659059739.795,2019,12,December,28,112.13571712999965,28.958903780000583,0.39729428043763476,Increased
2436,Bitcoin,BTC,2019-12-29 23:59:59,7513.94840873,7279.86546765,7317.64758783,7422.65258898,22445257701.742,134570835775.06,2019,12,December,29,234.08294107999973,105.00500114999977,1.4349556997611348,Increased
2437,Bitcoin,BTC,2019-12-30 23:59:59,7454.82402731,7276.30814028,7420.27278806,7292.99507783,22874131671.9859,132235128152.198,2019,12,December,30,178.51588703000016,-127.27771022999968,-1.715269961972327,Decreased
2438,Bitcoin,BTC,2019-12-31 23:59:59,7335.2900508,7169.77768628,7294.4388956,7193.59897843,21167946112.2959,130446112598.42,2019,12,December,31,165.51236452000012,-100.83991717000026,-1.3824218505802663,Decreased
2439,Bitcoin,BTC,2020-01-01 23:59:59,7254.33061134,7174.94415256,7194.89197053,7200.17439274,18565664996.7884,130580829149.587,2020,1,January,1,79.3864587800008,5.282422209999822,0.07341906218517832,Increased
2440,Bitcoin,BTC,2020-01-02 23:59:59,7212.15525252,6935.26997193,7202.55112207,6985.47000061,20802083465.3292,126699395235.204,2020,1,January,2,276.88528059000055,-217.08112145999985,-3.013947666332025,Decreased
2441,Bitcoin,BTC,2020-01-03 23:59:59,7413.71509934,6914.99590793,6984.4286123,7344.88418341,28111481031.9377,133233444755.489,2020,1,January,3,498.71919141000035,360.45557111000016,5.160845519635152,Increased
2442,Bitcoin,BTC,2020-01-04 23:59:59,7427.38579435,7309.5140117,7345.37527527,7410.65656642,18444271274.7607,134442464030.264,2020,1,January,4,117.87178264999966,65.28129114999956,0.8887400398695077,Increased
2443,Bitcoin,BTC,2020-01-05 23:59:59,7544.49687224,7400.5355609,7410.45169373,7411.31732676,19725074094.5446,134469548249.076,2020,1,January,5,143.96131134000007,0.8656330299991168,0.011681245162579372,Increased
2444,Bitcoin,BTC,2020-01-06 23:59:59,7781.86718275,7409.29318246,7410.45216807,7769.21903905,23276261598.2482,140976457303.71,2020,1,January,6,372.5740002900002,358.76687098,4.841362751464035,Increased
2445,Bitcoin,BTC,2020-01-07 23:59:59,8178.21587336,7768.22771944,7768.68189098,8163.69223944,28767291326.9703,148152237653.685,2020,1,January,7,409.9881539199996,395.0103484599995,5.0846508327060596,Increased
2446,Bitcoin,BTC,2020-01-08 23:59:59,8396.73788064,7956.77421957,8161.93547734,8079.86277673,31672559264.5185,146645162431.476,2020,1,January,8,439.96366106999903,-82.07270060999963,-1.0055543913310543,Decreased
2447,Bitcoin,BTC,2020-01-09 23:59:59,8082.29607413,7842.4036134,8082.29607413,7879.07152428,24045990465.6494,143016572819.392,2020,1,January,9,239.8924607300005,-203.22454985000059,-2.5144407973433,Decreased
2448,Bitcoin,BTC,2020-01-10 23:59:59,8166.55414039,7726.77498918,7878.30753815,8166.55414039,28714583843.7846,148249907276.742,2020,1,January,10,439.7791512099993,288.24660223999945,3.6587376266309866,Increased
2449,Bitcoin,BTC,2020-01-11 23:59:59,8218.3589373,8029.64210795,8162.1911379,8037.53738872,25521165085.3714,145924199942.312,2020,1,January,11,188.7168293499999,-124.65374917999998,-1.5272093862294844,Decreased
2450,Bitcoin,BTC,2020-01-12 23:59:59,8200.06347027,8009.0588841,8033.26184596,8192.49400532,22903438381.3875,148752956965.746,2020,1,January,12,191.00458617000095,159.23215936000088,1.9821607015098128,Increased
2451,Bitcoin,BTC,2020-01-13 23:59:59,8197.78817891,8079.70074107,8189.77206362,8144.19451744,22482910687.9031,147890525972.527,2020,1,January,13,118.08743783999944,-45.577546180000354,-0.5565178838427208,Decreased
2452,Bitcoin,BTC,2020-01-14 23:59:59,8879.51152651,8140.93309605,8140.93309605,8827.76442606,44841784107.1774,160319484882.901,2020,1,January,14,738.5784304599993,686.831330009999,8.436764212486295,Increased
2453,Bitcoin,BTC,2020-01-15 23:59:59,8890.11741953,8657.18744654,8825.34368451,8807.01027532,40102834649.9655,159959191211.678,2020,1,January,15,232.92997298999944,-18.333409189999657,-0.20773592332928575,Decreased
2454,Bitcoin,BTC,2020-01-16 23:59:59,8846.46109861,8612.09583682,8812.48149122,8723.78576573,31313981930.8235,158465055984.185,2020,1,January,16,234.36526178999884,-88.69572549000077,-1.0064784315106883,Decreased
2455,Bitcoin,BTC,2020-01-17 23:59:59,8958.12195167,8677.3163483,8725.20996387,8929.0376776,36372139320.4446,162211148777.656,2020,1,January,17,280.8056033699995,203.82771372999923,2.3360780379386195,Increased
2456,Bitcoin,BTC,2020-01-18 23:59:59,9012.19810645,8827.33234474,8927.21225983,8942.80890321,32337772626.799,162475965880.12,2020,1,January,18,184.8657617099998,15.596643380000387,0.17470900126550137,Increased
2457,Bitcoin,BTC,2020-01-19 23:59:59,9164.36225977,8620.0799932,8941.44574506,8706.24512993,34217320471.3994,158194319734.796,2020,1,January,19,544.2822665699987,-235.2006151300011,-2.6304539761922228,Decreased
2458,Bitcoin,BTC,2020-01-20 23:59:59,8745.59079709,8560.47404294,8704.63181434,8657.64293942,26422375678.0529,157327553259.434,2020,1,January,20,185.1167541499999,-46.988874919999944,-0.539814617346486,Decreased
2459,Bitcoin,BTC,2020-01-21 23:59:59,8755.70629569,8544.52045256,8658.99118302,8745.89478833,24097418512.0058,158947996833.847,2020,1,January,21,211.18584313000065,86.90360531000078,1.0036227485762537,Increased
2460,Bitcoin,BTC,2020-01-22 23:59:59,8792.9938714,8636.7474349,8744.21075075,8680.87604222,22600204050.5816,157783273070.101,2020,1,January,22,156.24643649999962,-63.33470853000108,-0.7243044608064689,Decreased
2461,Bitcoin,BTC,2020-01-23 23:59:59,8687.74708842,8333.63787363,8680.65055954,8406.5160678,25770680778.6907,152813329632.858,2020,1,January,23,354.1092147899999,-274.13449174000016,-3.15799478230036,Decreased
2462,Bitcoin,BTC,2020-01-24 23:59:59,8514.66703526,8266.84057849,8405.56773288,8445.43428152,24397913025.6774,153536829768.103,2020,1,January,24,247.8264567699989,39.866548640000474,0.47428739981541973,Increased
2463,Bitcoin,BTC,2020-01-25 23:59:59,8458.45301525,8296.21900672,8440.11958702,8367.84777344,19647331548.6757,152143262649.888,2020,1,January,25,162.2340085299984,-72.27181358000053,-0.8562889759423176,Decreased
2464,Bitcoin,BTC,2020-01-26 23:59:59,8602.40124618,8325.49808268,8364.41006958,8596.82983316,22177678795.56,156322174637.231,2020,1,January,26,276.9031634999992,232.4197635799992,2.7786749053023128,Increased
2465,Bitcoin,BTC,2020-01-27 23:59:59,8977.7269618,8597.30877926,8597.30877926,8909.81917753,28647338393.165,162027957434.616,2020,1,January,27,380.4181825399992,312.5103982700002,3.6349793440465343,Increased
2466,Bitcoin,BTC,2020-01-28 23:59:59,9358.59031703,8908.44692853,8912.52433979,9358.59031703,34398744402.6914,170205617954.856,2020,1,January,28,450.1433885000006,446.0659772400013,5.004934182883945,Increased
2467,Bitcoin,BTC,2020-01-29 23:59:59,9406.43179329,9269.46813861,9357.47037892,9316.62950445,30682598115.464,169460984603.208,2020,1,January,29,136.9636546799993,-40.84087446999911,-0.436452083909378,Decreased
2468,Bitcoin,BTC,2020-01-30 23:59:59,9553.12613251,9230.89727886,9316.01697842,9508.9935947,32378792850.8777,172978577930.867,2020,1,January,30,322.22885365,192.97661627999878,2.071449813015773,Increased
2469,Bitcoin,BTC,2020-01-31 23:59:59,9521.70592625,9230.77618023,9508.31314184,9350.52936518,29432489719.1331,170112778161.315,2020,1,January,31,290.9297460200014,-157.7837766600005,-1.6594297464362535,Decreased
2470,Bitcoin,BTC,2020-02-01 23:59:59,9439.323332,9313.2387904,9346.35762761,9392.87536841,25922656496.1848,170900662180.114,2020,2,February,1,126.08454159999928,46.517740799999956,0.4977098315025125,Increased
2471,Bitcoin,BTC,2020-02-02 23:59:59,9468.79761797,9217.82397728,9389.82059095,9344.36529292,30835736946.1066,170034976661.751,2020,2,February,2,250.97364068999923,-45.45529802999954,-0.4840912303884677,Decreased
2472,Bitcoin,BTC,2020-02-03 23:59:59,9540.37173779,9248.63423233,9344.68367852,9293.52108908,30934096508.7388,169126861033.712,2020,2,February,3,291.73750545999974,-51.162589439998555,-0.5475047759786945,Decreased
2473,Bitcoin,BTC,2020-02-04 23:59:59,9331.26581712,9112.8114171,9292.84190002,9180.9629665,29893183716.0878,167093636161.856,2020,2,February,4,218.45440002000032,-111.87893351999992,-1.2039259327091225,Decreased
2474,Bitcoin,BTC,2020-02-05 23:59:59,9701.30003735,9163.70413921,9183.41577743,9613.42428895,35222060874.4553,174983423932.952,2020,2,February,5,537.5958981399999,430.00851151999996,4.682446291681883,Increased
2475,Bitcoin,BTC,2020-02-06 23:59:59,9824.61926061,9539.8180851,9617.8210448,9729.80223149,37628823715.5135,177118274393.946,2020,2,February,6,284.80117550999967,111.98118668999996,1.164309318798815,Increased
2476,Bitcoin,BTC,2020-02-07 23:59:59,9834.71678972,9726.00315742,9726.00315742,9795.94377253,34522718159.4693,178339437206.337,2020,2,February,7,108.71363229999952,69.94061510999927,0.7191095250328121,Increased
2477,Bitcoin,BTC,2020-02-08 23:59:59,9876.74934121,9678.90979138,9793.07042002,9865.11946905,35172043761.8284,179615828322.347,2020,2,February,8,197.83954982999967,72.04904902999988,0.7357146016504672,Increased
2478,Bitcoin,BTC,2020-02-09 23:59:59,10129.4351603,9850.39221314,9863.89488145,10116.673759,35807884663.4158,184214765394.475,2020,2,February,9,279.04294716000004,252.77887754999938,2.5626679986764085,Increased
2479,Bitcoin,BTC,2020-02-10 23:59:59,10165.765355,9784.563802,10115.559686,9856.61149362,39386548074.7018,179494809265.716,2020,2,February,10,381.20155299999897,-258.9481923800013,-2.5598998020681667,Decreased
2480,Bitcoin,BTC,2020-02-11 23:59:59,10210.0526411,9729.33489054,9855.89170857,10208.2362609,37648059388.6878,185917114988.663,2020,2,February,11,480.71775055999933,352.3445523299997,3.5749637145832818,Increased
2481,Bitcoin,BTC,2020-02-12 23:59:59,10393.6117227,10202.3876541,10202.3876541,10326.0545246,43444303830.2328,188081204385.987,2020,2,February,12,191.22406859999865,123.66687049999928,1.2121365575665188,Increased
2482,Bitcoin,BTC,2020-02-13 23:59:59,10457.6271997,10116.1614999,10323.9604932,10214.3794638,49356071372.9288,186065003525.648,2020,2,February,13,341.46569980000095,-109.58102940000026,-1.061424338771706,Decreased
2483,Bitcoin,BTC,2020-02-14 23:59:59,10321.9957973,10125.5337907,10211.5503892,10312.1160909,43338264161.5617,187862645448.777,2020,2,February,14,196.46200660000068,100.56570169999941,0.9848230471090883,Increased
2484,Bitcoin,BTC,2020-02-15 23:59:59,10341.5559017,9874.4275077,10313.8568369,9889.42462838,43865054831.0045,180179996218.634,2020,2,February,15,467.1283939999994,-424.43220852000013,-4.115164823710799,Decreased
2485,Bitcoin,BTC,2020-02-16 23:59:59,10053.9690091,9722.38715745,9889.17970534,9934.43339025,43374780305.4408,181017665264.459,2020,2,February,16,331.5818516499985,45.25368490999972,0.4576080752740639,Increased
2486,Bitcoin,BTC,2020-02-17 23:59:59,9938.81578,9507.63799409,9936.56026014,9690.14261814,45998298412.6028,176585280987.035,2020,2,February,17,431.17778591000024,-246.41764200000034,-2.4799088975336065,Decreased
2487,Bitcoin,BTC,2020-02-18 23:59:59,10161.9353141,9632.38276334,9691.23094489,10141.9963705,47271023953.4278,184838512656.137,2020,2,February,18,529.5525507599996,450.7654256099995,4.651271114818283,Increased
2488,Bitcoin,BTC,2020-02-19 23:59:59,10191.6758471,9611.22354001,10143.7983568,9633.38688518,46992019709.9208,175585931679.441,2020,2,February,19,580.4523070899995,-510.41147162000016,-5.031758850744905,Decreased
2489,Bitcoin,BTC,2020-02-20 23:59:59,9643.21673144,9507.90006137,9629.32531033,9608.47590343,44925260236.831,175147142158.083,2020,2,February,20,135.31667007000033,-20.84940689999894,-0.21651991420034833,Decreased
2490,Bitcoin,BTC,2020-02-21 23:59:59,9723.01498512,9589.74360064,9611.78201954,9686.44119763,40930547512.6559,176587087363.478,2020,2,February,21,133.27138448000005,74.65917808999984,0.7767464757130735,Increased
2491,Bitcoin,BTC,2020-02-22 23:59:59,9698.23112312,9600.72878571,9687.70676008,9663.18182933,35838025154.2608,176180696547.801,2020,2,February,22,97.50233741000011,-24.52493074999984,-0.2531551723991005,Decreased
2492,Bitcoin,BTC,2020-02-23 23:59:59,9937.40410608,9657.79114467,9663.31864201,9924.51522822,41185185761.491,180963233539.785,2020,2,February,23,279.6129614099991,261.19658621000053,2.702969816957944,Increased
2493,Bitcoin,BTC,2020-02-24 23:59:59,9951.74614899,9537.04322252,9921.58346055,9650.17480677,45080496648.3463,175977808525.913,2020,2,February,24,414.7029264699995,-271.40865378000126,-2.7355376776214286,Decreased
2494,Bitcoin,BTC,2020-02-25 23:59:59,9652.73686506,9305.02118582,9651.31279866,9341.70516876,42515259129.2118,170369581557.89,2020,2,February,25,347.7156792400001,-309.60762989999967,-3.20793281037359,Decreased
2495,Bitcoin,BTC,2020-02-26 23:59:59,9354.77831023,8704.4265506,9338.29028024,8820.52220005,50420050761.9225,160879489024.207,2020,2,February,26,650.3517596300007,-517.7680801900005,-5.544570415481811,Decreased
2496,Bitcoin,BTC,2020-02-27 23:59:59,8932.89304727,8577.19930942,8825.09351775,8784.49384867,45470195695.0864,160238496932.208,2020,2,February,27,355.6937378499988,-40.59966908000024,-0.4600480323335012,Decreased
2497,Bitcoin,BTC,2020-02-28 23:59:59,8890.45600513,8492.93215312,8788.72854689,8672.45534996,44605450442.7398,158211707018.784,2020,2,February,28,397.52385200999925,-116.27319693000027,-1.3229808647480068,Decreased
2498,Bitcoin,BTC,2020-02-29 23:59:59,8775.63201232,8599.50861972,8671.21254207,8599.50861972,35792392544.0102,156895988083.74,2020,2,February,29,176.12339260000044,-71.70392234999963,-0.8269192111497063,Decreased
2499,Bitcoin,BTC,2020-03-01 23:59:59,8726.79676016,8471.21262606,8599.7583441,8562.45405008,35349164300.1413,156238987739.907,2020,3,March,1,255.58413409999957,-37.30429402000118,-0.4337830497945838,Decreased
2500,Bitcoin,BTC,2020-03-02 23:59:59,8921.30839546,8532.63094465,8563.26425933,8869.67031078,42857674408.8765,161861167745.164,2020,3,March,2,388.67745081000066,306.4060514499997,3.578145461482854,Increased
2501,Bitcoin,BTC,2020-03-03 23:59:59,8901.59868323,8704.99029396,8865.38796487,8787.78645576,42386715820.5577,160383579416.238,2020,3,March,3,196.60838927000077,-77.60150910999982,-0.8753312254072092,Decreased
2502,Bitcoin,BTC,2020-03-04 23:59:59,8843.36574975,8712.43181192,8788.54218625,8755.24589461,34746706368.1467,159807857328.088,2020,3,March,4,130.933937830001,-33.29629164000107,-0.378860235683847,Decreased
2503,Bitcoin,BTC,2020-03-05 23:59:59,9142.05429624,8757.25403405,8760.28504049,9078.76279174,39698054597.4259,165731679917.865,2020,3,March,5,384.80026218999956,318.47775125000044,3.635472473532512,Increased
2504,Bitcoin,BTC,2020-03-06 23:59:59,9167.69579623,9032.07958273,9078.30852906,9122.54557333,40826885650.9438,166548261959.532,2020,3,March,6,135.6162134999995,44.237044270001206,0.48728289117291845,Increased
2505,Bitcoin,BTC,2020-03-07 23:59:59,9163.22109566,8890.74417157,9121.60053553,8909.9536515,36216930369.6665,162684945902.611,2020,3,March,7,272.47692408999865,-211.64688403000036,-2.320282314552189,Decreased
2506,Bitcoin,BTC,2020-03-08 23:59:59,8914.34415498,8105.25280434,8908.20601509,8108.11629101,39973102120.5682,148060284561.061,2020,3,March,8,809.0913506400011,-800.0897240799995,-8.981491028886092,Decreased
2507,Bitcoin,BTC,2020-03-09 23:59:59,8177.79322362,7690.09818591,8111.14639164,7923.6447033,46936995808.1849,144706353758.487,2020,3,March,9,487.6950377100002,-187.50168833999942,-2.3116545958688866,Decreased
2508,Bitcoin,BTC,2020-03-10 23:59:59,8136.9452227,7814.76324378,7922.1470416,7909.72939346,42213940993.6104,144465567734.489,2020,3,March,10,322.1819789199999,-12.417648139999983,-0.15674599417043952,Decreased
2509,Bitcoin,BTC,2020-03-11 23:59:59,7950.81435628,7642.81243049,7910.08980669,7911.43012933,38682762604.6366,144508402670.563,2020,3,March,11,308.0019257899994,1.3403226400005224,0.01694446804974246,Increased
2510,Bitcoin,BTC,2020-03-12 23:59:59,7929.11601884,4860.35383012,7913.61638784,4970.78790105,53980357243.0501,90804613600.616,2020,3,March,12,3068.7621887200003,-2942.82848679,-37.18689841109719,Decreased
2511,Bitcoin,BTC,2020-03-13 23:59:59,5838.11493749,4106.98075029,5017.83083939,5563.70689169,74156772074.9603,101644613038.335,2020,3,March,13,1731.1341871999994,545.8760523000001,10.87872568391246,Increased
2512,Bitcoin,BTC,2020-03-14 23:59:59,5625.22650517,5125.06934725,5573.07764952,5200.36626392,36154506007.5848,95014981943.9861,2020,3,March,14,500.1571579199999,-372.71138559999963,-6.687712051385121,Decreased
2513,Bitcoin,BTC,2020-03-15 23:59:59,5836.64500618,5169.28339052,5201.06668673,5392.31488002,33997889638.762,98530059889.968,2020,3,March,15,667.3616156600001,191.24819329000002,3.677095580757513,Increased
2514,Bitcoin,BTC,2020-03-16 23:59:59,5385.22952159,4575.35788665,5385.22952159,5014.47997748,45368026429.6205,91633478850.4746,2020,3,March,16,809.8716349400001,-370.74954411,-6.884563464261323,Decreased
2515,Bitcoin,BTC,2020-03-17 23:59:59,5371.34851644,4981.90941273,5002.5781383,5225.62919259,38622642935.2466,95499941183.34,2020,3,March,17,389.4391037099995,223.05105428999923,4.458722045385132,Increased
2516,Bitcoin,BTC,2020-03-18 23:59:59,5331.83385967,5069.3361519,5227.1136885,5238.43857664,37878801016.3368,95740715528.8542,2020,3,March,18,262.4977077699996,11.32488814000044,0.21665662571900726,Increased
2517,Bitcoin,BTC,2020-03-19 23:59:59,6329.73594838,5236.96875288,5245.4166032,6191.19295222,51000731797.4328,113162079955.697,2020,3,March,19,1092.7671955000005,945.7763490199995,18.030528756152993,Increased
2518,Bitcoin,BTC,2020-03-20 23:59:59,6844.26152806,5865.78196437,6191.65372133,6198.77820508,54442976102.5119,113309245860.002,2020,3,March,20,978.4795636899998,7.124483749999854,0.11506592698258128,Increased
2519,Bitcoin,BTC,2020-03-21 23:59:59,6378.13517055,5932.82338618,6206.52165025,6185.06651501,42494390879.6104,113068192795.056,2020,3,March,21,445.31178437000017,-21.455135239999436,-0.3456869475213257,Decreased
2520,Bitcoin,BTC,2020-03-22 23:59:59,6359.69729033,5823.71407014,6185.55790292,5830.25479765,40099664740.0619,106591196068.926,2020,3,March,22,535.9832201899999,-355.30310526999983,-5.744075325885687,Decreased
2521,Bitcoin,BTC,2020-03-23 23:59:59,6443.93454693,5785.00445322,5831.37473534,6416.31475839,46491915999.7158,117314776187.32,2020,3,March,23,658.9300937099997,584.9400230499996,10.030911227588849,Increased
2522,Bitcoin,BTC,2020-03-24 23:59:59,6789.02272423,6411.06651215,6436.64245088,6734.80378045,48221910672.248,123148917787.229,2020,3,March,24,377.9562120800001,298.1613295699999,4.632249372951206,Increased
2523,Bitcoin,BTC,2020-03-25 23:59:59,6892.51135949,6536.92618369,6738.71663989,6681.06312656,44590107887.9421,122174009142.91,2020,3,March,25,355.5851758000008,-57.65351333000035,-0.8555562789021125,Decreased
2524,Bitcoin,BTC,2020-03-26 23:59:59,6735.4638794,6590.96271561,6675.17065538,6716.44054866,35319797641.53,122834375215.51,2020,3,March,26,144.50116379000065,41.26989327999945,0.6182597481120138,Increased
2525,Bitcoin,BTC,2020-03-27 23:59:59,6793.83619652,6466.70180578,6719.38897407,6469.79813509,34585598366.5512,118336082172.395,2020,3,March,27,327.1343907400005,-249.59083897999972,-3.7144871348148802,Decreased
2526,Bitcoin,BTC,2020-03-28 23:59:59,6467.501165,6117.83774851,6467.25404592,6242.1938684,34885225901.0064,114183689640.72,2020,3,March,28,349.6634164899997,-225.06017752000025,-3.4799959290602493,Decreased
2527,Bitcoin,BTC,2020-03-29 23:59:59,6250.46730894,5920.08601757,6245.62462695,5922.0431227,28373690930.5441,108338520155.504,2020,3,March,29,330.3812913700003,-323.58150424999985,-5.180931028959681,Decreased
2528,Bitcoin,BTC,2020-03-30 23:59:59,6517.19578925,5903.23434726,5925.53848884,6429.84193389,37101651525.2979,117640143688.458,2020,3,March,30,613.9614419900008,504.30344504999994,8.510677063355363,Increased
2529,Bitcoin,BTC,2020-03-31 23:59:59,6504.51532416,6374.16217148,6430.60652809,6438.64476637,32786468812.0812,117814077266.537,2020,3,March,31,130.35315267999977,8.03823827999986,0.12499969085167079,Increased
2530,Bitcoin,BTC,2020-04-01 23:59:59,6612.57379089,6202.37351173,6437.31921486,6606.77626829,40346426265.7324,120903014693.267,2020,4,April,1,410.2002791599998,169.4570534300001,2.632416504044463,Increased
2531,Bitcoin,BTC,2020-04-02 23:59:59,7088.24732438,6595.91827654,6606.77626829,6793.62459642,47660646124.4133,124335130640.41,2020,4,April,2,492.3290478399995,186.84832812999957,2.828131611279167,Increased
2532,Bitcoin,BTC,2020-04-03 23:59:59,7003.22078432,6673.33575767,6797.39659183,6733.3873906,38976504902.968,123244051099.793,2020,4,April,3,329.8850266500003,-64.00920123000014,-0.9416723059374639,Decreased
2533,Bitcoin,BTC,2020-04-04 23:59:59,6878.95351761,6696.48466818,6738.38301967,6867.52731596,33185988583.8042,125712834529.574,2020,4,April,4,182.46884942999986,129.14429629000006,1.9165472771882395,Increased
2534,Bitcoin,BTC,2020-04-05 23:59:59,6883.41414332,6715.9292996,6862.53782636,6791.12944093,29510409856.1053,124328853511.615,2020,4,April,5,167.48484371999984,-71.40838542999973,-1.04055361495728,Decreased
2535,Bitcoin,BTC,2020-04-06 23:59:59,7271.7811527,6782.88974461,6788.04980287,7271.7811527,46896904614.9285,133140400947.86,2020,4,April,6,488.89140809000037,483.73134983,7.12621981096069,Increased
2536,Bitcoin,BTC,2020-04-07 23:59:59,7427.93933989,7136.71418613,7273.64421075,7176.41450049,44243482667.8499,131409299432.46,2020,4,April,7,291.22515376000047,-97.22971025999959,-1.3367399812641378,Decreased
2537,Bitcoin,BTC,2020-04-08 23:59:59,7356.22386412,7153.30567428,7179.28341821,7334.09845346,37563249548.9382,134309895035.597,2020,4,April,8,202.9181898400002,154.81503525000062,2.1564134779429063,Increased
2538,Bitcoin,BTC,2020-04-09 23:59:59,7341.44831412,7179.0943407,7337.9661825,7302.0895105,34815139177.5936,133737857009.882,2020,4,April,9,162.35397341999942,-35.876672000000326,-0.48891847015540973,Decreased
2539,Bitcoin,BTC,2020-04-10 23:59:59,7303.81519824,6802.47496589,7303.81519824,6865.49337195,43622840991.71,125755496117.263,2020,4,April,10,501.3402323500004,-438.32182629,-6.001272135083899,Decreased
2540,Bitcoin,BTC,2020-04-11 23:59:59,6926.0696338,6789.9207024,6867.4404519,6859.08296343,31222085946.2734,125651623116.07,2020,4,April,11,136.14893140000004,-8.357488470000135,-0.12169728341347155,Decreased
2541,Bitcoin,BTC,2020-04-12 23:59:59,7119.94706176,6811.07790015,6858.06802459,6971.09159108,35759567632.2851,127716846208.307,2020,4,April,12,308.86916161000045,113.02356649000012,1.6480379909436242,Increased
2542,Bitcoin,BTC,2020-04-13 23:59:59,6965.61663772,6668.25976411,6965.61663772,6845.03769683,38619308647.4394,125422221237.296,2020,4,April,13,297.35687360999964,-120.57894089000001,-1.7310591030382656,Decreased
2543,Bitcoin,BTC,2020-04-14 23:59:59,6958.55722441,6793.82120931,6843.28177662,6842.42786097,34110434051.8629,125388687977.151,2020,4,April,14,164.73601510000026,-0.8539156499991805,-0.012478160009669255,Decreased
2544,Bitcoin,BTC,2020-04-15 23:59:59,6928.66436972,6633.40269245,6845.56171696,6642.10989286,32288311030.7598,121731940639.413,2020,4,April,15,295.2616772699994,-203.4518240999996,-2.972025269978125,Decreased
2545,Bitcoin,BTC,2020-04-16 23:59:59,7134.45052778,6555.50427487,6640.45388894,7116.80421777,46783242376.7001,130445413270.0,2020,4,April,16,578.9462529100001,476.35032882999985,7.173460380824036,Increased
2546,Bitcoin,BTC,2020-04-17 23:59:59,7167.18298759,7050.33182989,7116.55260865,7096.18465879,32513423567.4314,130078472088.331,2020,4,April,17,116.85115769999993,-20.367949860000408,-0.28620528758887626,Decreased
2547,Bitcoin,BTC,2020-04-18 23:59:59,7269.95653094,7089.24716763,7092.29152293,7257.66485847,32447188385.9262,133053136875.737,2020,4,April,18,180.7093633100003,165.37333553999997,2.331733474369088,Increased
2548,Bitcoin,BTC,2020-04-19 23:59:59,7280.52178187,7167.05456229,7260.92257873,7189.42482356,31311210215.3203,131815853850.003,2020,4,April,19,113.46721958000035,-71.49775517000035,-0.9846924326041491,Decreased
2549,Bitcoin,BTC,2020-04-20 23:59:59,7240.29059686,6835.50314462,7186.8737411,6881.95869275,37747113935.8454,126192239912.382,2020,4,April,20,404.78745223999977,-304.9150483499998,-4.242665995455911,Decreased
2550,Bitcoin,BTC,2020-04-21 23:59:59,6934.55187057,6834.44232463,6879.78434985,6880.32347375,32589741510.7266,126175238603.42,2020,4,April,21,100.1095459399994,0.5391239000000496,0.007836348824099467,Increased
2551,Bitcoin,BTC,2020-04-22 23:59:59,7145.86574462,6867.78168929,6879.44029975,7117.20747869,33249153865.7605,130530916076.973,2020,4,April,22,278.0840553300004,237.76717894000012,3.4561994665269586,Increased
2552,Bitcoin,BTC,2020-04-23 23:59:59,7491.78492971,7081.5946281,7121.30605911,7429.72464927,43500782316.0712,136275638030.678,2020,4,April,23,410.19030161000046,308.41859015999944,4.3309273270940505,Increased
2553,Bitcoin,BTC,2020-04-24 23:59:59,7574.19602617,7434.18155636,7434.18155636,7550.90102725,34636526285.7972,138512029491.143,2020,4,April,24,140.01446980999935,116.71947088999968,1.5700379390135455,Increased
2554,Bitcoin,BTC,2020-04-25 23:59:59,7641.36397705,7521.67241878,7550.48301195,7569.93603405,32941541446.9347,138874072264.263,2020,4,April,25,119.69155827000031,19.453022099999544,0.25763943934727923,Increased
2555,Bitcoin,BTC,2020-04-26 23:59:59,7700.59429483,7561.40785333,7570.13893823,7679.86720422,33070154490.749,140903867572.585,2020,4,April,26,139.1864415,109.72826598999927,1.449488138663611,Increased
2556,Bitcoin,BTC,2020-04-27 23:59:59,7795.60083451,7679.41895085,7679.41895085,7795.60083451,36162144724.7077,143040988589.571,2020,4,April,27,116.18188365999958,116.18188365999958,1.5128994055877096,Increased
2557,Bitcoin,BTC,2020-04-28 23:59:59,7814.52714133,7730.80654225,7796.97044056,7807.05845106,33187959920.9249,143266252261.336,2020,4,April,28,83.72059907999937,10.088010500000564,0.1293837212402721,Increased
2558,Bitcoin,BTC,2020-04-29 23:59:59,8871.75372738,7786.04929564,7806.71256355,8801.03776688,60201052202.5403,161522471384.783,2020,4,April,29,1085.7044317400005,994.3252033299996,12.736797918916118,Increased
2559,Bitcoin,BTC,2020-04-30 23:59:59,9440.65067326,8533.25593295,8797.67005044,8658.55417975,66964629541.3087,158922133909.094,2020,4,April,30,907.3947403099992,-139.11587069000052,-1.5812808379082472,Decreased
2560,Bitcoin,BTC,2020-05-01 23:59:59,9048.02383263,8667.76321655,8672.7819143,8864.76680793,44068389996.9374,162722652380.246,2020,5,May,1,380.26061608000055,191.98489363000044,2.2136483486740137,Increased
2561,Bitcoin,BTC,2020-05-02 23:59:59,9007.18780321,8811.36632956,8869.05761887,8988.5962069,40134388683.2271,165012307599.614,2020,5,May,2,195.82147364999946,119.53858803000003,1.3478161171900285,Increased
2562,Bitcoin,BTC,2020-05-03 23:59:59,9167.7813443,8830.97125528,8983.61414879,8897.46850985,47101785174.2562,163358189150.984,2020,5,May,3,336.8100890200003,-86.14563894000094,-0.9589196231408031,Decreased
2563,Bitcoin,BTC,2020-05-04 23:59:59,8956.90651911,8645.02412633,8895.74487399,8912.65460539,45718796275.5495,163654493632.392,2020,5,May,4,311.8823927800004,16.909731400000965,0.19008786379927353,Increased
2564,Bitcoin,BTC,2020-05-05 23:59:59,9062.41456364,8856.82715528,8912.8321603,9003.07017834,43148462663.1671,165332488791.878,2020,5,May,5,205.58740836000106,90.23801803999959,1.0124505478959027,Increased
2565,Bitcoin,BTC,2020-05-06 23:59:59,9411.46787039,8966.70598977,9007.44125582,9268.76208066,49371886931.4799,170229620935.298,2020,5,May,6,444.76188062000074,261.32082484000057,2.901166018386772,Increased
2566,Bitcoin,BTC,2020-05-07 23:59:59,9992.66392105,9138.32257195,9261.89505826,9951.5187451,61112700562.079,182787376636.504,2020,5,May,7,854.3413490999992,689.623686840001,7.445816244970047,Increased
2567,Bitcoin,BTC,2020-05-08 23:59:59,9996.74335304,9767.17307027,9936.16248196,9842.66636785,51780748041.9506,180804859844.221,2020,5,May,8,229.5702827699988,-93.49611410999933,-0.9409680475711821,Decreased
2568,Bitcoin,BTC,2020-05-09 23:59:59,9913.86299284,9580.64449235,9840.90638396,9593.89673363,46566121841.1111,176251395672.863,2020,5,May,9,333.2185004900002,-247.00965033000102,-2.510029469771298,Decreased
2569,Bitcoin,BTC,2020-05-10 23:59:59,9595.58062909,8395.10745112,9591.16923131,8756.43114193,63325279336.9553,160884755210.801,2020,5,May,10,1200.4731779699996,-834.73808938,-8.703194253470473,Decreased
2570,Bitcoin,BTC,2020-05-11 23:59:59,9033.47117613,8374.32297508,8755.5356389,8601.79620238,57119858801.9446,158059235275.589,2020,5,May,11,659.1482010500004,-153.73943652000162,-1.7559112641487302,Decreased
2571,Bitcoin,BTC,2020-05-12 23:59:59,8949.89797874,8569.64398804,8610.38621232,8804.47781074,42142717533.1676,161791577300.916,2020,5,May,12,380.25399070000094,194.09159842000008,2.254156708351688,Increased
2572,Bitcoin,BTC,2020-05-13 23:59:59,9317.87855411,8805.38781338,8805.38781338,9269.98770576,45558144023.0156,170352710071.21,2020,5,May,13,512.4907407299997,464.5998923799998,5.276313800444189,Increased
2573,Bitcoin,BTC,2020-05-14 23:59:59,9793.26820869,9255.03484619,9271.32863776,9733.72147137,56426907637.2912,178881641547.089,2020,5,May,14,538.233362500001,462.3928336099998,4.987341638681425,Increased
2574,Bitcoin,BTC,2020-05-15 23:59:59,9755.82849814,9261.3979997,9734.29077525,9328.19722645,48158802327.3442,171436341789.485,2020,5,May,15,494.4304984399987,-406.09354879999955,-4.171783627344645,Decreased
2575,Bitcoin,BTC,2020-05-16 23:59:59,9564.20498908,9260.69416318,9333.23987276,9377.0140257,36164766407.6309,172340956578.561,2020,5,May,16,303.5108259000008,43.77415294000093,0.46901347802878407,Increased
2576,Bitcoin,BTC,2020-05-17 23:59:59,9823.0022878,9349.5460711,9374.92998661,9670.73937122,40084250662.9587,177745404470.085,2020,5,May,17,473.45621670000037,295.80938461000005,3.1553236667633566,Increased
2577,Bitcoin,BTC,2020-05-18 23:59:59,9906.03020325,9570.35898532,9675.69498013,9726.5748149,41827139895.6194,178779483463.616,2020,5,May,18,335.67121793000115,50.879834769999434,0.5258519917637569,Increased
2578,Bitcoin,BTC,2020-05-19 23:59:59,9836.04752405,9539.62405543,9727.06360375,9729.0379192,39254288954.9774,178831635026.347,2020,5,May,19,296.42346861999977,1.974315449999267,0.020297137249499678,Increased
2579,Bitcoin,BTC,2020-05-20 23:59:59,9804.79388786,9447.20154126,9725.32936525,9522.98115678,36546239702.5477,175050963474.872,2020,5,May,20,357.5923466000004,-202.348208469999,-2.0806309058592736,Decreased
2580,Bitcoin,BTC,2020-05-21 23:59:59,9555.24217533,8869.93110855,9522.74008319,9081.76202252,39326160532.4299,166947987863.53,2020,5,May,21,685.311066780001,-440.97806066999874,-4.630789634261199,Decreased
2581,Bitcoin,BTC,2020-05-22 23:59:59,9232.93609283,9008.63827133,9080.33473763,9182.57751787,29810773699.2271,168807619957.283,2020,5,May,22,224.29782149999846,102.24278023999977,1.1259802991215002,Increased
2582,Bitcoin,BTC,2020-05-23 23:59:59,9302.50164919,9118.10885548,9185.06272737,9209.28742769,27727866811.6695,169305492439.588,2020,5,May,23,184.39279370999975,24.22470032000092,0.2637401729202702,Increased
2583,Bitcoin,BTC,2020-05-24 23:59:59,9288.40401564,8787.251002,9212.28340427,8790.36800074,32518803299.5833,161610414642.629,2020,5,May,24,501.1530136399997,-421.9154035299998,-4.579922099817697,Decreased
2584,Bitcoin,BTC,2020-05-25 23:59:59,8951.00563809,8719.66836224,8786.10769511,8906.93476142,31288157264.1934,163760453116.409,2020,5,May,25,231.33727585000088,120.82706630999928,1.3752058420277142,Increased
2585,Bitcoin,BTC,2020-05-26 23:59:59,8991.9676255,8757.29380384,8909.58607327,8835.05306073,29584186947.0227,162445535235.104,2020,5,May,26,234.6738216599988,-74.53301253999962,-0.8365485436367133,Decreased
2586,Bitcoin,BTC,2020-05-27 23:59:59,9203.32051535,8834.15742919,8837.3812128,9181.01794762,32740536902.3266,168814700531.386,2020,5,May,27,369.1630861600006,343.6367348199983,3.8884453046144176,Increased
2587,Bitcoin,BTC,2020-05-28 23:59:59,9546.31960175,9148.45714843,9184.94499772,9525.7510947,34367073114.464,175161235290.292,2020,5,May,28,397.86245332,340.806096979999,3.71048598619369,Increased
2588,Bitcoin,BTC,2020-05-29 23:59:59,9573.66681733,9379.33894613,9528.35562913,9439.12439045,32896642044.2639,173575756364.005,2020,5,May,29,194.32787120000103,-89.23123867999857,-0.9364809853150491,Decreased
2589,Bitcoin,BTC,2020-05-30 23:59:59,9704.03030928,9366.72941775,9438.91400926,9700.41407169,32722975141.2035,178390129757.676,2020,5,May,30,337.3008915299997,261.500062430001,2.7704464960000443,Increased
2590,Bitcoin,BTC,2020-05-31 23:59:59,9700.34389507,9432.29679512,9700.10569689,9461.05891806,27773290298.5099,173997151929.677,2020,5,May,31,268.0470999499994,-239.0467788299993,-2.4643729284995453,Decreased
2591,Bitcoin,BTC,2020-06-01 23:59:59,10199.5649719,9450.89911148,9463.6056622,10167.2681012,35198901068.3888,186993405740.449,2020,6,June,1,748.6658604200002,703.6624389999997,7.4354581553477335,Increased
2592,Bitcoin,BTC,2020-06-02 23:59:59,10182.3407084,9460.57137098,10162.9731448,9529.80414872,39137252108.6748,175277218229.261,2020,6,June,2,721.7693374199989,-633.1689960799995,-6.230155162851803,Decreased
2593,Bitcoin,BTC,2020-06-03 23:59:59,9682.85947041,9471.84640611,9533.76049336,9656.71776526,25007459262.1552,177619631125.589,2020,6,June,3,211.01306429999931,122.9572719000007,1.2897038056036445,Increased
2594,Bitcoin,BTC,2020-06-04 23:59:59,9887.6106294,9525.24667912,9655.85445253,9800.63659532,25921805071.9826,180276153545.029,2020,6,June,4,362.3639502799997,144.78214278999985,1.4994234171794547,Increased
2595,Bitcoin,BTC,2020-06-05 23:59:59,9869.2369055,9663.21633712,9800.21547674,9665.53278908,23509628646.2021,177801825144.882,2020,6,June,5,206.02056837999953,-134.68268766000074,-1.3742829224485822,Decreased
2596,Bitcoin,BTC,2020-06-06 23:59:59,9773.43201601,9591.02453467,9664.90477464,9653.67926335,20438419222.3341,177595657884.165,2020,6,June,6,182.40748134000023,-11.225511289998394,-0.11614714838632774,Decreased
2597,Bitcoin,BTC,2020-06-07 23:59:59,9768.49790176,9458.1504702,9653.00332503,9758.8524174,25015250845.6586,179540253701.404,2020,6,June,7,310.3474315599997,105.8490923699992,1.096540514966312,Increased
2598,Bitcoin,BTC,2020-06-08 23:59:59,9782.30649673,9675.88590718,9760.0632524,9771.48948366,21486346311.9064,179782576533.652,2020,6,June,8,106.42058954999993,11.42623126000035,0.11707128288528908,Increased
2599,Bitcoin,BTC,2020-06-09 23:59:59,9836.36896869,9664.72013333,9774.35993635,9795.70019463,23717842782.9821,180237817527.031,2020,6,June,9,171.6488353599998,21.340258280000853,0.21832895881640577,Increased
2600,Bitcoin,BTC,2020-06-10 23:59:59,9908.89655918,9728.29114041,9794.11951106,9870.09445278,25706567600.5701,181616765438.402,2020,6,June,10,180.60541877000105,75.97494172000006,0.7757199780358554,Increased
2601,Bitcoin,BTC,2020-06-11 23:59:59,9938.29767389,9263.06958826,9870.07852908,9321.78129819,30247143440.179,171538133043.473,2020,6,June,11,675.2280856300004,-548.2972308899989,-5.555145577358505,Decreased
2602,Bitcoin,BTC,2020-06-12 23:59:59,9540.46539289,9285.85140439,9320.69085457,9480.84378943,22610564515.3124,174474896921.532,2020,6,June,12,254.61398850000114,160.15293485999973,1.7182517622229216,Increased
2603,Bitcoin,BTC,2020-06-13 23:59:59,9493.21171489,9396.00939365,9480.73574979,9475.27733834,17564322315.198,174381819725.142,2020,6,June,13,97.20232123999995,-5.458411449999403,-0.057573711514112266,Decreased
2604,Bitcoin,BTC,2020-06-14 23:59:59,9482.27093599,9347.59379317,9477.55403706,9386.78789214,18991732745.507,172763239787.199,2020,6,June,14,134.67714282000088,-90.76614491999862,-0.9576958840337553,Decreased
2605,Bitcoin,BTC,2020-06-15 23:59:59,9504.86006526,8990.1759467,9386.03529073,9450.70198692,26699704768.4568,173947607771.726,2020,6,June,15,514.6841185600006,64.66669618999913,0.6889671111067138,Increased
2606,Bitcoin,BTC,2020-06-16 23:59:59,9579.43037458,9400.44500832,9454.26643056,9538.0243743,21565537208.8567,175563963385.476,2020,6,June,16,178.98536625999986,83.75794373999997,0.8859274736457664,Increased
2607,Bitcoin,BTC,2020-06-17 23:59:59,9540.42327076,9327.33958675,9533.78375101,9480.25536624,20177709879.1518,174508805561.132,2020,6,June,17,213.08368401000007,-53.52838476999932,-0.5614600264488753,Decreased
2608,Bitcoin,BTC,2020-06-18 23:59:59,9482.78198635,9328.39559548,9481.56706237,9411.84046197,17770083002.7017,173256688664.117,2020,6,June,18,154.38639087000047,-69.72660040000119,-0.7353911008732813,Decreased
2609,Bitcoin,BTC,2020-06-19 23:59:59,9440.87603373,9274.29612136,9410.29434848,9288.01871603,19632223107.3844,170985625732.412,2020,6,June,19,166.57991236999987,-122.27563245000056,-1.2993815912862616,Decreased
2610,Bitcoin,BTC,2020-06-20 23:59:59,9394.97159448,9247.37967261,9290.96027975,9332.340762,17130541557.3081,171809438650.585,2020,6,June,20,147.59192186999826,41.38048225000057,0.44538434138170735,Increased
2611,Bitcoin,BTC,2020-06-21 23:59:59,9401.10749682,9300.43050848,9330.9264778,9303.62971409,15324301168.8293,171289415078.632,2020,6,June,21,100.6769883399993,-27.29676370999914,-0.29254076510990834,Decreased
2612,Bitcoin,BTC,2020-06-22 23:59:59,9655.07321812,9296.87166573,9300.91545819,9648.71760979,21104009513.9664,177651397436.609,2020,6,June,22,358.20155239000087,347.802151599999,3.739439984842985,Increased
2613,Bitcoin,BTC,2020-06-23 23:59:59,9670.54076171,9547.24708412,9644.07594221,9629.65836578,17006433272.0405,177310052079.171,2020,6,June,23,123.29367759000161,-14.417576429999826,-0.14949671193377131,Decreased
2614,Bitcoin,BTC,2020-06-24 23:59:59,9680.36714624,9278.23354695,9632.14957943,9313.61034868,18961716075.6046,171498781279.927,2020,6,June,24,402.13359929000035,-318.53923075000057,-3.3070419860407805,Decreased
2615,Bitcoin,BTC,2020-06-25 23:59:59,9340.16150568,9095.32457939,9314.12688901,9264.81304308,18616048626.1063,170608289503.753,2020,6,June,25,244.8369262899996,-49.31384593000075,-0.5294521592591522,Decreased
2616,Bitcoin,BTC,2020-06-26 23:59:59,9310.51638223,9101.73845201,9260.99499378,9162.91760386,18341465836.5998,168741367621.97,2020,6,June,26,208.7779302199997,-98.0773899199994,-1.0590372847180194,Decreased
2617,Bitcoin,BTC,2020-06-27 23:59:59,9207.81098342,8998.21670066,9167.82427849,9045.39095672,17273093144.4037,166584831506.245,2020,6,June,27,209.59428276000108,-122.43332176999866,-1.3354675880651175,Decreased
2618,Bitcoin,BTC,2020-06-28 23:59:59,9197.54701677,8975.52585473,9048.46083712,9143.58219104,14560870760.2209,168401806136.911,2020,6,June,28,222.0211620400005,95.12135392000164,1.0512434725890625,Increased
2619,Bitcoin,BTC,2020-06-29 23:59:59,9237.57275525,9041.87625573,9140.02907078,9190.85446467,16460547078.0368,169280659245.843,2020,6,June,29,195.69649951999963,50.82539388999976,0.556074750927049,Increased
2620,Bitcoin,BTC,2020-06-30 23:59:59,9217.83601269,9084.83749244,9185.58126105,9137.99340026,15735797743.9923,168315606321.29,2020,6,June,30,132.9985202500011,-47.58786078999947,-0.5180713058605039,Decreased
2621,Bitcoin,BTC,2020-07-01 23:59:59,9309.75486362,9104.73487906,9145.98505502,9228.32559024,15971550355.2327,169988756578.038,2020,7,July,1,205.01998456,82.34053521999886,0.9002916003542364,Increased
2622,Bitcoin,BTC,2020-07-02 23:59:59,9274.96292273,9036.6234943,9231.13965322,9123.41015432,16338916796.0184,168065586386.744,2020,7,July,2,238.33942842999932,-107.72949890000018,-1.1670227398458006,Decreased
2623,Bitcoin,BTC,2020-07-03 23:59:59,9202.34438443,9058.79478198,9124.84264611,9087.30391103,13078970998.6402,167409720387.961,2020,7,July,3,143.54960245000075,-37.53873508000106,-0.41139049226239693,Decreased
2624,Bitcoin,BTC,2020-07-04 23:59:59,9183.29558274,9053.62967104,9084.23373428,9132.48795051,12290528515.106,168251076677.956,2020,7,July,4,129.66591169999992,48.254216229999656,0.5311864229991017,Increased
2625,Bitcoin,BTC,2020-07-05 23:59:59,9162.18323157,8977.01563525,9126.090803,9073.94286936,12903406143.3498,167181726153.665,2020,7,July,5,185.16759631999957,-52.14793363999888,-0.5714158971863003,Decreased
2626,Bitcoin,BTC,2020-07-06 23:59:59,9375.47475925,9058.6644583,9072.85007426,9375.47475925,17889263251.9634,172746103840.155,2020,7,July,6,316.81030095000096,302.6246849899999,3.335497473374512,Increased
2627,Bitcoin,BTC,2020-07-07 23:59:59,9360.61757468,9201.81538154,9349.16137441,9252.27750386,13839652594.6508,170485472276.313,2020,7,July,7,158.80219313999987,-96.88387055000021,-1.0362840758657275,Decreased
2628,Bitcoin,BTC,2020-07-08 23:59:59,9450.33567174,9249.49994806,9253.02015436,9428.3330848,19702359882.8975,173738543115.206,2020,7,July,8,200.83572368000023,175.31293044000086,1.8946563123759526,Increased
2629,Bitcoin,BTC,2020-07-09 23:59:59,9431.37858131,9234.99945975,9427.99387728,9277.96790642,18000702524.1277,170977231637.687,2020,7,July,9,196.37912155999948,-150.02597085999878,-1.5912820141041677,Decreased
2630,Bitcoin,BTC,2020-07-10 23:59:59,9287.47159361,9118.00240742,9273.35699507,9278.8078672,16860035604.804,171001933826.989,2020,7,July,10,169.46918619000098,5.45087212999897,0.058779923310369915,Increased
2631,Bitcoin,BTC,2020-07-11 23:59:59,9293.53268075,9199.48551044,9277.51196283,9240.34632654,13249910444.0746,170302234777.528,2020,7,July,11,94.04717031000109,-37.165636289999384,-0.40059917399085115,Decreased
2632,Bitcoin,BTC,2020-07-12 23:59:59,9319.41941671,9197.4503198,9241.0550437,9276.49985018,14452361906.8128,170977422928.131,2020,7,July,12,121.96909690999928,35.4448064799999,0.3835580062274821,Increased
2633,Bitcoin,BTC,2020-07-13 23:59:59,9306.40492983,9224.29284137,9277.2046601,9243.61385509,17519821266.4821,170379677119.097,2020,7,July,13,82.11208846000045,-33.59080501000062,-0.3620789477079246,Decreased
2634,Bitcoin,BTC,2020-07-14 23:59:59,9283.84214229,9171.66111846,9238.7032275,9243.21341642,18085038362.4529,170380670524.821,2020,7,July,14,112.1810238299986,4.510188919999564,0.04881841973854619,Increased
2635,Bitcoin,BTC,2020-07-15 23:59:59,9275.32512547,9171.93355443,9241.89699957,9192.83736784,15844731575.2007,169460074575.96,2020,7,July,15,103.39157104000151,-49.05963173000055,-0.5308394124310534,Decreased
2636,Bitcoin,BTC,2020-07-16 23:59:59,9214.31269823,9088.94740241,9191.9802336,9132.22786293,15713967522.662,168350501976.25,2020,7,July,16,125.36529582000003,-59.752370669999436,-0.6500489464890601,Decreased
2637,Bitcoin,BTC,2020-07-17 23:59:59,9182.25430793,9089.20245471,9131.8121414,9151.39223963,13944570749.4994,168710427573.953,2020,7,July,17,93.05185321999852,19.580098230000658,0.21441634942567742,Increased
2638,Bitcoin,BTC,2020-07-18 23:59:59,9230.98350533,9100.82441002,9151.18404834,9159.03990531,12252601474.7851,168858972268.985,2020,7,July,18,130.15909530999852,7.855856970001696,0.08584525159262564,Increased
2639,Bitcoin,BTC,2020-07-19 23:59:59,9201.39848305,9097.63308598,9158.00603543,9185.81691242,12939002784.0054,169360219986.106,2020,7,July,19,103.76539706999938,27.810876989999088,0.3036782994290009,Increased
2640,Bitcoin,BTC,2020-07-20 23:59:59,9214.27062879,9137.50962153,9187.22037014,9164.2313647,13755604145.7171,168970262858.503,2020,7,July,20,76.76100726000004,-22.989005440000255,-0.25022808329185575,Decreased
2641,Bitcoin,BTC,2020-07-21 23:59:59,9407.26305599,9149.3899187,9162.51448207,9374.88752808,18069581955.5535,172861732402.087,2020,7,July,21,257.87313729000016,212.3730460099996,2.317846770398994,Increased
2642,Bitcoin,BTC,2020-07-22 23:59:59,9530.5190089,9319.65339503,9375.08046428,9525.36344997,16532254884.4441,175644844408.412,2020,7,July,22,210.86561387000074,150.28298569000071,1.6030047556668343,Increased
2643,Bitcoin,BTC,2020-07-23 23:59:59,9610.24712467,9483.00401906,9527.14199636,9581.07201141,18146399001.7048,176680237480.007,2020,7,July,23,127.2431056100013,53.93001505000029,0.5660670857073941,Increased
2644,Bitcoin,BTC,2020-07-24 23:59:59,9623.33703153,9481.45392527,9585.51480236,9536.89268563,16552768324.6558,175875016548.431,2020,7,July,24,141.8831062600002,-48.62211672999911,-0.5072457529148889,Decreased
2645,Bitcoin,BTC,2020-07-25 23:59:59,9704.55701308,9530.21219614,9539.48551544,9677.11349729,16610070932.7937,178469614078.301,2020,7,July,25,174.34481693999987,137.62798185000065,1.442719123869362,Increased
2646,Bitcoin,BTC,2020-07-26 23:59:59,10023.807661,9652.84720642,9680.23483128,9905.16724705,20507998996.6863,182685328095.43,2020,7,July,26,370.96045458000117,224.93241576999935,2.3236256112627482,Increased
2647,Bitcoin,BTC,2020-07-27 23:59:59,11298.2217576,9903.97011125,9905.21791377,10990.8733998,35359749590.1205,202719581736.842,2020,7,July,27,1394.2516463499996,1085.6554860300002,10.960440199107055,Increased
2648,Bitcoin,BTC,2020-07-28 23:59:59,11204.327602,10632.6317033,11017.4638476,10912.8230505,28766551141.779,201290022192.811,2020,7,July,28,571.6958986999998,-104.64079710000078,-0.9497720940813008,Decreased
2649,Bitcoin,BTC,2020-07-29 23:59:59,11304.3970694,10856.1413409,10912.9529611,11100.4681253,24617249714.5052,204761455132.909,2020,7,July,29,448.25572850000026,187.51516420000007,1.7182806969700253,Increased
2650,Bitcoin,BTC,2020-07-30 23:59:59,11169.3566691,10895.4554062,11099.8328914,11111.2142899,22857247900.667,204969047788.0,2020,7,July,30,273.901262899999,11.381398499999705,0.10253666529356363,Increased
2651,Bitcoin,BTC,2020-07-31 23:59:59,11415.8638958,10987.0535485,11110.2109424,11323.4664207,23160469766.3921,208895308529.074,2020,7,July,31,428.8103472999992,213.2554783000014,1.9194548096845991,Increased
2652,Bitcoin,BTC,2020-08-01 23:59:59,11794.7753933,11239.6827355,11322.5705008,11759.5927707,26075670302.7985,216950669097.909,2020,8,August,1,555.0926577999999,437.0222698999987,3.859744303372814,Increased
2653,Bitcoin,BTC,2020-08-02 23:59:59,12034.1441504,11018.1300423,11758.7646653,11053.613901,27410067336.0208,203936136729.627,2020,8,August,2,1016.0141081000002,-705.1507642999986,-5.996809906238635,Decreased
2654,Bitcoin,BTC,2020-08-03 23:59:59,11453.0787225,11012.4147398,11043.7688847,11246.3487749,20271713443.2596,207503423455.952,2020,8,August,3,440.6639826999999,202.57989019999877,1.8343365595114205,Increased
2655,Bitcoin,BTC,2020-08-04 23:59:59,11385.3815713,11094.1453896,11246.2032469,11205.8929179,21250197042.2032,206767135617.319,2020,8,August,4,291.2361817000001,-40.31032899999991,-0.35843500348538865,Decreased
2656,Bitcoin,BTC,2020-08-05 23:59:59,11786.6168994,11158.2851945,11203.8230991,11747.0228312,24411254471.1224,216761492405.85,2020,8,August,5,628.3317048999997,543.1997320999999,4.848342635324499,Increased
2657,Bitcoin,BTC,2020-08-06 23:59:59,11902.3359717,11598.7138024,11749.8713321,11779.7732574,23400740340.1344,217377233001.076,2020,8,August,6,303.6221693000007,29.901925300000585,0.25448725739072714,Increased
2658,Bitcoin,BTC,2020-08-07 23:59:59,11898.0384141,11408.5940427,11778.8942824,11601.4727146,23132312867.154,214097928027.496,2020,8,August,7,489.444371399999,-177.42156780000005,-1.5062667475087452,Decreased
2659,Bitcoin,BTC,2020-08-08 23:59:59,11800.0648506,11558.4316317,11604.5533476,11754.0458135,17572057837.4054,216924147850.741,2020,8,August,8,241.63321890000043,149.49246590000075,1.2882224883814084,Increased
2660,Bitcoin,BTC,2020-08-09 23:59:59,11806.0562765,11548.7844464,11737.3252342,11675.7393433,17489608833.2939,215490364254.781,2020,8,August,9,257.2718300999986,-61.58589089999987,-0.5247012387503078,Decreased
2661,Bitcoin,BTC,2020-08-10 23:59:59,12045.1403178,11662.2569338,11662.2569338,11878.1113253,26114112569.4156,219235405395.415,2020,8,August,10,382.88338400000066,215.85439150000093,1.850880088865162,Increased
2662,Bitcoin,BTC,2020-08-11 23:59:59,11932.7111738,11195.7092716,11881.64754,11410.5256775,27039782639.9113,210616121944.733,2020,8,August,11,737.0019021999997,-471.12186250000013,-3.9651223528887822,Decreased
2663,Bitcoin,BTC,2020-08-12 23:59:59,11748.3964937,11249.6054441,11404.5968775,11584.9345762,25064548486.4884,213846666475.048,2020,8,August,12,498.7910496000004,180.33769869999924,1.5812720137069067,Increased
2664,Bitcoin,BTC,2020-08-13 23:59:59,11796.3961941,11216.8725398,11588.4055125,11784.1373895,27522199497.2324,217534728412.949,2020,8,August,13,579.5236542999992,195.73187700000017,1.6890319965837508,Increased
2665,Bitcoin,BTC,2020-08-14 23:59:59,12150.9936677,11685.4554805,11772.6593859,11768.8706193,24237958589.0645,217265120502.897,2020,8,August,14,465.5381871999998,-3.7887666000005993,-0.032182759016525765,Decreased
2666,Bitcoin,BTC,2020-08-15 23:59:59,11963.2030649,11768.6971443,11768.6971443,11865.69857,23354924400.3362,219064372745.259,2020,8,August,15,194.50592060000054,97.00142570000025,0.8242324915887694,Increased
2667,Bitcoin,BTC,2020-08-16 23:59:59,11934.9009151,11737.1885988,11866.6855801,11892.8040631,20583375490.1685,219576092170.359,2020,8,August,16,197.71231629999966,26.118483000000197,0.2200992250422472,Increased
2668,Bitcoin,BTC,2020-08-17 23:59:59,12359.0570221,11806.6958823,11895.6577737,12254.4019083,28227687026.7691,226261747567.102,2020,8,August,17,552.3611397999994,358.7441345999996,3.015757021802894,Increased
2669,Bitcoin,BTC,2020-08-18 23:59:59,12335.7070704,11954.5257491,12251.8959698,11991.2332456,26043227671.8792,221413097553.274,2020,8,August,18,381.1813213000005,-260.6627241999995,-2.127529688813172,Decreased
2670,Bitcoin,BTC,2020-08-19 23:59:59,12028.9234443,11687.3328305,11990.8847804,11758.2835921,24502851117.2582,217122068305.445,2020,8,August,19,341.59061380000094,-232.6011882999992,-1.9398167237850812,Decreased
2671,Bitcoin,BTC,2020-08-20 23:59:59,11900.4111753,11710.0633726,11761.499735,11878.3716211,20175242944.6744,219350310325.759,2020,8,August,20,190.3478027000001,116.87188609999976,0.9936818325320461,Increased
2672,Bitcoin,BTC,2020-08-21 23:59:59,11899.2593199,11564.9793191,11878.026439,11592.4890449,23762425998.9504,214082401860.976,2020,8,August,21,334.28000079999947,-285.5373940999998,-2.4039127675492775,Decreased
2673,Bitcoin,BTC,2020-08-22 23:59:59,11689.4073895,11448.8060449,11585.4775342,11681.8255623,20224191305.9585,215742068894.983,2020,8,August,22,240.60134459999972,96.3480281000011,0.8316275942496497,Increased
2674,Bitcoin,BTC,2020-08-23 23:59:59,11713.4297949,11559.9212608,11679.6959587,11664.8479948,18482062657.8012,215439967321.336,2020,8,August,23,153.50853409999945,-14.84796389999974,-0.1271262878117966,Decreased
2675,Bitcoin,BTC,2020-08-24 23:59:59,11807.6323164,11623.2504376,11663.6895523,11774.5958414,20681511754.5735,217477962650.242,2020,8,August,24,184.38187880000078,110.90628909999941,0.9508679788046095,Increased
2676,Bitcoin,BTC,2020-08-25 23:59:59,11778.2998953,11189.8510492,11773.58935,11366.1350817,26301509931.9274,209942744480.573,2020,8,August,25,588.4488461000001,-407.45426829999997,-3.4607480878378007,Decreased
2677,Bitcoin,BTC,2020-08-26 23:59:59,11530.0530661,11296.993373,11366.8949329,11488.3634896,22466660957.6266,212210534428.287,2020,8,August,26,233.0596931,121.46855669999968,1.0686168686966986,Increased
2678,Bitcoin,BTC,2020-08-27 23:59:59,11570.7863091,11185.9418123,11485.6083964,11323.3970324,23240415075.9787,209172436816.551,2020,8,August,27,384.84449680000034,-162.21136400000069,-1.4123010153371023,Decreased
2679,Bitcoin,BTC,2020-08-28 23:59:59,11545.6154059,11316.4224397,11325.2956031,11542.4997333,19807127587.5076,213231661583.088,2020,8,August,28,229.19296620000023,217.20413019999978,1.9178672046365475,Increased
2680,Bitcoin,BTC,2020-08-29 23:59:59,11585.6406794,11466.2933646,11541.0543254,11506.8653177,17485597759.1377,212583870983.482,2020,8,August,29,119.34731479999937,-34.18900770000073,-0.296238166254501,Decreased
2681,Bitcoin,BTC,2020-08-30 23:59:59,11715.2648492,11492.381773,11508.7139745,11711.506161,19760127944.6617,216373660045.36,2020,8,August,30,222.8830762000016,202.79218649999893,1.7620751280232358,Increased
2682,Bitcoin,BTC,2020-08-31 23:59:59,11768.8767439,11598.3184963,11713.3062719,11680.8204905,22285928250.3117,215817677821.857,2020,8,August,31,170.55824759999996,-32.48578140000063,-0.27734083482418115,Decreased
2683,Bitcoin,BTC,2020-09-01 23:59:59,12067.0812887,11601.1286113,11679.3166637,11970.4787405,27311555343.111,221181001606.839,2020,9,September,1,465.9526773999987,291.16207680000116,2.4929718508699223,Increased
2684,Bitcoin,BTC,2020-09-02 23:59:59,11964.8228043,11290.7942647,11964.8228043,11414.0337325,28037405298.8447,210909793680.913,2020,9,September,2,674.0285395999999,-550.7890717999999,-4.603403500485218,Decreased
2685,Bitcoin,BTC,2020-09-03 23:59:59,11443.0227947,10182.4650856,11407.1910772,10245.296686,31927261554.7735,189322069063.343,2020,9,September,3,1260.5577090999996,-1161.8943911999995,-10.1856310053605,Decreased
2686,Bitcoin,BTC,2020-09-04 23:59:59,10663.9200452,10207.9402189,10230.3651615,10511.8138807,29965130373.7473,194255818703.632,2020,9,September,4,455.97982630000115,281.4487191999997,2.7511111749869643,Increased
2687,Bitcoin,BTC,2020-09-05 23:59:59,10581.5714107,9946.67532811,10512.5301954,10169.567221,44916565291.5468,187940141275.803,2020,9,September,5,634.8960825900012,-342.96297440000126,-3.262420825674038,Decreased
2688,Bitcoin,BTC,2020-09-06 23:59:59,10353.928072,10056.8857496,10167.2167634,10280.3517032,37071460174.4703,189997214393.289,2020,9,September,6,297.04232240000056,113.13493980000021,1.1127424784259932,Increased
2689,Bitcoin,BTC,2020-09-07 23:59:59,10399.1534283,9916.49293063,10280.9976217,10369.5637386,33703098409.3065,191657203885.383,2020,9,September,7,482.66049767000004,88.56611689999954,0.8614545023633107,Increased
2690,Bitcoin,BTC,2020-09-08 23:59:59,10414.7752084,9945.11015892,10369.3069685,10131.5166457,33430927462.2299,187267336727.676,2020,9,September,8,469.66504947999965,-237.79032279999956,-2.2932132641300114,Decreased
2691,Bitcoin,BTC,2020-09-09 23:59:59,10350.5427324,10017.2510729,10134.1515061,10242.3477803,24128292754.8478,189325507175.126,2020,9,September,9,333.2916594999988,108.19627420000143,1.0676401880796373,Increased
2692,Bitcoin,BTC,2020-09-10 23:59:59,10503.9125262,10238.1358906,10242.3301347,10363.1390401,54406443210.5135,191568387061.555,2020,9,September,10,265.7766355999993,120.8089054000011,1.1795060675764832,Increased
2693,Bitcoin,BTC,2020-09-11 23:59:59,10434.9225461,10140.8366858,10369.0283892,10400.9146854,45201121774.7768,192275791668.534,2020,9,September,11,294.0858602999997,31.88629619999847,0.30751479312381924,Increased
2694,Bitcoin,BTC,2020-09-12 23:59:59,10578.8382504,10292.3865099,10409.8617874,10442.1706031,36750077323.5385,193049493276.593,2020,9,September,12,286.4517405000006,32.308815700000196,0.3103673839272918,Increased
2695,Bitcoin,BTC,2020-09-13 23:59:59,10577.2152413,10224.3299006,10452.3990309,10323.7557975,36506852789.3039,190870759062.079,2020,9,September,13,352.8853407000006,-128.6432334000001,-1.230753179434667,Decreased
2696,Bitcoin,BTC,2020-09-14 23:59:59,10800.0110604,10266.008771,10328.7341116,10680.8374328,35453581939.7213,197484272946.612,2020,9,September,14,534.0022893999994,352.1033212000002,3.4089687796741694,Increased
2697,Bitcoin,BTC,2020-09-15 23:59:59,10938.6320402,10656.4603435,10677.7548513,10796.9509861,32509451925.0468,199641896761.512,2020,9,September,15,282.1716966999993,119.19613480000044,1.1163033470981822,Increased
2698,Bitcoin,BTC,2020-09-16 23:59:59,11100.1243423,10704.8843495,10797.7620187,10974.9048915,30769986454.5301,202942925722.083,2020,9,September,16,395.2399927999995,177.142872800001,1.6405517411220754,Increased
2699,Bitcoin,BTC,2020-09-17 23:59:59,11037.4211271,10774.6276667,10973.2522347,10948.9899152,38151810523.0524,202475761712.394,2020,9,September,17,262.7934604000002,-24.26231949999965,-0.2211041811585858,Decreased
2700,Bitcoin,BTC,2020-09-18 23:59:59,11034.908069,10829.6568158,10951.8200208,10944.5858045,26341903912.3861,202405809880.581,2020,9,September,18,205.25125320000006,-7.234216299999389,-0.06605492316582966,Decreased
2702,Bitcoin,BTC,2020-09-20 23:59:59,11095.8697916,10814.4770514,11095.8697916,10938.2712894,24699523787.7245,202308927892.353,2020,9,September,20,281.39274020000084,-157.59850220000044,-1.4203348197120027,Decreased
2703,Bitcoin,BTC,2020-09-21 23:59:59,10988.304783,10380.2607189,10934.9255349,10462.2596185,28884999243.6721,193514327128.297,2020,9,September,21,608.0440641000005,-472.66591639999933,-4.322534386644288,Decreased
2704,Bitcoin,BTC,2020-09-22 23:59:59,10568.0767512,10382.7262965,10459.6245084,10538.4603213,23621787803.579,194932197947.436,2020,9,September,22,185.35045469999932,78.83581289999893,0.7537155166199974,Increased
2705,Bitcoin,BTC,2020-09-23 23:59:59,10537.82809054,10197.86492469,10535.49244237,10246.18649281,23788661866.987087,189529920746.46765,2020,9,September,23,339.9631658500002,-289.30594955999914,-2.746012596397617,Decreased
2706,Bitcoin,BTC,2020-09-24 23:59:59,10771.05620224,10231.49011991,10248.78655955,10760.06625677,47144380901.6858,199045623654.10297,2020,9,September,24,539.5660823300004,511.27969721999943,4.988685189697701,Increased
2707,Bitcoin,BTC,2020-09-25 23:59:59,10777.69586388,10578.91424754,10761.10978907,10692.71721234,39348590957.36073,197809986225.92685,2020,9,September,25,198.78161634000026,-68.39257673000066,-0.6355531917299703,Decreased
2708,Bitcoin,BTC,2020-09-26 23:59:59,10772.99865956,10667.28093407,10695.57508179,10750.72357903,46852525492.62939,198893019773.83698,2020,9,September,26,105.7177254899998,55.148497239999415,0.5156197475897651,Increased
2709,Bitcoin,BTC,2020-09-27 23:59:59,10803.97608005,10622.92175798,10746.89275768,10775.26937624,53745972818.15112,199357967522.50537,2020,9,September,27,181.05432207000013,28.37661855999977,0.2640448658029189,Increased
2710,Bitcoin,BTC,2020-09-28 23:59:59,10945.34790707,10703.89325099,10776.6136391,10709.65218175,47762394730.65361,198154065044.1842,2020,9,September,28,241.45465607999904,-66.96145735000027,-0.6213589870852279,Decreased
2711,Bitcoin,BTC,2020-09-29 23:59:59,10860.00069783,10649.49543862,10709.65002191,10844.64098118,46582396602.07544,200660083838.7249,2020,9,September,29,210.50525921000008,134.99095927000053,1.2604609767250428,Increased
2712,Bitcoin,BTC,2020-09-30 23:59:59,10847.25699325,10669.32109268,10843.87075063,10784.49157795,44171073700.186745,199556965503.7717,2020,9,September,30,177.93590056999892,-59.3791726799991,-0.5475828147117054,Decreased
2713,Bitcoin,BTC,2020-10-01 23:59:59,10933.62430944,10472.35651799,10795.25474253,10619.45190766,40023134099.56767,196512086756.27817,2020,10,October,1,461.26779145,-175.80283486999906,-1.6285195584814658,Decreased
2714,Bitcoin,BTC,2020-10-02 23:59:59,10657.83798611,10416.68920469,10619.8212156,10575.97504191,48661453917.9649,195716085732.39612,2020,10,October,2,241.1487814200009,-43.846173690000796,-0.4128711095963923,Decreased
2715,Bitcoin,BTC,2020-10-03 23:59:59,10598.94080319,10511.12977968,10575.10063586,10549.32889962,44660271563.31908,195233191301.2567,2020,10,October,3,87.81102350999936,-25.771736239999882,-0.24370204244306032,Decreased
2716,Bitcoin,BTC,2020-10-04 23:59:59,10686.00009766,10534.39183687,10550.44067126,10669.58254327,71251776994.76472,197468899356.8617,2020,10,October,4,151.6082607900007,119.14187201000095,1.1292596747598438,Increased
2717,Bitcoin,BTC,2020-10-05 23:59:59,10793.50785056,10634.60016313,10676.52895637,10793.33942751,47537578008.85223,199769602127.94168,2020,10,October,5,158.907687429999,116.81047113999921,1.0940865857934652,Increased
2718,Bitcoin,BTC,2020-10-06 23:59:59,10797.57808729,10528.890831,10796.30685484,10604.40588882,42623695307.42572,196281911458.15372,2020,10,October,6,268.6872562899989,-191.90096602000085,-1.777468615890362,Decreased
2719,Bitcoin,BTC,2020-10-07 23:59:59,10680.50819786,10562.50712617,10603.35546589,10668.96895539,37799458435.80039,197485816054.93155,2020,10,October,7,118.00107168999966,65.61348950000138,0.618799300948401,Increased
2720,Bitcoin,BTC,2020-10-08 23:59:59,10945.73703324,10562.60610109,10669.37115892,10915.68573098,63314794397.11185,202064144550.3406,2020,10,October,8,383.1309321500012,246.3145720600005,2.3086137729314267,Increased
2721,Bitcoin,BTC,2020-10-09 23:59:59,11102.67150545,10846.8504295,10927.91292433,11064.45759247,22799117612.794453,204827451843.37863,2020,10,October,9,255.8210759499998,136.5446681400008,1.2495036251249456,Increased
2722,Bitcoin,BTC,2020-10-10 23:59:59,11442.2111099,11056.94053325,11059.14269142,11296.3614282,22877978587.762783,209130239494.6501,2020,10,October,10,385.2705766500003,237.21873677999974,2.1450011397722615,Increased
2723,Bitcoin,BTC,2020-10-11 23:59:59,11428.81376969,11288.62766113,11296.08178425,11384.1819535,19968627059.96427,210766812992.17508,2020,10,October,11,140.1861085599994,88.10016924999945,0.7799179479457783,Increased
2724,Bitcoin,BTC,2020-10-12 23:59:59,11698.4677363,11240.68699569,11392.63621516,11555.3628878,26163972641.64605,213950143824.2092,2020,10,October,12,457.78074061000007,162.72667263999938,1.4283495897416751,Increased
2725,Bitcoin,BTC,2020-10-13 23:59:59,11548.98483187,11321.22451322,11548.71975926,11425.8994007,24241420250.858337,211565586739.30667,2020,10,October,13,227.76031865000004,-122.82035856000039,-1.0634976094343316,Decreased
2726,Bitcoin,BTC,2020-10-14 23:59:59,11539.97794666,11307.8308683,11429.04780192,11429.50688675,24103426719.264656,211643390713.38092,2020,10,October,14,232.1470783599998,0.4590848299994832,0.0040168248305196535,Increased
2727,Bitcoin,BTC,2020-10-15 23:59:59,11569.91418955,11303.60351126,11426.60259823,11495.34965037,24487233057.76924,212873103428.00137,2020,10,October,15,266.3106782899995,68.74705214000096,0.6016403524057973,Increased
2728,Bitcoin,BTC,2020-10-16 23:59:59,11540.06192994,11223.01278163,11502.82812628,11322.12268618,25635480771.680893,209676088343.852,2020,10,October,16,317.0491483100013,-180.70544009999867,-1.570965314931108,Decreased
2729,Bitcoin,BTC,2020-10-17 23:59:59,11386.26157113,11285.34551243,11322.1226857,11358.10156733,19130430173.838352,210353665235.4524,2020,10,October,17,100.91605870000058,35.978881630000615,0.3177750553387171,Increased
2730,Bitcoin,BTC,2020-10-18 23:59:59,11483.35971184,11347.57856324,11355.98226642,11483.35971184,18283314340.336567,212682581771.31265,2020,10,October,18,135.78114859999914,127.37744541999928,1.1216770371036808,Increased
2731,Bitcoin,BTC,2020-10-19 23:59:59,11799.0929777,11408.29011785,11495.03793859,11742.03715033,23860769927.722218,217482407293.08884,2020,10,October,19,390.80285985000046,246.99921173999974,2.148746381347716,Increased
2732,Bitcoin,BTC,2020-10-20 23:59:59,11999.91801959,11681.48002079,11745.97493298,11916.33514058,30915821592.10161,220721282864.58752,2020,10,October,20,318.43799880000006,170.36020760000065,1.4503709447026685,Increased
2733,Bitcoin,BTC,2020-10-21 23:59:59,13184.56617255,11900.92861734,11913.07748936,12823.68918938,43414712626.04591,237532386962.5129,2020,10,October,21,1283.6375552099998,910.6117000200011,7.643799016948402,Increased
2734,Bitcoin,BTC,2020-10-22 23:59:59,13161.5941072,12717.09345651,12801.63536307,12965.89129043,34729759598.04668,240166387521.54385,2020,10,October,22,444.50065069000084,164.25592736,1.2830855019808132,Increased
2735,Bitcoin,BTC,2020-10-23 23:59:59,13015.96144265,12752.64702492,12971.54847683,12931.53902256,28974975002.911232,239557562148.2678,2020,10,October,23,263.31441773000006,-40.00945426999897,-0.3084400782332544,Decreased
2736,Bitcoin,BTC,2020-10-24 23:59:59,13145.06668559,12885.74662851,12931.57391476,13108.06261161,24542317939.95521,242839876186.2097,2020,10,October,24,259.32005707999997,176.48869684999954,1.3647889886671623,Increased
2737,Bitcoin,BTC,2020-10-25 23:59:59,13329.18403245,12910.06108914,13108.06314181,13031.17431056,24406920575.03764,241425217439.91177,2020,10,October,25,419.1229433100016,-76.8888312500003,-0.5865766011208218,Decreased
2738,Bitcoin,BTC,2020-10-26 23:59:59,13225.29776076,12822.38232695,13031.20124688,13075.24769656,29461458313.155544,242250997935.6733,2020,10,October,26,402.91543380999974,44.04644967999957,0.3380075930493776,Increased
2739,Bitcoin,BTC,2020-10-27 23:59:59,13759.66872521,13060.83803686,13075.24249433,13654.21844012,33749878155.991123,252985946389.91595,2020,10,October,27,698.8306883500009,578.97594579,4.428032184038417,Increased
2740,Bitcoin,BTC,2020-10-28 23:59:59,13837.69545246,12932.25058412,13654.21446094,13271.28536861,35867318894.915474,245899824464.8319,2020,10,October,28,905.4448683400005,-382.92909232999955,-2.8044754491401,Decreased
2741,Bitcoin,BTC,2020-10-29 23:59:59,13612.04801658,12980.0592813,13271.29897868,13437.8832414,56499499598.2837,248995322466.39035,2020,10,October,29,631.9887352799997,166.58426271999997,1.2552219868425336,Increased
2742,Bitcoin,BTC,2020-10-30 23:59:59,13651.51626952,13136.19868838,13437.87353717,13546.52226938,30581485200.6849,251018154919.98657,2020,10,October,30,515.3175811399997,108.64873221000016,0.8085262293135217,Increased
2743,Bitcoin,BTC,2020-10-31 23:59:59,14028.21429317,13457.52983298,13546.5326493,13780.99470249,30306464718.75512,255372071116.27853,2020,10,October,31,570.6844601899993,234.46205319,1.7307901531696788,Increased
2744,Bitcoin,BTC,2020-11-01 23:59:59,13862.03362917,13628.37821941,13780.99480514,13737.10982864,24453857900.087803,254569759062.5861,2020,11,November,1,233.6554097600001,-43.88497650000136,-0.3184456356055896,Decreased
2745,Bitcoin,BTC,2020-11-02 23:59:59,13808.32287396,13243.159866,13737.03221087,13550.4893841,30771455467.79213,251119864445.3435,2020,11,November,2,565.16300796,-186.54282677000083,-1.3579558081140046,Decreased
2746,Bitcoin,BTC,2020-11-03 23:59:59,13984.98192782,13325.44138201,13550.450882,13950.30084729,29869951617.25349,258541441763.9419,2020,11,November,3,659.5405458099995,399.8499652900009,2.9508240631398417,Increased
2747,Bitcoin,BTC,2020-11-04 23:59:59,14218.76646779,13580.47207098,13950.4879059,14133.70715301,35116364961.75642,261954213176.1068,2020,11,November,4,638.294396809999,183.21924711000065,1.3133536858772716,Increased
2748,Bitcoin,BTC,2020-11-05 23:59:59,15706.40445571,14102.08909494,14133.73388336,15579.84846029,40856321438.537605,288771509680.94745,2020,11,November,5,1604.3153607700006,1446.11457693,10.231652788033225,Increased
2749,Bitcoin,BTC,2020-11-06 23:59:59,15903.43797604,15226.8393924,15579.72923853,15565.88058083,39837841971.44575,288526920959.49664,2020,11,November,6,676.5985836400014,-13.84865770000033,-0.08888894978836615,Decreased
2750,Bitcoin,BTC,2020-11-07 23:59:59,15737.09557115,14423.20290926,15565.88058298,14833.7541075,35024953705.61895,274970333139.98395,2020,11,November,7,1313.8926618899986,-732.1264754799995,-4.703405448712738,Decreased
2751,Bitcoin,BTC,2020-11-08 23:59:59,15637.32033788,14744.10989581,14833.75408424,15479.56703842,26632075028.85488,286955182899.01483,2020,11,November,8,893.2104420700016,645.8129541800008,4.353671703821351,Increased
2752,Bitcoin,BTC,2020-11-09 23:59:59,15785.13687202,14865.52927664,15479.59572319,15332.31559743,34149115565.701942,284236108837.2787,2020,11,November,9,919.6075953800009,-147.28012575999855,-0.9514468490889464,Decreased
2753,Bitcoin,BTC,2020-11-10 23:59:59,15450.32935034,15124.95988876,15332.350373,15290.90268148,25574938143.151707,283468380961.4247,2020,11,November,10,325.36946157999955,-41.44769151999935,-0.270328361351486,Decreased
2754,Bitcoin,BTC,2020-11-11 23:59:59,15916.26081024,15290.00681729,15290.90879034,15701.33973237,29772374934.00697,291077214051.6671,2020,11,November,11,626.2539929500017,410.43094202999964,2.6841500898186545,Increased
2755,Bitcoin,BTC,2020-11-12 23:59:59,16305.00422517,15534.7718061,15701.29906726,16276.34394919,34175758344.061382,301736853824.6971,2020,11,November,12,770.2324190700001,575.04488193,3.6624032155980695,Increased
2756,Bitcoin,BTC,2020-11-13 23:59:59,16463.17783998,15992.1528006,16276.4404772,16317.80819009,31599492172.18153,302505533181.2506,2020,11,November,13,471.0250393799979,41.36771288999989,0.2541570004077224,Increased
2757,Bitcoin,BTC,2020-11-14 23:59:59,16317.80834223,15749.19296725,16317.80834223,16068.13870685,27481710135.408524,297877068422.63354,2020,11,November,14,568.6153749800014,-249.66963537999982,-1.5300439258981997,Decreased
2758,Bitcoin,BTC,2020-11-15 23:59:59,16123.11045585,15793.53391679,16068.13999417,15955.58743887,23653867582.698807,295790551597.8903,2020,11,November,15,329.57653905999905,-112.55255530000068,-0.7004703428078054,Decreased
2759,Bitcoin,BTC,2020-11-16 23:59:59,16816.18144902,15880.7056812,15955.57698439,16716.11132377,31526766675.186485,309889423249.1071,2020,11,November,16,935.4757678200021,760.5343393800013,4.766573719797557,Increased
2760,Bitcoin,BTC,2020-11-17 23:59:59,17782.92055432,16564.54499204,16685.69093058,17645.40576746,39006849169.8069,327257094857.4363,2020,11,November,17,1218.3755622800018,959.7148368800008,5.751723682722204,Increased
2761,Bitcoin,BTC,2020-11-18 23:59:59,18393.94914579,17352.906612,17645.19047404,17804.00563217,49064800277.87428,330218014062.15594,2020,11,November,18,1041.0425337900015,158.81515813000078,0.9000478536270448,Increased
2762,Bitcoin,BTC,2020-11-19 23:59:59,18119.54784964,17382.55398903,17803.86174661,17817.09024754,36985055355.38892,330475167134.4854,2020,11,November,19,736.9938606100004,13.228500929999427,0.07430130113495316,Increased
2763,Bitcoin,BTC,2020-11-20 23:59:59,18773.22751179,17765.79576896,17817.08366299,18621.31436938,36992873939.98525,345411881099.1716,2020,11,November,20,1007.4317428299983,804.2307063900007,4.513817870545025,Increased
2764,Bitcoin,BTC,2020-11-21 23:59:59,18936.62068806,18444.3589249,18621.31587778,18642.23276593,39650210707.29688,345819234184.5931,2020,11,November,21,492.26176316000056,20.91688814999725,0.11232765872876069,Increased
2765,Bitcoin,BTC,2020-11-22 23:59:59,18688.96913465,17671.38482599,18642.232992,18370.00252365,41280434225.93024,340790183317.33075,2020,11,November,22,1017.5843086599998,-272.2304683500006,-1.4602889496490237,Decreased
2766,Bitcoin,BTC,2020-11-23 23:59:59,18711.42673061,18000.79611004,18370.01733874,18364.12159134,42741112307.89879,340698070308.13434,2020,11,November,23,710.6306205700021,-5.895747399998072,-0.03209440302249852,Decreased
2767,Bitcoin,BTC,2020-11-24 23:59:59,19348.27096299,18128.65617407,18365.01468531,19107.46444977,51469565008.67291,354504361032.3469,2020,11,November,24,1219.6147889199965,742.4497644599978,4.042739835399512,Increased
2768,Bitcoin,BTC,2020-11-25 23:59:59,19390.96555566,18581.14653195,19104.40961035,18732.1207774,43710357371.4586,347558803507.37305,2020,11,November,25,809.8190237100025,-372.28883295000196,-1.9487062963113544,Decreased
2769,Bitcoin,BTC,2020-11-26 23:59:59,18866.28612952,16351.03485441,18729.84058731,17150.62357809,61396835736.93506,318231964319.3874,2020,11,November,26,2515.2512751099985,-1579.2170092199995,-8.431556060813268,Decreased
2770,Bitcoin,BTC,2020-11-27 23:59:59,17445.02428555,16526.42352825,17153.91312468,17108.40172774,38886494645.12133,317464460530.40906,2020,11,November,27,918.6007572999988,-45.51139693999721,-0.265312040519304,Decreased
2771,Bitcoin,BTC,2020-11-28 23:59:59,17853.93919131,16910.65271094,17112.93423773,17717.4150112,32601040733.64276,328782832211.7004,2020,11,November,28,943.2864803699995,604.4807734699971,3.532303490872178,Increased
2772,Bitcoin,BTC,2020-11-29 23:59:59,18283.62817317,17559.11762249,17719.63461354,18177.48341979,31133957704.27213,337336592123.068,2020,11,November,29,724.5105506799991,457.84880625000005,2.5838501539989243,Increased
2773,Bitcoin,BTC,2020-11-30 23:59:59,19749.26369425,18178.32211783,18178.32211783,19625.83502949,47728480399.27992,364229729425.8729,2020,11,November,30,1570.9415764199985,1447.51291166,7.96285213936342,Increased
2774,Bitcoin,BTC,2020-12-01 23:59:59,19845.97548328,18321.92093045,19633.77044727,18802.99829969,49633658712.12445,348976597317.84424,2020,12,December,1,1524.054552829999,-830.772147579999,-4.231342878389997,Decreased
2775,Bitcoin,BTC,2020-12-02 23:59:59,19308.33066301,18347.71783787,18801.74359314,19201.09115697,37387697138.68447,356381007570.9198,2020,12,December,2,960.6128251400005,399.3475638300006,2.123992181106578,Increased
2776,Bitcoin,BTC,2020-12-03 23:59:59,19566.19188355,18925.78443384,19205.92540409,19445.39847988,31930317405.271645,360933936016.877,2020,12,December,3,640.407449710001,239.4730757899997,1.2468708002948021,Increased
2777,Bitcoin,BTC,2020-12-04 23:59:59,19511.40471415,18697.19291384,19446.96642246,18699.76561337,33872388057.716797,347111351136.3285,2020,12,December,4,814.2118003100004,-747.2008090899981,-3.842248671890692,Decreased
2778,Bitcoin,BTC,2020-12-05 23:59:59,19160.44926489,18590.19367526,18698.38527851,19154.231131,27242455063.892467,355563938256.3379,2020,12,December,5,570.25558963,455.84585249000156,2.4378888641999685,Increased
2779,Bitcoin,BTC,2020-12-06 23:59:59,19390.49989515,18897.89407205,19154.18059333,19345.12095871,25293775713.52131,359123541247.0556,2020,12,December,6,492.6058230999988,190.94036538,0.996860003745034,Increased
2780,Bitcoin,BTC,2020-12-07 23:59:59,19411.82767631,18931.14291942,19343.12879819,19191.63128698,26896357742.243275,356293229783.3031,2020,12,December,7,480.68475689000115,-151.49751121000008,-0.7832109933744339,Decreased
2781,Bitcoin,BTC,2020-12-08 23:59:59,19283.47833933,18269.94544375,19191.52946283,18321.14491611,31692288756.379017,340148764251.7229,2020,12,December,8,1013.5328955799996,-870.3845467200008,-4.5352536826507475,Decreased
2782,Bitcoin,BTC,2020-12-09 23:59:59,18626.29265152,17935.54781966,18320.88478403,18553.91537685,34420373070.859474,344486483494.44324,2020,12,December,9,690.74483186,233.03059281999958,1.2719396228239388,Increased
2783,Bitcoin,BTC,2020-12-10 23:59:59,18553.29972814,17957.06521319,18553.29972814,18264.99210672,25547132265.471,339136939585.8366,2020,12,December,10,596.2345149499997,-288.3076214199973,-1.553942563557672,Decreased
2784,Bitcoin,BTC,2020-12-11 23:59:59,18268.4528447,17619.53238938,18263.92925463,18058.90334725,27919640985.34144,335326168918.5213,2020,12,December,11,648.9204553199997,-205.02590737999708,-1.1225728293270847,Decreased
2785,Bitcoin,BTC,2020-12-12 23:59:59,18919.55122775,18046.04072366,18051.31998973,18803.65687045,21752580801.78931,349170613898.91974,2020,12,December,12,873.510504089998,752.3368807199986,4.1677665741232675,Increased
2786,Bitcoin,BTC,2020-12-13 23:59:59,19381.53577302,18734.33288842,18806.76647897,19142.3825335,25450468636.538258,355479173805.69794,2020,12,December,13,647.202884600003,335.61605453000084,1.78454948598044,Increased
2787,Bitcoin,BTC,2020-12-14 23:59:59,19305.10044332,19012.70940762,19144.49245994,19246.64434137,22473997681.144253,357432550019.95447,2020,12,December,14,292.3910356999986,102.15188142999978,0.5335836488940795,Increased
2788,Bitcoin,BTC,2020-12-15 23:59:59,19525.0075905,19079.84237737,19246.91998427,19417.07603342,26741982541.49698,360614771026.8855,2020,12,December,15,445.16521312999976,170.15604914999858,0.8840689798111211,Increased
2789,Bitcoin,BTC,2020-12-16 23:59:59,21458.90789704,19298.31727724,19418.81840055,21310.59813054,44409011479.22107,395799863745.9665,2020,12,December,16,2160.590619800001,1891.7797299899976,9.741991973808336,Increased
2790,Bitcoin,BTC,2020-12-17 23:59:59,23642.66010576,21234.67652917,21308.35140371,22805.16149213,71378606373.62286,423576934966.4241,2020,12,December,17,2407.983576589999,1496.8100884199994,7.0245232024819595,Increased
2791,Bitcoin,BTC,2020-12-18 23:59:59,23238.60062331,22399.81280236,22806.79637266,23137.96056165,40387896274.67765,429781092527.7447,2020,12,December,18,838.7878209500013,331.164188990002,1.4520416790627824,Increased
2792,Bitcoin,BTC,2020-12-19 23:59:59,24085.85537123,22826.47216789,23132.86511797,23869.83196434,38487546579.56274,443399267276.8764,2020,12,December,19,1259.383203340003,736.96684637,3.185800127272223,Increased
2793,Bitcoin,BTC,2020-12-20 23:59:59,24209.65988828,23147.71102921,23861.7657379,23477.29519711,37844228421.87064,436129331482.25616,2020,12,December,20,1061.9488590699984,-384.4705407900001,-1.611240949278702,Decreased
2794,Bitcoin,BTC,2020-12-21 23:59:59,24059.98230987,22159.36806298,23474.45540815,22803.0814087,45852713980.88911,423625088584.1859,2020,12,December,21,1900.6142468899998,-671.3739994499992,-2.8600194883196637,Decreased
2795,Bitcoin,BTC,2020-12-22 23:59:59,23789.90284154,22430.60469165,22794.03960022,23783.02850288,44171632680.60435,441850902134.2294,2020,12,December,22,1359.2981498899971,988.9889026599994,4.338804880598936,Increased
2796,Bitcoin,BTC,2020-12-23 23:59:59,24024.48959027,22802.64570202,23781.97438638,23241.34486501,51146161904.32344,431808778580.3048,2020,12,December,23,1221.8438882500013,-540.6295213699996,-2.2732743404164943,Decreased
2797,Bitcoin,BTC,2020-12-24 23:59:59,23768.3385448,22777.59680778,23240.20362271,23735.94972763,41080759712.61937,441017197764.42126,2020,12,December,24,990.7417370200019,495.7461049199992,2.133140109132104,Increased
2798,Bitcoin,BTC,2020-12-25 23:59:59,24710.10155607,23463.67427254,23733.56954677,24664.79027412,42068395845.63074,458297232691.903,2020,12,December,25,1246.4272835299998,931.2207273500026,3.9236437886636244,Increased
2799,Bitcoin,BTC,2020-12-26 23:59:59,26718.07089319,24522.68948211,24677.01605649,26437.0375091,48332647295.43001,491250863156.9848,2020,12,December,26,2195.3814110800013,1760.021452609999,7.132229636601939,Increased
2800,Bitcoin,BTC,2020-12-27 23:59:59,28288.84002225,25922.76976496,26439.37328852,26272.29456706,66479895605.09452,488213268382.0132,2020,12,December,27,2366.0702572899972,-167.07872146000227,-0.6319314744595251,Decreased
2801,Bitcoin,BTC,2020-12-28 23:59:59,27389.11206428,26207.63993146,26280.82141511,27084.80788628,49056742892.60884,503339329917.2024,2020,12,December,28,1181.472132820003,803.9864711699993,3.0592136313812173,Increased
2802,Bitcoin,BTC,2020-12-29 23:59:59,27370.7200843,25987.29807483,27081.80972919,27362.4365573,45265946774.40101,508523687096.6884,2020,12,December,29,1383.4220094699995,280.6268281099983,1.0362188897868445,Increased
2803,Bitcoin,BTC,2020-12-30 23:59:59,28937.74000401,27360.08970906,27360.08970906,28840.95341968,51287442703.98229,536033807160.8408,2020,12,December,30,1577.650294949999,1480.8637106200003,5.412495815500298,Increased
2804,Bitcoin,BTC,2020-12-31 23:59:59,29244.87668786,28201.99199364,28841.57375811,29001.71982218,46754964848.18651,539051138107.7861,2020,12,December,31,1042.8846942199998,160.14606406999883,0.5552611844732195,Increased
1151,Bitcoin,BTC,2021-01-01 11:59:59,678.6699829101562,587.4829711914062,665.9149780273438,596.1160278320312,266392992.0,9352374506.6,2021,1,January,1,91.18701171875,-69.7989501953125,-10.481660947480059,Decreased
2805,Bitcoin,BTC,2021-01-01 23:59:59,29600.6269503,28803.58501355,28994.00891641,29374.15188907,40730301358.64019,546001594837.51166,2021,1,January,1,797.0419367499999,380.14297265999994,1.311108697510426,Increased
2806,Bitcoin,BTC,2021-01-02 23:59:59,33155.11881942,29091.18119088,29376.45583414,32127.26793922,67865420765.45639,597205944668.8502,2021,1,January,2,4063.9376285399994,2750.81210508,9.364002657812552,Increased
2807,Bitcoin,BTC,2021-01-03 23:59:59,34608.55673797,32052.31707551,32129.4073556,32782.02446581,78665235201.84283,609409213147.0334,2021,1,January,3,2556.2396624600005,652.6171102099979,2.031214279762462,Increased
2808,Bitcoin,BTC,2021-01-04 23:59:59,33440.21856853,28722.75527058,32810.94764381,31971.91352155,81163475344.18079,594384025390.8551,2021,1,January,4,4717.463297949998,-839.0341222600036,-2.5571773524142416,Decreased
2809,Bitcoin,BTC,2021-01-05 23:59:59,34437.5905918,30221.1867389,31977.04113228,33992.42934365,67547324781.680855,631980005969.6278,2021,1,January,5,4216.403852899999,2015.388211370002,6.3026100602395,Increased
2810,Bitcoin,BTC,2021-01-06 23:59:59,36879.69856854,33514.03374162,34013.614533,36824.36441009,75289433810.59091,684671246323.6501,2021,1,January,6,3365.6648269200014,2810.7498770899983,8.26360243002992,Increased
2811,Bitcoin,BTC,2021-01-07 23:59:59,40180.3679073,36491.18981083,36833.87435728,39371.04235311,84762141031.49448,732062681138.1346,2021,1,January,7,3689.178096470001,2537.167995830001,6.8881377267567965,Increased
2812,Bitcoin,BTC,2021-01-08 23:59:59,41946.73935079,36838.63599637,39381.76584266,40797.61071993,88107519479.50471,758625941266.7522,2021,1,January,8,5108.103354419996,1415.8448772699994,3.595178750812377,Increased
2813,Bitcoin,BTC,2021-01-09 23:59:59,41436.35000639,38980.87690625,40788.64052286,40254.54649816,61984162837.0747,748563483043.1383,2021,1,January,9,2455.4731001399996,-534.0940246999962,-1.3094185485310872,Decreased
2814,Bitcoin,BTC,2021-01-10 23:59:59,41420.19103255,35984.62712175,40254.21779758,38356.43950662,79980747690.35463,713304617760.9486,2021,1,January,10,5435.563910799996,-1897.7782909599991,-4.714483089705173,Decreased
2815,Bitcoin,BTC,2021-01-11 23:59:59,38346.52950301,30549.59876946,38346.52950301,35566.65594049,123320567398.62296,661457321418.0524,2021,1,January,11,7796.930733550002,-2779.873562519999,-7.2493485031071545,Decreased
2816,Bitcoin,BTC,2021-01-12 23:59:59,36568.52697414,32697.97662163,35516.36114084,33922.9605815,74773277909.4566,630920422745.0479,2021,1,January,12,3870.5503525099957,-1593.4005593399997,-4.486384607424662,Decreased
2817,Bitcoin,BTC,2021-01-13 23:59:59,37599.96059774,32584.66767186,33915.11958124,37316.35939997,69364315979.27992,694069582193.7559,2021,1,January,13,5015.2929258799995,3401.239818730006,10.028682961245956,Increased
2818,Bitcoin,BTC,2021-01-14 23:59:59,39966.40524241,36868.5632453,37325.10763475,39187.32812109,63615990033.01017,728904366964.3611,2021,1,January,14,3097.841997110001,1862.2204863400038,4.98918986266033,Increased
2819,Bitcoin,BTC,2021-01-15 23:59:59,39577.71118833,34659.58974449,39156.7080858,36825.36585131,67760757880.723885,685005864471.3622,2021,1,January,15,4918.121443840006,-2331.3422344899955,-5.953876994413241,Decreased
2820,Bitcoin,BTC,2021-01-16 23:59:59,37864.36887891,35633.55401669,36821.64873201,36178.13890106,57706187875.10455,673000645230.8221,2021,1,January,16,2230.814862219995,-643.5098309499954,-1.7476399159459037,Decreased
2821,Bitcoin,BTC,2021-01-17 23:59:59,36722.34987621,34069.32218533,36163.64923243,35791.27792129,52359854336.21185,665831621390.9865,2021,1,January,17,2653.0276908800006,-372.3713111399993,-1.0296840032561558,Decreased
2822,Bitcoin,BTC,2021-01-18 23:59:59,37299.28580604,34883.84404829,35792.23666766,36630.07568284,49511702429.3542,681470030572.0747,2021,1,January,18,2415.441757750006,837.8390151799977,2.3408400624960812,Increased
2823,Bitcoin,BTC,2021-01-19 23:59:59,37755.89185872,36069.80639361,36642.23272357,36069.80639361,57244195485.50075,671081200699.8711,2021,1,January,19,1686.0854651100017,-572.4263299599988,-1.5622037398168356,Decreased
2824,Bitcoin,BTC,2021-01-20 23:59:59,36378.32670045,33570.47780293,36050.11269824,35547.7508855,66834573161.29872,661400102161.1556,2021,1,January,20,2807.8488975200016,-502.3618127400041,-1.3935096873206998,Decreased
2825,Bitcoin,BTC,2021-01-21 23:59:59,35552.67949732,30250.74963896,35549.39740902,30825.69850603,75643067687.74416,573565664943.0017,2021,1,January,21,5301.929858360003,-4723.69890299,-13.287704566804976,Decreased
2826,Bitcoin,BTC,2021-01-22 23:59:59,33811.85156014,28953.372751,30817.62519242,33005.76356216,77207272511.13013,614160521491.5516,2021,1,January,22,4858.4788091400005,2188.138369739998,7.100282244584502,Increased
2827,Bitcoin,BTC,2021-01-23 23:59:59,33360.97818593,31493.15966789,32985.75691326,32067.64288212,48354737975.28921,596733137645.0635,2021,1,January,23,1867.8185180399996,-918.1140311399977,-2.7833650552700324,Decreased
2828,Bitcoin,BTC,2021-01-24 23:59:59,32944.00894195,31106.68577002,32064.37631516,32289.37808687,48643830599.361565,600888568009.5015,2021,1,January,24,1837.3231719299984,225.00177171000178,0.7017188467926669,Increased
2829,Bitcoin,BTC,2021-01-25 23:59:59,34802.74297839,32087.78796567,32285.79891345,32366.39304887,59897054837.94314,602350097075.4393,2021,1,January,25,2714.955012720002,80.59413542000038,0.2496271987447259,Increased
2830,Bitcoin,BTC,2021-01-26 23:59:59,32794.5495902,31030.26596571,32358.6131737,32569.84955679,60255421470.40675,606169260386.9784,2021,1,January,26,1764.2836244899954,211.23638308999944,0.6527980107061118,Increased
2831,Bitcoin,BTC,2021-01-27 23:59:59,32564.03024112,29367.13921776,32564.03024112,30432.54707881,62576762015.46601,566417413553.9666,2021,1,January,27,3196.89102336,-2131.48316231,-6.545514012017113,Decreased
2832,Bitcoin,BTC,2021-01-28 23:59:59,33858.31099229,30023.2068317,30441.0418168,33466.09635821,76517157706.32,622910073819.62,2021,1,January,28,3835.1041605899954,3025.0545414100015,9.937421194765138,Increased
2833,Bitcoin,BTC,2021-01-29 23:59:59,38406.26096472,32064.81418675,34318.6716924,34316.38765032,117894572510.68,638768671361.87,2021,1,January,29,6341.446777969999,-2.2840420799984713,-0.006655391853363256,Decreased
2834,Bitcoin,BTC,2021-01-30 23:59:59,34834.70830094,32940.18691419,34295.9350435,34269.52154165,65141828798.26,637924573283.79,2021,1,January,30,1894.5213867499988,-26.41350185000192,-0.07701642138200862,Decreased
2835,Bitcoin,BTC,2021-01-31 23:59:59,34288.33147504,32270.17602471,34270.87759214,33114.35774753,52754542671.38,616452744533.29,2021,1,January,31,2018.155450330003,-1156.519844610004,-3.374643212741219,Decreased
2836,Bitcoin,BTC,2021-02-01 23:59:59,34638.21348502,32384.22810648,33114.57724298,33537.1768196,61400400660.27,624349044409.12,2021,2,February,1,2253.985378540001,422.5995766199994,1.2761738539470162,Increased
2837,Bitcoin,BTC,2021-02-02 23:59:59,35896.88214463,33489.21867158,33533.20067102,35510.28903716,63088585433.12,661114581663.76,2021,2,February,2,2407.663473050001,1977.0883661400003,5.895913084874824,Increased
2838,Bitcoin,BTC,2021-02-03 23:59:59,37480.18789413,35443.98272623,35510.82121346,37472.09010368,61166818158.83,697672910488.43,2021,2,February,3,2036.2051678999997,1961.2688902199952,5.523017556903462,Increased
2839,Bitcoin,BTC,2021-02-04 23:59:59,38592.17637724,36317.49880728,37475.10402915,36926.06446515,68838074391.61,687542752523.24,2021,2,February,4,2274.677569960004,-549.0395640000061,-1.4650781584833914,Decreased
2840,Bitcoin,BTC,2021-02-05 23:59:59,38225.90594551,36658.76353663,36931.54564785,38144.30686267,58598066402.24,710266752533.8,2021,2,February,5,1567.1424088799977,1212.7612148199987,3.2838084449102944,Increased
2841,Bitcoin,BTC,2021-02-06 23:59:59,40846.54690329,38138.38833975,38138.38833975,39266.01073494,71326033652.98,731192490092.84,2021,2,February,6,2708.158563539997,1127.6223951899956,2.956659796803011,Increased
2842,Bitcoin,BTC,2021-02-07 23:59:59,39621.8354917,37446.15388489,39250.1905137,38903.44147971,65500641143.12,724478833211.11,2021,2,February,7,2175.6816068100015,-346.74903398999595,-0.8834327412218946,Decreased
2843,Bitcoin,BTC,2021-02-08 23:59:59,46203.93143652,38076.32280719,38886.82728995,46196.46371944,101467222686.67,860342706259.7,2021,2,February,8,8127.608629329996,7309.636429489998,18.797204449176334,Increased
2844,Bitcoin,BTC,2021-02-09 23:59:59,48003.72396182,45166.96004492,46184.99146609,46481.10423596,91809846885.69,865682956618.92,2021,2,February,9,2836.763916899996,296.1127698700002,0.6411450137160087,Increased
2845,Bitcoin,BTC,2021-02-10 23:59:59,47145.56819859,43881.1525986,46469.76120204,44918.18449192,87301089896.44,836616907526.53,2021,2,February,10,3264.415599990003,-1551.5767101199963,-3.3388953805337884,Decreased
2846,Bitcoin,BTC,2021-02-11 23:59:59,48463.46712511,44187.7623505,44898.71161149,47909.33119483,81388911809.85,892364856135.99,2021,2,February,11,4275.70477461,3010.619583340005,6.705358517614032,Increased
2847,Bitcoin,BTC,2021-02-12 23:59:59,48745.73380014,46424.97781781,47877.03437451,47504.85118326,76555041195.79,884874050611.84,2021,2,February,12,2320.755982329996,-372.1831912500056,-0.7773731103281494,Decreased
2848,Bitcoin,BTC,2021-02-13 23:59:59,48047.74459107,46392.28233345,47491.20255503,47105.51747252,70250456155.05,877478894463.66,2021,2,February,13,1655.4622576199981,-385.6850825100046,-0.8121190068057246,Decreased
2849,Bitcoin,BTC,2021-02-14 23:59:59,49487.64087275,47114.50958649,47114.50958649,48717.2902111,71248675228.22,907551330153.22,2021,2,February,14,2373.1312862600025,1602.7806246100008,3.4018832811317115,Increased
2850,Bitcoin,BTC,2021-02-15 23:59:59,48875.57161074,46347.47709171,48696.53665993,47945.05683234,77069903166.39,893210080038.98,2021,2,February,15,2528.094519029997,-751.479827590003,-1.5431894732841627,Decreased
2851,Bitcoin,BTC,2021-02-16 23:59:59,50341.10325246,47201.30375472,47944.45800728,49199.87134362,77049582885.51,916623418253.64,2021,2,February,16,3139.7994977400012,1255.413336339996,2.618474352446264,Increased
2852,Bitcoin,BTC,2021-02-17 23:59:59,52533.91431173,49072.3771403,49207.27643233,52149.00753587,80820545404.32,971611626454.28,2021,2,February,17,3461.537171429998,2941.731103539998,5.978244107018351,Increased
2853,Bitcoin,BTC,2021-02-18 23:59:59,52474.10724863,51015.76455379,52140.97271656,51679.79669449,52054723578.67,962915078024.48,2021,2,February,18,1458.342694840001,-461.17602206999436,-0.88447913040856,Decreased
2854,Bitcoin,BTC,2021-02-19 23:59:59,56113.65054685,50937.27572157,51675.98128513,55888.13368221,63495496917.85,1041380696669.48,2021,2,February,19,5176.374825280007,4212.152397079997,8.151083525320619,Increased
2855,Bitcoin,BTC,2021-02-20 23:59:59,57505.22818745,54626.5597762,55887.33571358,56099.52051348,68145460025.92,1045371087640.23,2021,2,February,20,2878.6684112499934,212.1847998999947,0.37966526260516675,Increased
2856,Bitcoin,BTC,2021-02-21 23:59:59,58330.57214185,55672.60951328,56068.56824551,57539.9436679,51897585190.58,1072263294724.94,2021,2,February,21,2657.962628570007,1471.375422389996,2.6242429019182674,Increased
2857,Bitcoin,BTC,2021-02-22 23:59:59,57533.38932549,48967.56518819,57532.73886407,54207.31906543,92052420331.57,1010205212981.29,2021,2,February,22,8565.824137300006,-3325.419798640003,-5.780047785482318,Decreased
2858,Bitcoin,BTC,2021-02-23 23:59:59,54204.92975578,45290.59026818,54204.92975578,48824.42686909,106102492824.11,909925854460.21,2021,2,February,23,8914.339487600002,-5380.502886690003,-9.926224258442595,Decreased
2859,Bitcoin,BTC,2021-02-24 23:59:59,51290.13669492,47213.49816173,48835.08766112,49705.33331637,63695521388.34,926393090750.51,2021,2,February,24,4076.638533190002,870.2456552500007,1.7820089958451037,Increased
2860,Bitcoin,BTC,2021-02-25 23:59:59,51948.96698227,47093.85301914,49709.08242476,47093.85301914,54506565949.11,877766126138.33,2021,2,February,25,4855.113963130003,-2615.2294056200044,-5.261069563250203,Decreased
2861,Bitcoin,BTC,2021-02-26 23:59:59,48370.78525976,44454.84211387,47180.4640539,46339.76008289,350967941479.06,863752275053.08,2021,2,February,26,3915.94314589,-840.7039710099998,-1.7818900001694793,Decreased
2862,Bitcoin,BTC,2021-02-27 23:59:59,48253.27010115,45269.0257658,46344.77223734,46188.45127539,45910946381.8,860978135421.44,2021,2,February,27,2984.2443353500057,-156.32096195000486,-0.33730009751576034,Decreased
2863,Bitcoin,BTC,2021-02-28 23:59:59,46716.43099302,43241.61822653,46194.01635186,45137.77046805,53443887450.79,841428977514.57,2021,2,February,28,3474.812766490002,-1056.2458838099992,-2.2865426460530522,Decreased
2864,Bitcoin,BTC,2021-03-01 23:59:59,49784.01528954,45115.09311478,45159.50305253,49631.24137077,53891300112.16,925235527882.27,2021,3,March,1,4668.922174760002,4471.738318240001,9.902098154265401,Increased
2865,Bitcoin,BTC,2021-03-02 23:59:59,50127.50988383,47228.84534569,49612.10703748,48378.98805435,47530897720.12,901933683269.16,2021,3,March,2,2898.664538139994,-1233.1189831299998,-2.4855202827778045,Decreased
2866,Bitcoin,BTC,2021-03-03 23:59:59,52535.1357839,48274.32049678,48415.8149783,50538.24341445,53220811974.56,942236576904.51,2021,3,March,3,4260.81528712,2122.428436150003,4.38375030369989,Increased
2867,Bitcoin,BTC,2021-03-04 23:59:59,51735.09105293,47656.92904603,50522.30503036,48561.1661539,52343816679.73,905414104807.24,2021,3,March,4,4078.1620068999982,-1961.1388764600051,-3.8817288231039977,Decreased
2868,Bitcoin,BTC,2021-03-05 23:59:59,49396.43086209,46542.51494044,48527.03198074,48927.3045548,48625928883.43,912285065720.02,2021,3,March,5,2853.9159216499975,400.2725740599999,0.8248445407064354,Increased
2869,Bitcoin,BTC,2021-03-06 23:59:59,49147.21821972,47257.5269076,48899.23078213,48912.38173056,34363564660.53,912054166028.5,2021,3,March,6,1889.691312120005,13.150948430004064,0.026893978125336927,Increased
2870,Bitcoin,BTC,2021-03-07 23:59:59,51384.36601025,48918.6802649,48918.6802649,51206.69295308,43137459377.73,954880954584.64,2021,3,March,7,2465.685745349998,2288.012688179995,4.677175826882811,Increased
2871,Bitcoin,BTC,2021-03-08 23:59:59,52314.06880137,49506.05345768,51174.1169466,52246.52230995,48597428048.17,974321883623.25,2021,3,March,8,2808.01534369,1072.4053633500007,2.0956011111418915,Increased
2872,Bitcoin,BTC,2021-03-09 23:59:59,54824.11781138,51981.83131223,52272.96978194,54824.11781138,50912227384.88,1022439972862.18,2021,3,March,9,2842.2864991499955,2551.1480294399953,4.880434457966078,Increased
2873,Bitcoin,BTC,2021-03-10 23:59:59,57258.25497592,53290.89116852,54824.01119917,56008.54940114,57295577613.75,1044580057477.4,2021,3,March,10,3967.3638073999973,1184.5382019699973,2.1606193637796616,Increased
2874,Bitcoin,BTC,2021-03-11 23:59:59,58091.0627026,54484.59308946,55963.18008858,57805.12301924,56772343594.84,1078135604117.97,2021,3,March,11,3606.469613139998,1841.9429306600068,3.2913478607622566,Increased
2875,Bitcoin,BTC,2021-03-12 23:59:59,57996.61948977,55376.6500885,57821.21874746,57332.08896391,55689944702.29,1069366321843.62,2021,3,March,12,2619.9694012699983,-489.12978355000087,-0.8459347522339931,Decreased
2876,Bitcoin,BTC,2021-03-13 23:59:59,61683.86401412,56217.97238151,57343.37024739,61243.08476552,60669829814.23,1142369158666.94,2021,3,March,13,5465.891632610001,3899.71451813,6.800637111676387,Increased
2877,Bitcoin,BTC,2021-03-14 23:59:59,61597.91839583,59302.31697742,61221.13429704,59302.31697742,43901225563.85,1106226132524.59,2021,3,March,14,2295.6014184099986,-1918.8173196200005,-3.1342400653833917,Decreased
2878,Bitcoin,BTC,2021-03-15 23:59:59,60540.99271158,55393.16536281,59267.4290492,55907.20022619,66419369889.68,1042946024859.64,2021,3,March,15,5147.827348769999,-3360.228823010002,-5.669604497641624,Decreased
2879,Bitcoin,BTC,2021-03-16 23:59:59,56833.17978025,53555.02773503,55840.78651437,56804.90123161,59749798598.67,1059745818423.03,2021,3,March,16,3278.1520452199984,964.1147172400015,1.7265421521093682,Increased
2880,Bitcoin,BTC,2021-03-17 23:59:59,58969.81634559,54528.62716687,56825.82889756,58870.89333325,60258313191.17,1098337655326.54,2021,3,March,17,4441.18917872,2045.0644356900011,3.598829045462129,Increased
2881,Bitcoin,BTC,2021-03-18 23:59:59,60116.24964434,54253.58000473,58893.078058,57858.92070527,55746041000.38,1079511086884.33,2021,3,March,18,5862.6696396100015,-1034.1573527299988,-1.7559913436881731,Decreased
2882,Bitcoin,BTC,2021-03-19 23:59:59,59498.37646021,56643.70148588,57850.44063985,58346.65297359,49063873785.5,1088666450746.46,2021,3,March,19,2854.674974329995,496.2123337399971,0.8577503096807592,Increased
2883,Bitcoin,BTC,2021-03-20 23:59:59,60031.2869743,58213.29736375,58332.26220538,58313.64260857,50361731221.71,1088105221977.52,2021,3,March,20,1817.9896105499938,-18.619596810000075,-0.031919894936429855,Decreased
2884,Bitcoin,BTC,2021-03-21 23:59:59,58767.89678899,56005.61700987,58309.91303265,57523.42098673,51943414539.37,1073417235408.43,2021,3,March,21,2762.279779119999,-786.4920459200002,-1.3488136150702412,Decreased
2885,Bitcoin,BTC,2021-03-22 23:59:59,58471.47864713,54288.1580282,57517.89148833,54529.14561107,56521454974.29,1017595269117.06,2021,3,March,22,4183.320618930004,-2988.7458772600003,-5.196202085861226,Decreased
2886,Bitcoin,BTC,2021-03-23 23:59:59,55985.44014058,53470.6933802,54511.66203198,54738.94493032,56435023913.75,1021563479682.18,2021,3,March,23,2514.7467603800033,227.28289834000316,0.41694362246130856,Increased
2887,Bitcoin,BTC,2021-03-24 23:59:59,57262.38293272,52514.33339864,54710.48908407,52774.26369049,70567223786.51,984948142897.89,2021,3,March,24,4748.049534079997,-1936.2253935800036,-3.5390387218157264,Decreased
2888,Bitcoin,BTC,2021-03-25 23:59:59,53392.38600133,50856.5686854,52726.7455686,51704.1619252,67999812841.02,965028762665.7,2021,3,March,25,2535.8173159299986,-1022.5836434000012,-1.9394021617920099,Decreased
2889,Bitcoin,BTC,2021-03-26 23:59:59,55137.31372578,51579.85505711,51683.0100897,55137.31372578,56652197977.51,1029150697411.15,2021,3,March,26,3557.4586686699986,3454.303636079996,6.6836347768537,Increased
2890,Bitcoin,BTC,2021-03-27 23:59:59,56568.2160496,54242.90967619,55137.56723702,55973.51084173,47266542233.37,1044814147411.6,2021,3,March,27,2325.3063734099997,835.9436047100025,1.5161053463177467,Increased
2891,Bitcoin,BTC,2021-03-28 23:59:59,56610.31196825,55071.11199378,55974.94118696,55950.7457745,47686580917.99,1044446559059.06,2021,3,March,28,1539.1999744699933,-24.195412460001535,-0.043225436145055085,Decreased
2892,Bitcoin,BTC,2021-03-29 23:59:59,58342.09641112,55139.34175909,55947.8989665,57750.19987147,57625587027.04,1078088296476.71,2021,3,March,29,3202.754652030002,1802.300904970005,3.2213915772765147,Increased
2893,Bitcoin,BTC,2021-03-30 23:59:59,59447.22403098,57251.5506051,57750.13284273,58917.6930451,54414116432.02,1099939890804.41,2021,3,March,30,2195.673425880006,1167.5602023699976,2.021744617539834,Increased
2894,Bitcoin,BTC,2021-03-31 23:59:59,59930.02716002,57726.41877444,58930.27778393,58918.83271375,65520826225.39,1100016786762.56,2021,3,March,31,2203.6083855800025,-11.445070180001494,-0.019421374903348085,Decreased
2895,Bitcoin,BTC,2021-04-01 23:59:59,59586.0722493,58505.27905354,58926.56414734,59095.80797806,61669163792.39,1103377830758.3,2021,4,April,1,1080.7931957600013,169.2438307199991,0.287211435400886,Increased
2896,Bitcoin,BTC,2021-04-02 23:59:59,60267.18765009,58869.27996831,59098.87907036,59384.3133586,58727860620.12,1108813863082.86,2021,4,April,2,1397.9076817800014,285.4342882399942,0.48297749928585143,Increased
2897,Bitcoin,BTC,2021-04-03 23:59:59,60110.26846076,57603.88917376,59397.40846193,57603.88917376,59641344483.62,1075617261180.33,2021,4,April,3,2506.3792870000034,-1793.5192881699986,-3.0195244786134596,Decreased
2898,Bitcoin,BTC,2021-04-04 23:59:59,58913.74779189,57168.67578229,57604.83861776,58758.55629127,50749662969.7,1097232660348.16,2021,4,April,4,1745.0720095999932,1153.7176735100002,2.0028138281326604,Increased
2899,Bitcoin,BTC,2021-04-05 23:59:59,59891.2969082,57694.82602134,58760.87326121,59057.87896588,60706272114.62,1102880790089.18,2021,4,April,5,2196.470886859999,297.00570467000216,0.5054480782641219,Increased
2900,Bitcoin,BTC,2021-04-06 23:59:59,59479.57855171,57646.80889002,59171.93202224,58192.35868406,66058027987.88,1086769183294.56,2021,4,April,6,1832.7696616899993,-979.5733381800019,-1.6554695861744475,Decreased
2901,Bitcoin,BTC,2021-04-07 23:59:59,58731.14290107,55604.02359245,58186.50853398,56048.93781271,75645303583.61,1046793054752.58,2021,4,April,7,3127.11930862,-2137.57072127,-3.6736535240324524,Decreased
2902,Bitcoin,BTC,2021-04-08 23:59:59,58338.73822544,55879.08419515,56099.91311078,58323.95357975,53053855641.35,1089334328138.76,2021,4,April,8,2459.654030290003,2224.040468970001,3.964427653529887,Increased
2903,Bitcoin,BTC,2021-04-09 23:59:59,58937.04651601,57807.86384217,58326.56361984,58245.00300108,46655208545.71,1087911057869.8,2021,4,April,9,1129.1826738399977,-81.56061876000604,-0.13983443168639353,Decreased
2904,Bitcoin,BTC,2021-04-10 23:59:59,61276.66536564,58038.70627787,58253.77680886,59793.23541009,58238470525.26,1116889802872.23,2021,4,April,10,3237.959087770003,1539.4586012299987,2.6426760384673598,Increased
2905,Bitcoin,BTC,2021-04-11 23:59:59,60790.55531507,59289.79563078,59846.23078558,60204.96491379,46280252580.42,1124635848775.45,2021,4,April,11,1500.759684290002,358.7341282099951,0.5994264358858041,Increased
2906,Bitcoin,BTC,2021-04-12 23:59:59,61253.0369158,59589.87375623,60175.94475711,59893.45188869,51828688519.48,1118871072068.9,2021,4,April,12,1663.1631595700019,-282.49286842000583,-0.46944484139009435,Decreased
2907,Bitcoin,BTC,2021-04-13 23:59:59,63742.28333718,59869.95629306,59890.01779033,63503.45793019,69983454361.84,1186364044140.27,2021,4,April,13,3872.32704412,3613.440139860002,6.033459787088989,Increased
2908,Bitcoin,BTC,2021-04-14 23:59:59,64863.0989077,61554.79669042,63523.75486927,63109.69593464,77451779687.04,1179061093980.42,2021,4,April,14,3308.3022172799974,-414.05893462999666,-0.6518174743953937,Decreased
2909,Bitcoin,BTC,2021-04-15 23:59:59,63821.67219266,62208.96436559,63075.19622093,63314.01084504,60954381579.31,1182945492744.41,2021,4,April,15,1612.7078270700003,238.81462410999666,0.37861891586276464,Increased
2910,Bitcoin,BTC,2021-04-16 23:59:59,63594.72091303,60222.53207871,63258.50517438,61572.78960116,84293007467.97,1150457156739.61,2021,4,April,16,3372.1888343200044,-1685.7155732199972,-2.6648046275723885,Decreased
2911,Bitcoin,BTC,2021-04-17 23:59:59,62572.17605057,60361.35217909,61529.92099734,60683.82123331,66138759198.01,1133882479236.77,2021,4,April,17,2210.8238714800027,-846.0997640299975,-1.3751029585534087,Decreased
2912,Bitcoin,BTC,2021-04-18 23:59:59,61057.45650886,52829.53592647,60701.88609331,56216.18500243,97468872758.37,1050445401609.72,2021,4,April,18,8227.920582389997,-4485.70109088,-7.389722757518029,Decreased
2913,Bitcoin,BTC,2021-04-19 23:59:59,57520.05477733,54368.59365509,56191.5841095,55724.26709807,65344865158.77,1041287672153.73,2021,4,April,19,3151.461122239998,-467.317011430001,-0.8316494699977577,Decreased
2914,Bitcoin,BTC,2021-04-20 23:59:59,57062.1502465,53448.04838457,55681.79251074,56473.0322808,67849323955.2,1055323526514.09,2021,4,April,20,3614.101861930001,791.2397700599977,1.4210026911532743,Increased
2915,Bitcoin,BTC,2021-04-21 23:59:59,56757.97158884,53695.4703347,56471.12771923,53906.08804584,54926612465.71,1007389534360.43,2021,4,April,21,3062.501254139999,-2565.039673389998,-4.542214361546264,Decreased
2916,Bitcoin,BTC,2021-04-22 23:59:59,55410.22866494,50583.81405608,53857.10689483,51762.27205146,74798630777.5,967372472375.28,2021,4,April,22,4826.4146088599955,-2094.834843370001,-3.889616364764469,Decreased
2917,Bitcoin,BTC,2021-04-23 23:59:59,52120.79164545,47714.66215249,51739.80692966,51093.65070999,86668667320.38,954919230091.93,2021,4,April,23,4406.129492960004,-646.1562196700033,-1.248857036804272,Decreased
2918,Bitcoin,BTC,2021-04-24 23:59:59,51167.56335742,48805.2846976,51143.22627463,50050.86821565,49014494780.62,935471648213.36,2021,4,April,24,2362.2786598199964,-1092.3580589799967,-2.1358802299921966,Decreased
2919,Bitcoin,BTC,2021-04-25 23:59:59,50506.01909839,47159.48584083,50052.83164893,49004.25326318,46117114240.1,915955943256.31,2021,4,April,25,3346.533257560004,-1048.5783857499991,-2.0949431854419673,Decreased
2920,Bitcoin,BTC,2021-04-26 23:59:59,54288.00215537,48852.79684295,49077.79236302,54021.75478737,58284039824.62,1009780042661.05,2021,4,April,26,5435.205312419996,4943.96242435,10.073726193265497,Increased
2921,Bitcoin,BTC,2021-04-27 23:59:59,55416.96405761,53319.18665411,54030.30371848,55033.11801332,49448222756.59,1028733359592.48,2021,4,April,27,2097.7774034999966,1002.8142948400055,1.856021946619213,Increased
2922,Bitcoin,BTC,2021-04-28 23:59:59,56227.20564809,53887.91781682,55036.63741947,54824.70489507,48000572954.78,1024888208734.36,2021,4,April,28,2339.2878312699977,-211.93252439999924,-0.38507535041562163,Decreased
2923,Bitcoin,BTC,2021-04-29 23:59:59,55115.84415438,52418.02844504,54858.09149222,53555.10849133,46088929779.74,1001193634071.78,2021,4,April,29,2697.8157093400005,-1302.9830008900026,-2.3751883549845916,Decreased
2924,Bitcoin,BTC,2021-04-30 23:59:59,57900.71998842,53129.6008774,53568.66358369,57750.17734563,52395931984.68,1079669884319.7,2021,4,April,30,4771.119111020002,4181.5137619399975,7.805895242107811,Increased
2925,Bitcoin,BTC,2021-05-01 23:59:59,58448.33881062,57052.2741756,57714.66485835,57828.05063222,42836427359.73,1081174515342.54,2021,5,May,1,1396.0646350199968,113.3857738700026,0.1964592086747572,Increased
2926,Bitcoin,BTC,2021-05-02 23:59:59,57902.59217082,56141.90651506,57825.86281955,56631.07741255,38177405335.16,1058862005057.49,2021,5,May,2,1760.6856557599967,-1194.7854069999958,-2.0661782613229907,Decreased
2927,Bitcoin,BTC,2021-05-03 23:59:59,58973.30843091,56590.86914497,56620.27262011,57200.29122289,51713139031.03,1069563935453.09,2021,5,May,3,2382.439285940003,580.018602780001,1.0244009361657398,Increased
2928,Bitcoin,BTC,2021-05-04 23:59:59,57214.17876121,53191.42503284,57214.17876121,53333.53775274,68564706967.26,997324142593.09,2021,5,May,4,4022.7537283700003,-3880.6410084700037,-6.782656139601878,Decreased
2929,Bitcoin,BTC,2021-05-05 23:59:59,57911.36359718,52969.05536281,53252.16476125,57424.00594813,69241316746.83,1073873012866.68,2021,5,May,5,4942.308234370001,4171.841186879996,7.834125064368687,Increased
2930,Bitcoin,BTC,2021-05-06 23:59:59,58363.3146181,55382.50610418,57441.30708417,56396.51416376,69523285105.78,1054714918674.96,2021,5,May,6,2980.8085139199975,-1044.79292041,-1.8188877890244421,Decreased
2931,Bitcoin,BTC,2021-05-07 23:59:59,58606.63396719,55321.84671038,56413.95355125,57356.40187692,68434023376.24,1072727435210.46,2021,5,May,7,3284.7872568099992,942.4483256699968,1.6705943589183432,Increased
2932,Bitcoin,BTC,2021-05-08 23:59:59,59464.61249257,56975.21065264,57352.7659529,58803.77580865,65382980633.81,1099863941004.24,2021,5,May,8,2489.4018399299966,1451.0098557500023,2.529973631858697,Increased
2933,Bitcoin,BTC,2021-05-09 23:59:59,59210.88178942,56482.00354511,58877.3886984,58232.3161419,65906690347.3,1089244557675.56,2021,5,May,9,2728.878244309999,-645.0725564999957,-1.0956201875806453,Decreased
2934,Bitcoin,BTC,2021-05-10 23:59:59,59519.35442559,54071.45537889,58250.87253094,55859.79754454,71776546298.3,1044927337817.5,2021,5,May,10,5447.899046699997,-2391.0749864000027,-4.104788276141239,Decreased
2935,Bitcoin,BTC,2021-05-11 23:59:59,56872.54492059,54608.65245902,55847.24104211,56704.5730585,61308396325.32,1060790877191.62,2021,5,May,11,2263.8924615700016,857.3320163899989,1.5351376368683145,Increased
2936,Bitcoin,BTC,2021-05-12 23:59:59,57939.36241484,49150.53387514,56714.53316738,49150.53387514,75215403906.65,919527847949.71,2021,5,May,12,8788.8285397,-7563.999292240005,-13.336968268638635,Decreased
2937,Bitcoin,BTC,2021-05-13 23:59:59,51330.84358607,46980.01875184,49735.43206467,49716.19160254,96721152925.69,930161010060.1,2021,5,May,13,4350.824834229999,-19.240462130001106,-0.03868562377216933,Decreased
2938,Bitcoin,BTC,2021-05-14 23:59:59,51438.11908462,48868.57828576,49682.9818555,49880.53342038,55737497452.61,933276901264.97,2021,5,May,14,2569.540798859998,197.5515648799992,0.39762421155510785,Increased
2939,Bitcoin,BTC,2021-05-15 23:59:59,50639.66532796,46664.141871,49855.49465011,46760.18656071,59161047474.43,874931019742.08,2021,5,May,15,3975.5234569599997,-3095.3080894000013,-6.208559580289255,Decreased
2940,Bitcoin,BTC,2021-05-16 23:59:59,49720.04462248,43963.35018635,46716.63798759,46456.05847448,64047871555.0,869279076502.07,2021,5,May,16,5756.694436130005,-260.57951311000215,-0.5577873843987309,Decreased
2941,Bitcoin,BTC,2021-05-17 23:59:59,46623.55822816,42207.28810587,46415.89925412,43537.51138918,74903638449.84,814701646509.05,2021,5,May,17,4416.27012229,-2878.3878649399994,-6.201297208918141,Decreased
2942,Bitcoin,BTC,2021-05-18 23:59:59,45812.45840792,42367.83145309,43488.05798819,42909.40092517,56187365083.94,802974346862.95,2021,5,May,18,3444.626954829997,-578.6570630200004,-1.330611413315227,Decreased
2943,Bitcoin,BTC,2021-05-19 23:59:59,43546.1164845,30681.49691178,42944.97544731,37002.4404659,126358098746.69,692452570146.78,2021,5,May,19,12864.619572720003,-5942.534981409997,-13.837555894521364,Decreased
2944,Bitcoin,BTC,2021-05-20 23:59:59,42462.98498552,35050.61582451,36753.66970802,40782.73826245,88281943358.63,763195929021.93,2021,5,May,20,7412.3691610099995,4029.0685544299995,10.962357191643418,Increased
2945,Bitcoin,BTC,2021-05-21 23:59:59,42172.17361572,33616.45388421,40596.94832252,37304.69067136,82051616861.13,698108789816.73,2021,5,May,21,8555.719731509998,-3292.2576511600055,-8.109618548184617,Decreased
2946,Bitcoin,BTC,2021-05-22 23:59:59,38831.05443914,35383.68375136,37371.02990629,37536.63111241,57377273240.44,702449253648.34,2021,5,May,22,3447.370687780007,165.60120612000173,0.44312722056431475,Increased
2947,Bitcoin,BTC,2021-05-23 23:59:59,38289.21812026,31227.33943257,37531.4484526,34770.58362292,78469274360.73,650686270744.28,2021,5,May,23,7061.878687689998,-2760.864829680002,-7.356137168984595,Decreased
2948,Bitcoin,BTC,2021-05-24 23:59:59,39835.13982978,34551.08054976,34700.363568,38705.97863723,67359584098.36,724332072423.59,2021,5,May,24,5284.059280019996,4005.61506923,11.543438331360598,Increased
2949,Bitcoin,BTC,2021-05-25 23:59:59,39776.34979796,36581.42891576,38795.7802497,38402.22385137,56211915803.14,718829377408.47,2021,5,May,25,3194.9208822,-393.5563983300017,-1.0144309401614495,Decreased
2950,Bitcoin,BTC,2021-05-26 23:59:59,40782.07818311,37905.8348536,38392.62365582,39294.19738214,51346735160.35,735556411166.13,2021,5,May,26,2876.2433295100054,901.573726319999,2.348299335836945,Increased
2951,Bitcoin,BTC,2021-05-27 23:59:59,40379.61767161,37247.90367644,39316.88967818,38436.96853505,43210968720.58,719538129127.79,2021,5,May,27,3131.713995170001,-879.9211431299991,-2.2380232778645657,Decreased
2952,Bitcoin,BTC,2021-05-28 23:59:59,38856.96788502,34779.0394272,38507.08307537,35697.60639024,55200191951.77,668283930066.56,2021,5,May,28,4077.928457820002,-2809.476685130001,-7.295999750567983,Decreased
2953,Bitcoin,BTC,2021-05-29 23:59:59,37234.49847965,33693.92945797,35684.1568817,34616.06800347,45231013334.6,648061013207.76,2021,5,May,29,3540.5690216799994,-1068.0888782300026,-2.993173922452273,Decreased
2954,Bitcoin,BTC,2021-05-30 23:59:59,36400.66888165,33520.73795924,34607.40597914,35678.12920411,31646080921.32,667976638398.15,2021,5,May,30,2879.9309224099998,1070.7232249700028,3.0939135560041486,Increased
2955,Bitcoin,BTC,2021-05-31 23:59:59,37468.24899082,34241.94356094,35658.59295707,37332.85368874,39009847639.28,698990486184.97,2021,5,May,31,3226.305429879998,1674.2607316699941,4.695251811213262,Increased
2956,Bitcoin,BTC,2021-06-01 23:59:59,37896.73619262,35787.08596532,37293.79237447,36684.92451667,34639423297.36,686891021224.93,2021,6,June,1,2109.6502273000006,-608.8678578000035,-1.6326252146370952,Decreased
2957,Bitcoin,BTC,2021-06-02 23:59:59,38231.3391761,35966.30715642,36699.92291982,37575.17957566,33070867189.76,703599671425.41,2021,6,June,2,2265.032019680002,875.2566558399994,2.384900528952643,Increased
2958,Bitcoin,BTC,2021-06-03 23:59:59,39478.95118167,37243.97372784,37599.40994043,39208.76599489,35460750427.01,734224332239.42,2021,6,June,3,2234.9774538300044,1609.3560544599968,4.28026944308369,Increased
2959,Bitcoin,BTC,2021-06-04 23:59:59,39242.48626197,35717.72230304,39242.48626197,36894.40532994,41831090186.61,690915072092.8,2021,6,June,4,3524.7639589300015,-2348.080932030003,-5.983517242906026,Decreased
2960,Bitcoin,BTC,2021-06-05 23:59:59,37917.71414924,34900.41223702,36880.15597053,35551.95872588,35959473399.07,665804639832.8,2021,6,June,5,3017.3019122199985,-1328.1972446500004,-3.601387276429441,Decreased
2961,Bitcoin,BTC,2021-06-06 23:59:59,36436.42096405,35304.58007817,35538.60872998,35862.37772747,28913440584.92,671652557855.14,2021,6,June,6,1131.8408858799958,323.7689974899986,0.9110345313458218,Increased
2962,Bitcoin,BTC,2021-06-07 23:59:59,36790.57215572,33480.64124099,35835.26550975,33560.70783776,33683936663.24,628572961758.53,2021,6,June,7,3309.930914730001,-2274.5576719900055,-6.347260553632977,Decreased
2963,Bitcoin,BTC,2021-06-08 23:59:59,34017.38797859,31114.44247046,33589.52085635,33472.63174808,49902050441.89,626954944878.53,2021,6,June,8,2902.9455081300002,-116.88910826999927,-0.3479927825403968,Decreased
2964,Bitcoin,BTC,2021-06-09 23:59:59,37537.37115028,32475.86603066,33416.97785088,37345.12148619,53972919007.62,699516138697.97,2021,6,June,9,5061.50511962,3928.14363531,11.75493383285274,Increased
2965,Bitcoin,BTC,2021-06-10 23:59:59,38334.32544308,35847.5936407,37389.51565087,36702.59937466,43576032853.66,687509421226.28,2021,6,June,10,2486.7318023800035,-686.9162762100023,-1.837189555019065,Decreased
2966,Bitcoin,BTC,2021-06-11 23:59:59,37608.69429327,36044.44991066,36697.03129279,37334.39952553,38699736985.32,699368729838.32,2021,6,June,11,1564.2443826099989,637.368232740002,1.7368386768256865,Increased
2967,Bitcoin,BTC,2021-06-12 23:59:59,37408.92559512,34728.19010076,37340.14284419,35552.51714847,37924228550.01,666018173753.46,2021,6,June,12,2680.7354943600003,-1787.625695720002,-4.787409901400928,Decreased
2968,Bitcoin,BTC,2021-06-13 23:59:59,39322.78021188,34864.10993969,35555.79014042,39097.86089667,40669112837.87,732465659891.78,2021,6,June,13,4458.67027219,3542.0707562499956,9.96200827561796,Increased
2969,Bitcoin,BTC,2021-06-14 23:59:59,40978.36447697,38757.28412199,39016.9701778,40218.47785943,43148914673.17,753471062533.64,2021,6,June,14,2221.0803549799966,1201.5076816299988,3.079448958119348,Increased
2970,Bitcoin,BTC,2021-06-15 23:59:59,41295.26857449,39609.4691963,40427.16992116,40406.26898673,46420149185.33,757029874724.96,2021,6,June,15,1685.7993781900004,-20.900934429999324,-0.05170021663836419,Decreased
2971,Bitcoin,BTC,2021-06-16 23:59:59,40516.77682766,38176.03417592,40168.69037027,38347.06322666,39211635099.63,718494773611.53,2021,6,June,16,2340.7426517400017,-1821.6271436099996,-4.534942829398885,Decreased
2972,Bitcoin,BTC,2021-06-17 23:59:59,39513.67016412,37439.67410798,38341.42380252,38053.50417253,37096670046.76,713025631757.51,2021,6,June,17,2073.9960561400003,-287.9196299899995,-0.7509361975521522,Decreased
2973,Bitcoin,BTC,2021-06-18 23:59:59,38187.26016042,35255.85491821,38099.47705463,35787.24478177,36200887274.95,670589444850.86,2021,6,June,18,2931.4052422099994,-2312.2322728599975,-6.068934409636486,Decreased
2974,Bitcoin,BTC,2021-06-19 23:59:59,36457.79628009,34933.06225074,35854.52922288,35615.86927002,31207279718.5,667400859260.87,2021,6,June,19,1524.734029350002,-238.65995286000543,-0.6656340441020443,Decreased
2975,Bitcoin,BTC,2021-06-20 23:59:59,36059.48351685,33432.07604413,35563.13941499,35698.29644336,36664034054.41,668968868769.75,2021,6,June,20,2627.4074727199986,135.15702836999844,0.38004807953773967,Increased
2976,Bitcoin,BTC,2021-06-21 23:59:59,35721.63963385,31295.93552923,35641.14606474,31676.69373254,52809038593.79,593627575886.55,2021,6,June,21,4425.704104619999,-3964.4523322000023,-11.123245938833765,Decreased
2977,Bitcoin,BTC,2021-06-22 23:59:59,33292.45476399,28893.62165844,31622.37708528,32505.6598245,58964353058.3,609180639389.88,2021,6,June,22,4398.833105549998,883.2827392199979,2.7932205628879174,Increased
2978,Bitcoin,BTC,2021-06-23 23:59:59,34753.40850285,31772.63235532,32515.71430319,33723.0289781,46317108924.69,632011278436.38,2021,6,June,23,2980.776147529996,1207.3146749100015,3.7130190764148647,Increased
2979,Bitcoin,BTC,2021-06-24 23:59:59,35228.85261084,32385.21469567,33682.80040376,34662.43589358,33123368116.18,649643997441.37,2021,6,June,24,2843.637915169995,979.6354898200007,2.908414615403072,Increased
2980,Bitcoin,BTC,2021-06-25 23:59:59,35487.2480035,31350.88385819,34659.10449948,31637.78005541,40230904226.0,592978211189.03,2021,6,June,25,4136.364145309995,-3021.3244440700037,-8.717260551597152,Decreased
2981,Bitcoin,BTC,2021-06-26 23:59:59,32637.58719331,30184.50179358,31594.66357132,32186.27767093,38585385521.38,603276028308.72,2021,6,June,26,2453.08539973,591.6140996100003,1.8725127370782861,Increased
2982,Bitcoin,BTC,2021-06-27 23:59:59,34656.12735553,32071.75714808,32287.52321108,34649.64458753,35511640893.97,649461677014.12,2021,6,June,27,2584.3702074499997,2362.121376449999,7.315895248476036,Increased
2983,Bitcoin,BTC,2021-06-28 23:59:59,35219.89179129,33902.0758922,34679.12222205,34434.33531428,33892523752.03,645442759493.21,2021,6,June,28,1317.8158990899974,-244.78690777000156,-0.7058624673445711,Decreased
2984,Bitcoin,BTC,2021-06-29 23:59:59,36542.11101765,34252.48489199,34475.55969665,35867.77773549,37901460044.3,672333423401.87,2021,6,June,29,2289.6261256599973,1392.218038840001,4.038275378529339,Increased
2985,Bitcoin,BTC,2021-06-30 23:59:59,36074.75975718,34086.15187806,35908.38805414,35040.83724889,34059036099.04,656852513237.54,2021,6,June,30,1988.607879119998,-867.5508052500008,-2.416011556803865,Decreased
2986,Bitcoin,BTC,2021-07-01 23:59:59,35035.98271227,32883.78122635,35035.98271227,33572.11765253,37838957079.15,629339325297.74,2021,7,July,1,2152.201485919999,-1463.8650597399974,-4.178176110434417,Decreased
2987,Bitcoin,BTC,2021-07-02 23:59:59,33939.58869924,32770.68078046,33549.6001774,33897.04858963,38728974942.25,635450784106.09,2021,7,July,2,1168.9079187799944,347.4484122299982,1.0356260891122322,Increased
2988,Bitcoin,BTC,2021-07-03 23:59:59,34909.25989883,33402.69653615,33854.42136155,34668.54840182,24383958643.26,649939701346.23,2021,7,July,3,1506.5633626800045,814.1270402700029,2.404787934714619,Increased
2989,Bitcoin,BTC,2021-07-04 23:59:59,35937.56714724,34396.47745754,34665.56486608,35287.77976616,24924307911.11,661574836314.86,2021,7,July,4,1541.0896896999984,622.2149000799982,1.7949077203378585,Increased
2990,Bitcoin,BTC,2021-07-05 23:59:59,35284.34443007,33213.66103397,35284.34443007,33746.00245614,26721554282.07,632696207199.7,2021,7,July,5,2070.683396100001,-1538.3419739300007,-4.359842867362432,Decreased
2991,Bitcoin,BTC,2021-07-06 23:59:59,35038.53636342,33599.91616924,33723.50965515,34235.19345116,26501259869.76,641899161593.76,2021,7,July,6,1438.6201941799955,511.6837960099947,1.5172910567208837,Increased
2701,Bitcoin,BTC,2021-07-06 23:59:59,11134.0927157,10909.6183675,10933.7526485,11094.3462761,22764204007.5724,205185696336.192,2021,7,July,6,224.47434820000126,160.5936275999993,1.468787823931897,Increased
201,Bitcoin,BTC,2021-07-06 23:59:59,437.8900146484375,396.1099853515625,419.4100036621094,417.9500122070313,0.0,5013561020.0,2021,7,July,6,41.780029296875,-1.4599914550780682,-0.34810601614888653,Decreased
2051,Bitcoin,BTC,2021-07-06 23:59:59,3685.30559965,3469.09435766,3473.22762038,3614.23427278,4947372847.28064,62942160928.0342,2021,7,July,6,216.21124199000042,141.0066523999999,4.059816050425528,Increased
